cluster_id,agent_i,agent_j,mean,std,var,q1,q3,count,cluster_size
0,0,0,0.0043800137434147025,0.019736654146628257,0.0003895355169036184,-0.010584996081888676,0.019134325440973043,2412,2412
0,0,1,0.00019422948467977667,0.008358949921132626,6.987204378400313e-05,-0.006036766804754734,0.00571862468495965,2412,2412
0,0,2,0.00029234752064002413,0.008718236708690938,7.600765130876619e-05,-0.005802426370792091,0.006450395565479994,2412,2412
0,1,0,0.00019422950362381225,0.008358949962416429,6.987204447418162e-05,-0.0060367651749402285,0.005718626081943512,2412,2412
0,1,1,-0.01645269673771483,0.0213728921453983,0.0004568005186588282,-0.03203148115426302,-0.0023344464716501534,2412,2412
0,1,2,-0.005546775092810986,0.010857277884663273,0.00011788048306479821,-0.013781500747427344,0.0022883685305714607,2412,2412
0,2,0,0.0002923475778341188,0.00871823686761098,7.600765407977131e-05,-0.005802422063425183,0.006450398010201752,2412,2412
0,2,1,-0.005546775189558296,0.010857277951883192,0.00011788048452444887,-0.01378149795345962,0.0022883686469867826,2412,2412
0,2,2,0.007230066424783028,0.01792960347121451,0.0003214706806349874,-0.005839024670422077,0.020667497534304857,2412,2412
1,0,0,-0.003057712923329661,0.01647843347248817,0.0002715387697072186,-0.014679276617243886,0.008515995927155018,1678,1678
1,0,1,-0.003538240362282041,0.007776944081635403,6.048085924888393e-05,-0.009177682921290398,0.0020726503571495414,1678,1678
1,0,2,0.0029088031181164257,0.009526734113560779,9.07586628704827e-05,-0.00418323278427124,0.01018602424301207,1678,1678
1,1,0,-0.003538240477483258,0.007776944154214951,6.048086037777809e-05,-0.009177687345072627,0.0020726495422422886,1678,1678
1,1,1,0.007749632933980167,0.021640151873381457,0.00046829617310301493,-0.007233974640257657,0.02444635285064578,1678,1678
1,1,2,0.004120240181029433,0.012294545916429951,0.0001511558592912044,-0.005274152033962309,0.013730476144701242,1678,1678
1,2,0,0.0029088030987254347,0.009526734234965745,9.075866518366837e-05,-0.004183231620118022,0.010186021914705634,1678,1678
1,2,1,0.004120240262027578,0.01229454596675878,0.00015115586052874457,-0.0052741499384865165,0.013730471022427082,1678,1678
1,2,2,0.006596274989432598,0.018153712742903817,0.00032955728635186845,-0.006476794951595366,0.01955470023676753,1678,1678
2,0,0,-0.004191388076938266,0.013120520140991162,0.00017214804877015472,-0.012150277383625507,0.003250048670452088,2116,2116
2,0,1,-0.003917121982417544,0.007015192206238277,4.921292169046627e-05,-0.008530828170478344,0.0006520045862998813,2116,2116
2,0,2,0.00419386818462878,0.008132729874361,6.614129520932388e-05,-0.0006476980342995375,0.009684283286333084,2116,2116
2,1,0,-0.003917122036547093,0.007015192253479082,4.921292235327293e-05,-0.008530825609341264,0.0006519994349218905,2116,2116
2,1,1,-0.004329131981195083,0.013713779818510283,0.0001880677569105799,-0.013522336026653647,0.003667173266876489,2116,2116
2,1,2,-0.0014550585610382057,0.007487043501552662,5.605582039414195e-05,-0.006270195357501507,0.003160346415825188,2116,2116
2,2,0,0.004193868296670275,0.00813272984601372,6.614129474824232e-05,-0.0006476966664195061,0.009684286778792739,2116,2116
2,2,1,-0.0014550587380337834,0.0074870435591208855,5.605582125617353e-05,-0.006270197802223265,0.003160346474032849,2116,2116
2,2,2,-0.005978468617476965,0.012330344994127428,0.0001520374076742033,-0.014661555178463459,0.002316802623681724,2116,2116
3,0,0,0.015689166447273473,0.014012940739949359,0.0001963625081813325,0.005854993127286434,0.02485063672065735,2433,2433
3,0,1,-0.004857082611498313,0.006212363725414142,3.8593463056841475e-05,-0.009020576253533363,-0.0009856285760179162,2433,2433
3,0,2,-0.011522641322900687,0.009050457701449861,8.191078460573312e-05,-0.017583385109901428,-0.00531280692666769,2433,2433
3,1,0,-0.004857082567310253,0.006212363787121175,3.859346382353455e-05,-0.009020579978823662,-0.000985628692433238,2433,2433
3,1,1,0.031797326128997605,0.01696966342615774,0.0002879694767970756,0.019341588020324707,0.044378798454999924,2433,2433
3,1,2,0.003946212094563852,0.010201328990536199,0.00010406711317315431,-0.003115118481218815,0.011761274188756943,2433,2433
3,2,0,-0.011522641321118332,0.009050457736171993,8.191078523423548e-05,-0.01758338324725628,-0.005312811117619276,2433,2433
3,2,1,0.003946212113248678,0.010201328877008602,0.00010406711085688958,-0.0031151166185736656,0.011761276051402092,2433,2433
3,2,2,0.012346713334051919,0.015542473914683524,0.0002415684953886178,0.0011401446536183357,0.023540031164884567,2433,2433
4,0,0,0.00780053894882142,0.0121421638718317,0.00014743214349041496,1.4745979569852352e-05,0.014774048700928688,2239,2239
4,0,1,-0.0011249087145203678,0.0061110014752836115,3.734433903091847e-05,-0.005208625458180904,0.002782643656246364,2239,2239
4,0,2,-0.013489349022362707,0.008354298042559263,6.979429578390952e-05,-0.019365692511200905,-0.0082514937967062,2239,2239
4,1,0,-0.0011249085608121072,0.006111001394243171,3.734433804044197e-05,-0.005208628252148628,0.002782646333798766,2239,2239
4,1,1,0.02581155735582559,0.015786940626792655,0.00024922749435387644,0.014703018590807915,0.03734569251537323,2239,2239
4,1,2,-2.9698475351623273e-05,0.00991458197191347,9.82989356777916e-05,-0.007352007087320089,0.007302404381334782,2239,2239
4,2,0,-0.0134893490628273,0.008354297926071468,6.979429383756202e-05,-0.019365688785910606,-0.0082514937967062,2239,2239
4,2,1,-2.969859235838069e-05,0.009914581775622886,9.829893178551347e-05,-0.007352013839408755,0.00730240298435092,2239,2239
4,2,2,0.01209472405875843,0.013249532845017746,0.00017555012061120406,0.0023513835621997714,0.021423550322651863,2239,2239
5,0,0,-0.001196597137979158,0.018370060818533904,0.0003374591344766346,-0.013625508407130837,0.011427139630541205,3306,3306
5,0,1,-0.0013682746214110965,0.007213060869928074,5.2028247113287546e-05,-0.006277877953834832,0.0035510396701283753,3306,3306
5,0,2,0.0004749082312192396,0.007674797890062631,5.890252265330981e-05,-0.004563490627333522,0.0057016873033717275,3306,3306
5,1,0,-0.0013682747129569928,0.007213060894834345,5.202824747258844e-05,-0.006277872482314706,0.0035510400193743408,3306,3306
5,1,1,-0.007886467377860643,0.025399793839794238,0.0006451495271040492,-0.02540487889200449,0.00954843359068036,3306,3306
5,1,2,-0.0006270852828331723,0.010830233373913313,0.00011729395493342574,-0.00795082887634635,0.007210194831714034,3306,3306
5,2,0,0.00047490830568226136,0.0076747978836369905,5.8902522554678835e-05,-0.004563489346764982,0.0057016892824321985,3306,3306
5,2,1,-0.0006270852904612634,0.010830233325211354,0.0001172939538785186,-0.007950824219733477,0.007210198091343045,3306,3306
5,2,2,-0.009964209831975704,0.016450018036246315,0.00027060309339282907,-0.021706951782107353,0.0014174470852594823,3306,3306
6,0,0,-0.013937404579426185,0.014520584463133724,0.0002108473731510005,-0.024037462659180164,-0.0041716842679306865,2214,2214
6,0,1,0.0020086495919158774,0.005764910512337468,3.3234193215259046e-05,-0.0020128674805164337,0.005860584904439747,2214,2214
6,0,2,0.0060055950338836145,0.008780831038288667,7.710299372297363e-05,-0.00033576064743101597,0.012131487252190709,2214,2214
6,1,0,0.002008649786427792,0.005764910470468715,3.3234192732519825e-05,-0.00201286724768579,0.005860585602931678,2214,2214
6,1,1,-0.01841963965070733,0.01784793403419431,0.0003185487492889516,-0.029469578992575407,-0.007755064521916211,2214,2214
6,1,2,-0.0007800262916897101,0.01148314565729472,0.0001318626341866466,-0.0080406388733536,0.006985051557421684,2214,2214
6,2,0,0.0060055951314353425,0.0087808309269825,7.710299176825234e-05,-0.0003357616369612515,0.012131482129916549,2214,2214
6,2,1,-0.0007800261606173102,0.011483145752308542,0.00013186263636876173,-0.008040637942031026,0.006985043408349156,2214,2214
6,2,2,0.006607095804685927,0.022781449314281166,0.0005189944328591619,-0.00876139709725976,0.0239365859888494,2214,2214
7,0,0,0.02271147488474862,0.015384155270791086,0.00023667223339580916,0.012795166578143835,0.03321020305156708,3127,3127
7,0,1,0.0011721633563819371,0.006373286042663945,4.0618774981615045e-05,-0.0030206810915842652,0.0054235514253377914,3127,3127
7,0,2,-0.0023972722702566,0.007717894025803851,5.956588819353877e-05,-0.007802706910297275,0.002964358776807785,3127,3127
7,1,0,0.001172163367297037,0.006373286060847469,4.0618775213392654e-05,-0.003020678414031863,0.005423548631370068,3127,3127
7,1,1,0.030146363148381466,0.014793859467868913,0.0002188582779550547,0.0196504732593894,0.04042166657745838,3127,3127
7,1,2,0.002508270125049111,0.009179486790694824,8.426297774054078e-05,-0.0037313695065677166,0.008653295692056417,3127,3127
7,2,0,-0.0023972722241670033,0.007717894042240828,5.956588844725647e-05,-0.0078027059789747,0.0029643551679328084,3127,3127
7,2,1,0.0025082701942765787,0.009179486819732734,8.426297827364699e-05,-0.003731372533366084,0.008653292898088694,3127,3127
7,2,2,0.01805122979190442,0.013478207392259836,0.00018166207450876772,0.009185680653899908,0.026910892687737942,3127,3127
8,0,0,0.02206248024179201,0.013415886989968097,0.00017998602372759525,0.013907111249864101,0.03109324723482132,2429,2429
8,0,1,0.0037400935848758083,0.006243239052339507,3.897803386465711e-05,-0.00045856134966015816,0.008217081427574158,2429,2429
8,0,2,-0.0062617048517750636,0.008311346565702956,6.90784817352223e-05,-0.0118167195469141,-0.0004567825235426426,2429,2429
8,1,0,0.0037400936144469294,0.006243239115531775,3.897803465370598e-05,-0.00045856088399887085,0.008217082358896732,2429,2429
8,1,1,0.023459395831185302,0.019553837025913713,0.0003823525424359941,0.009370549581944942,0.038322772830724716,2429,2429
8,1,2,0.0024688489047466127,0.011901543715175876,0.0001416467428042424,-0.00635378435254097,0.011404164135456085,2429,2429
8,2,0,-0.006261704876122114,0.008311346665831224,6.90784833996238e-05,-0.0118167195469141,-0.00045678671449422836,2429,2429
8,2,1,0.002468848840536062,0.011901543602689633,0.00014164674012672254,-0.006353788077831268,0.011404162272810936,2429,2429
8,2,2,0.012390683378034378,0.01652608594511086,0.00027311151666519075,0.0004659658297896385,0.02491060271859169,2429,2429
9,0,0,-0.026979457596074438,0.01485600046979656,0.00022070074995859563,-0.0375224482268095,-0.01710995752364397,2554,2554
9,0,1,-0.0014902564853471912,0.007324314698056787,5.364558579617068e-05,-0.006536648725159466,0.0032208910561166704,2554,2554
9,0,2,0.00030275988067079485,0.007330829128988747,5.374105571842991e-05,-0.004595056874677539,0.004978488548658788,2554,2554
9,1,0,-0.0014902566887093518,0.007324314756517053,5.364558665253346e-05,-0.0065366438357159495,0.003220887912902981,2554,2554
9,1,1,-0.03101617249819,0.015961464626848276,0.00025476835303412884,-0.04209322948008776,-0.020509169902652502,2554,2554
9,1,2,-0.005273602996741698,0.009783119909264778,9.570943515905286e-05,-0.012705839006230235,0.0015166578232310712,2554,2554
9,2,0,0.0003027597871716058,0.007330829006990118,5.374105392972773e-05,-0.0045950597850605845,0.0049784897128120065,2554,2554
9,2,1,-0.005273603192001735,0.009783119784992966,9.570943272752084e-05,-0.012705843197181821,0.001516649208497256,2554,2554
9,2,2,-0.013150911225056489,0.015390790662791509,0.0002368764372258703,-0.022861848585307598,-0.0033931476646102965,2554,2554
10,0,0,-0.0038028372784217855,0.01869864345497061,0.00034963926705611524,-0.015927225351333618,0.009037313517183065,2755,2755
10,0,1,0.0024009898187520367,0.008406401324391322,7.066758322672818e-05,-0.0039245435036718845,0.00828917557373643,2755,2755
10,0,2,0.007163508945738833,0.009218065970405136,8.497274023474116e-05,0.00045038224197924137,0.014327290002256632,2755,2755
10,1,0,0.002400989841670643,0.008406401368367468,7.066758396609044e-05,-0.003924542106688023,0.008289182092994452,2755,2755
10,1,1,0.021432531718428783,0.019177435272141722,0.0003677740236171855,0.008112494833767414,0.03406963683664799,2755,2755
10,1,2,0.011438054610517032,0.00869021288770715,7.551980003367145e-05,0.005853058537468314,0.017463750205934048,2755,2755
10,2,0,0.0071635090029429135,0.009218065963923402,8.497274011524307e-05,0.0004503810778260231,0.014327291864901781,2755,2755
10,2,1,0.011438054317228594,0.00869021289334185,7.551980013160491e-05,0.0058530590031296015,0.017463750205934048,2755,2755
10,2,2,0.01591064625315304,0.015936723396961287,0.0002539791526312533,0.0036228684475645423,0.028378951363265514,2755,2755
11,0,0,0.001057463126817073,0.016373902820124443,0.0002681046935628792,-0.010397844482213259,0.013686589896678925,2295,2295
11,0,1,0.001161917653477554,0.006198891865716049,3.8426260362840596e-05,-0.003053179942071438,0.005357566522434354,2295,2295
11,0,2,0.0022197895532439426,0.0096807148471515,9.37162399518595e-05,-0.004729927983134985,0.008755425922572613,2295,2295
11,1,0,0.0011619176786628294,0.006198891878326187,3.842626051917836e-05,-0.003053179243579507,0.005357562797144055,2295,2295
11,1,1,0.01662719731935866,0.016340441165818904,0.0002670100174935891,0.006355526857078075,0.02700087148696184,2295,2295
11,1,2,0.008551445653677811,0.006921267863133776,4.790394883324839e-05,0.004225384909659624,0.013288303278386593,2295,2295
11,2,0,0.002219789594813597,0.009680714778947304,9.371623863132876e-05,-0.004729924723505974,0.008755423128604889,2295,2295
11,2,1,0.008551445741230249,0.006921267879895361,4.7903949065271215e-05,0.004225382814183831,0.013288305141031742,2295,2295
11,2,2,0.0028173768637734333,0.012721578743106048,0.00016183856571704765,-0.006946825422346592,0.01204677578061819,2295,2295
12,0,0,-0.013355036801830185,0.01701791892378748,0.00028960956449660405,-0.02523921150714159,-0.0017737300659064204,2476,2476
12,0,1,-0.009428801637589844,0.007576356779302291,5.7401182047279786e-05,-0.014481878839433193,-0.004588571609929204,2476,2476
12,0,2,-0.0005927355723278386,0.008545826810257406,7.303115587091428e-05,-0.006868552067317069,0.005587850580923259,2476,2476
12,1,0,-0.009428801457360025,0.007576356697635317,5.7401180809803526e-05,-0.014481878373771906,-0.004588565556332469,2476,2476
12,1,1,-0.03550260133457775,0.019814120753431096,0.00039259938123154887,-0.04982810467481613,-0.0216724150814116,2476,2476
12,1,2,-0.008497068940623105,0.01087871254235338,0.00011834638657915673,-0.01672558393329382,-0.0007039717165753245,2476,2476
12,2,0,-0.0005927355784988851,0.008545826788481044,7.303115549872022e-05,-0.006868553347885609,0.0055878497660160065,2476,2476
12,2,1,-0.008497068768142357,0.01087871241700507,0.00011834638385190029,-0.016725586727261543,-0.0007039725314825773,2476,2476
12,2,2,-0.0049665932462376544,0.012736558448352185,0.00016221992110829143,-0.013519673841074109,0.004344656132161617,2476,2476
13,0,0,-0.009415099634259483,0.01547098486607675,0.00023935137272637584,-0.018928598146885633,0.0005113059014547616,2588,2588
13,0,1,-0.005449637135159163,0.006252484123946055,3.9093557720197465e-05,-0.009437053231522441,-0.0012899362482130527,2588,2588
13,0,2,0.003997197984824845,0.00802263884041997,6.436273396381509e-05,-0.002086687192786485,0.009798784274607897,2588,2588
13,1,0,-0.0054496371953910465,0.006252484046172219,3.9093556747638124e-05,-0.009437055326998234,-0.001289932755753398,2588,2588
13,1,1,-0.035825784001200726,0.014831158469052995,0.00021996326153416235,-0.046615779399871826,-0.026761788874864578,2588,2588
13,1,2,-0.0026820129744819735,0.00964304542203017,9.298832501133704e-05,-0.009339349577203393,0.003532362054102123,2588,2588
13,2,0,0.003997197897423388,0.008022638809749598,6.436273347170043e-05,-0.0020866895210929215,0.009798785671591759,2588,2588
13,2,1,-0.0026820130944284403,0.009643045543217951,9.298832734857559e-05,-0.009339356562122703,0.003532364673446864,2588,2588
13,2,2,-0.018090084987103083,0.012720374217707369,0.00016180792023851438,-0.02623696392402053,-0.010094105266034603,2588,2588
14,0,0,-0.0022756898240155732,0.014638723122926202,0.00021429221466969423,-0.01106659253127873,0.006959309219382703,2668,2668
14,0,1,-0.0019439621467425695,0.007691265975233456,5.9155572301783836e-05,-0.007429877296090126,0.0032839233754202724,2668,2668
14,0,2,-0.0017781594821050864,0.009711704234910901,9.431719914638635e-05,-0.008277440443634987,0.004840819397941232,2668,2668
14,1,0,-0.0019439623651631083,0.007691266121940029,5.9155574558502404e-05,-0.007429875899106264,0.0032839199993759394,2668,2668
14,1,1,0.0024954189669377587,0.01652190957296031,0.00027297349593707746,-0.00818492891266942,0.013296846998855472,2668,2668
14,1,2,0.0031838030216191243,0.008512020553539317,7.245449390387577e-05,-0.0024630463449284434,0.009194087469950318,2668,2668
14,2,0,-0.0017781594869266356,0.009711704302843037,9.431720046585996e-05,-0.008277443703263998,0.004840819980017841,2668,2668
14,2,1,0.0031838030528392003,0.00851202067678239,7.245449600197091e-05,-0.0024630428524687886,0.00919408886693418,2668,2668
14,2,2,-0.0004435094325989799,0.01242341847828445,0.00015434132668657954,-0.007714671432040632,0.007568582543171942,2668,2668
15,0,0,-0.017731985749476382,0.016274240491770897,0.0002648509035839954,-0.029702207073569298,-0.007775628939270973,1905,1905
15,0,1,-0.004591654299300352,0.007181536820059703,5.157447109787323e-05,-0.00985175184905529,-0.00011386838741600513,1905,1905
15,0,2,-0.006797660418005117,0.008603397385635843,7.401844657516565e-05,-0.013036062009632587,-0.000976933166384697,1905,1905
15,1,0,-0.0045916544025387425,0.00718153683338816,5.157447128931084e-05,-0.009851748123764992,-0.00011386629194021225,1905,1905
15,1,1,0.009174007894208512,0.022267735473085148,0.0004958520430992946,-0.007088502869009972,0.024318009614944458,1905,1905
15,1,2,0.0003900590897207772,0.009642541242531217,9.297860161391545e-05,-0.00656209047883749,0.007324010133743286,1905,1905
15,2,0,-0.006797660574783862,0.008603397517218335,7.401844883927862e-05,-0.01303606666624546,-0.0009769300231710076,1905,1905
15,2,1,0.0003900592519841805,0.009642541197521726,9.297860074590372e-05,-0.006562097929418087,0.007324011996388435,1905,1905
15,2,2,-0.013467544317489925,0.013341877219404472,0.000178005687737664,-0.02363477647304535,-0.00514630414545536,1905,1905
16,0,0,0.02190596174973741,0.017000702438969728,0.0002890238834183913,0.011241583153605461,0.035077501088380814,2393,2393
16,0,1,0.0005496279831386665,0.006430290185744797,4.134863187288586e-05,-0.003465285524725914,0.004936560522764921,2393,2393
16,0,2,-0.0013102002833890885,0.00811416134480199,6.583961432947885e-05,-0.006728389300405979,0.00460854172706604,2393,2393
16,1,0,0.0005496278239979972,0.006430290163454092,4.134863158621446e-05,-0.0034652836620807648,0.004936562851071358,2393,2393
16,1,1,0.024065722973890386,0.01677029911217715,0.00028124293231188965,0.013052447699010372,0.0355527438223362,2393,2393
16,1,2,-0.00013580160342760905,0.011170252711658255,0.00012477454564230862,-0.008400695398449898,0.00842110812664032,2393,2393
16,2,0,-0.0013102001543008912,0.008114161474398114,6.583961643260657e-05,-0.0067283883690834045,0.004608542192727327,2393,2393
16,2,1,-0.00013580169989713817,0.011170252627810656,0.00012477454376911087,-0.008400705642998219,0.008421111851930618,2393,2393
16,2,2,0.002265146483037297,0.01949055496356731,0.00037988173278783827,-0.010830175131559372,0.015304763801395893,2393,2393
17,0,0,-0.008494033051099583,0.015982127338598277,0.00025542839426717043,-0.01973523199558258,0.0013280215207487345,2379,2379
17,0,1,0.00023867107702259832,0.007088948499712177,5.0253190831571534e-05,-0.004682587226852775,0.004883839748799801,2379,2379
17,0,2,-0.007237037045222688,0.008994614019670518,8.090308136285343e-05,-0.014001182746142149,-0.001445895410142839,2379,2379
17,1,0,0.00023867113253885834,0.007088948538294998,5.025319137859479e-05,-0.004682590253651142,0.0048838399816304445,2379,2379
17,1,1,-0.021562516946843135,0.019128716411070466,0.0003659077915351566,-0.03378094546496868,-0.010240867733955383,2379,2379
17,1,2,-0.014643086893554463,0.00891764898752211,7.95244634646541e-05,-0.021233471110463142,-0.009237590711563826,2379,2379
17,2,0,-0.007237036986109739,0.00899461392477721,8.090307965579609e-05,-0.014001184143126011,-0.0014458971563726664,2379,2379
17,2,1,-0.014643086693705712,0.008917649196045483,7.952446718373066e-05,-0.021233469247817993,-0.009237588848918676,2379,2379
17,2,2,0.0030012843178521755,0.018271862830738207,0.0003338609713053125,-0.009176051244139671,0.01425917400047183,2379,2379
18,0,0,0.006304799300011155,0.014230246597488366,0.00020249991822532924,-0.0024204105138778687,0.013802378671243787,2048,2048
18,0,1,0.004323841085529523,0.006731189874670601,4.5308917128868015e-05,0.0002818130888044834,0.008884988725185394,2048,2048
18,0,2,0.0035392688990896204,0.008813848448961287,7.76839244812573e-05,-0.0025152075686492026,0.009361099917441607,2048,2048
18,1,0,0.004323841092315206,0.006731189881529026,4.530891722119875e-05,0.00028181762900203466,0.008884987561032176,2048,2048
18,1,1,-0.008593568143098196,0.015481735063504197,0.0002396841205765353,-0.019324328750371933,0.0022656721412204206,2048,2048
18,1,2,-0.0066807270374056316,0.009306507203852966,8.661107633536715e-05,-0.013252039439976215,-3.0348484870046377e-05,2048,2048
18,2,0,0.003539268872913226,0.008813848368024367,7.76839230545258e-05,-0.002515205240342766,0.00936110015027225,2048,2048
18,2,1,-0.006680727117313268,0.009306507311031853,8.661107833028933e-05,-0.013252037111669779,-3.035069676116109e-05,2048,2048
18,2,2,0.0018492360780726358,0.012336291588699672,0.00015218409016142225,-0.005611693020910025,0.008792877895757556,2048,2048
19,0,0,-0.01401969591157367,0.013926436322228918,0.00019394562863709691,-0.02279437007382512,-0.005358503549359739,2574,2574
19,0,1,-0.0026478636775637697,0.005905312177461578,3.4872711913276005e-05,-0.006396772805601358,0.0008245430217357352,2574,2574
19,0,2,0.0036010022480640505,0.007665679659469025,5.8762644641597146e-05,-0.0011308585235383362,0.008893948514014482,2574,2574
19,1,0,-0.0026478635421472874,0.005905312134385558,3.487271140452131e-05,-0.006396773504093289,0.0008245383505709469,2574,2574
19,1,1,-0.026303731786492753,0.013800241309833617,0.00019044666020963825,-0.03585049696266651,-0.01708933711051941,2574,2574
19,1,2,-0.006508841939312468,0.008260372558620308,6.823375480720743e-05,-0.012383947847411036,-0.000496762222610414,2574,2574
19,2,0,0.003601002296174695,0.007665679613724295,5.876264394026826e-05,-0.001130860997363925,0.008893948281183839,2574,2574
19,2,1,-0.006508841833118537,0.008260372508983779,6.823375398717496e-05,-0.012383945286273956,-0.000496756547363475,2574,2574
19,2,2,-0.012490813640718223,0.011549049689803246,0.00013338054873754447,-0.020155066158622503,-0.005101904505863786,2574,2574
20,0,0,0.005390816091792756,0.010232919521003879,0.00010471264192334226,-0.0002366309054195881,0.010758042335510254,2373,2373
20,0,1,0.002068284800892038,0.007039855816703088,4.9559569919968306e-05,-0.0025762896984815598,0.006926265079528093,2373,2373
20,0,2,-0.0066182543594621515,0.008688431235563827,7.548883733512117e-05,-0.01216593012213707,-0.001014398643746972,2373,2373
20,1,0,0.002068284902847429,0.007039855659316015,4.955956770400373e-05,-0.0025762931909412146,0.00692626740783453,2373,2373
20,1,1,0.007242558640820354,0.012800523383807489,0.00016385339889940232,-0.0014281426556408405,0.01612168177962303,2373,2373
20,1,2,-0.001045849724498872,0.007598449369042324,5.773643281389969e-05,-0.006032370030879974,0.003985151648521423,2373,2373
20,2,0,-0.006618254321650474,0.008688431092769802,7.548883485380906e-05,-0.012165926396846771,-0.0010144015541300178,2373,2373
20,2,1,-0.0010458499286181517,0.007598449514087142,5.773643501813113e-05,-0.0060323672369122505,0.003985150717198849,2373,2373
20,2,2,0.007223276496094444,0.010959862184893398,0.00012011857911185629,-0.000336208613589406,0.014126446098089218,2373,2373
21,0,0,-0.005943874875378696,0.011724174009966858,0.00013745625621598234,-0.012769259046763182,0.00013770116493105888,2347,2347
21,0,1,0.0048371472993229865,0.007312532065512323,5.3473125209145916e-05,4.587217699736357e-05,0.009473076555877924,2347,2347
21,0,2,0.015076367647911775,0.00755725697797666,5.711213303117691e-05,0.010200897231698036,0.020220497623085976,2347,2347
21,1,0,0.004837147400637673,0.007312532006578776,5.3473124347239016e-05,4.5874330680817366e-05,0.009473081678152084,2347,2347
21,1,1,-0.011816682430911963,0.019343668177476618,0.00037417749856032156,-0.025948982685804367,0.0011717271991074085,2347,2347
21,1,2,0.006367602419129928,0.008778260746914672,7.705786174082295e-05,0.001008376362733543,0.012195051647722721,2347,2347
21,2,0,0.015076367692044937,0.007557257015296376,5.7112133595246287e-05,0.010200897697359324,0.020220497623085976,2347,2347
21,2,1,0.0063676023196598056,0.008778260938435265,7.705786510325836e-05,0.0010083799716085196,0.012195054441690445,2347,2347
21,2,2,0.0002452783731573659,0.011802339063307169,0.00013929520736526634,-0.0075692408718168736,0.007958068046718836,2347,2347
22,0,0,0.012590921689831438,0.014007518461210388,0.0001962105734411498,0.002373883966356516,0.023017093539237976,2829,2829
22,0,1,-0.0069694617020000646,0.006938182143147038,4.813837145148442e-05,-0.011623147875070572,-0.0021196960005909204,2829,2829
22,0,2,-0.012141314338438888,0.00793547609833146,6.297178090718988e-05,-0.017734427005052567,-0.007286197040230036,2829,2829
22,1,0,-0.006969461594967101,0.006938182135999362,4.8138371352300675e-05,-0.011623146012425423,-0.002119701122865081,2829,2829
22,1,1,0.014557686452167033,0.013283818011253588,0.00017645982095610522,0.005437270738184452,0.02432466298341751,2829,2829
22,1,2,-0.010861337451624249,0.009339777247147048,8.723143902632569e-05,-0.017253389582037926,-0.005160314030945301,2829,2829
22,2,0,-0.012141314368664075,0.007935476046230822,6.297178008030316e-05,-0.017734430730342865,-0.007286198437213898,2829,2829
22,2,1,-0.010861337588666357,0.009339777132683113,8.723143688819038e-05,-0.017253387719392776,-0.005160319618880749,2829,2829
22,2,2,-0.02394314684279868,0.015858364939654982,0.0002514877385592784,-0.03558656573295593,-0.013518339954316616,2829,2829
23,0,0,-0.0012047505435069565,0.016208401875852627,0.000262712291369143,-0.012268278747797012,0.009222257882356644,1989,1989
23,0,1,-0.0019059952937512316,0.007187506984727317,5.166025665550396e-05,-0.006679870188236237,0.002687448402866721,1989,1989
23,0,2,-0.005385766537840604,0.009551408944357966,9.122941282236137e-05,-0.01272832415997982,0.0011734766885638237,1989,1989
23,1,0,-0.0019059952779628792,0.007187507097875654,5.16602582820129e-05,-0.006679875310510397,0.002687448635697365,1989,1989
23,1,1,0.00579009282180516,0.01815855800228664,0.0003297332287224083,-0.0065269856713712215,0.0180368572473526,1989,1989
23,1,2,0.0024464815776333235,0.011070929724473653,0.00012256548496423426,-0.005351238884031773,0.010889883153140545,1989,1989
23,2,0,-0.005385766494499455,0.009551408875704622,9.122941151088905e-05,-0.01272832602262497,0.0011734780855476856,1989,1989
23,2,1,0.0024464815670394704,0.011070929686797544,0.00012256548413001517,-0.005351247265934944,0.01088988408446312,1989,1989
23,2,2,0.012944411377931953,0.016372478762477993,0.0002680580608277929,0.001358846784569323,0.024356387555599213,1989,1989
24,0,0,-0.010300635738652596,0.01591932973857701,0.00025342505932554246,-0.021308155730366707,0.0007835909491404891,2396,2396
24,0,1,0.00014070082694048742,0.007905303450764067,6.249382264866227e-05,-0.0058806686429306865,0.005945086828432977,2396,2396
24,0,2,-0.0019753894039893443,0.009604402487618043,9.224454714416364e-05,-0.009116105735301971,0.0046017286367714405,2396,2396
24,1,0,0.0001407007976666012,0.00790530345078271,6.249382264895702e-05,-0.00588067015632987,0.005945084267295897,2396,2396
24,1,1,-0.014913350874739807,0.019668276713206798,0.00038684110886727285,-0.028370635118335485,-0.003947969642467797,2396,2396
24,1,2,-0.0030213180780599286,0.007764554133771526,6.0288300896268496e-05,-0.008419394958764315,0.0018769269809126854,2396,2396
24,2,0,-0.001975389459621875,0.009604402469214735,9.224454679065809e-05,-0.009116105269640684,0.004601729451678693,2396,2396
24,2,1,-0.0030213181616241197,0.007764554231743201,6.028830241768125e-05,-0.008419390302151442,0.0018769277958199382,2396,2396
24,2,2,-0.01555333344065833,0.01164033269484746,0.00013549734524673476,-0.024098039139062166,-0.00807030126452446,2396,2396
25,0,0,0.011549548762425817,0.019366289146345327,0.00037505315529985276,-0.002916466910392046,0.025298621505498886,3213,3213
25,0,1,-0.0006217940422906889,0.007741167649769964,5.9925676581845026e-05,-0.006185445934534073,0.004669180139899254,3213,3213
25,0,2,-0.006560829779273203,0.008252474620588736,6.81033373634612e-05,-0.011714240536093712,-0.001080552116036415,3213,3213
25,1,0,-0.0006217940624360107,0.007741167588849194,5.9925675638649255e-05,-0.006185445003211498,0.004669179208576679,3213,3213
25,1,1,-0.006230923211067385,0.023814916028602282,0.0005671502254493779,-0.022758014500141144,0.008913621306419373,3213,3213
25,1,2,-0.00963208876495885,0.010790867313096243,0.00011644281736884892,-0.017648888751864433,-0.002735668793320656,3213,3213
25,2,0,-0.006560829812734003,0.008252474610909543,6.810333720370662e-05,-0.011714240536093712,-0.001080559566617012,3213,3213
25,2,1,-0.009632088882660428,0.010790867252664907,0.00011644281606463588,-0.017648885026574135,-0.0027356715872883797,3213,3213
25,2,2,-0.002156981392907036,0.01675937003485433,0.0002808764839651733,-0.013099193572998047,0.006627565249800682,3213,3213
26,0,0,0.015468607492066817,0.014885029573228096,0.000221564105395875,0.0055586728267371655,0.026077022310346365,2170,2170
26,0,1,0.0010292834230015444,0.007079634920283841,5.012123060450239e-05,-0.0037551220157183707,0.005997871281579137,2170,2170
26,0,2,1.7311805961138575e-05,0.00842739355294198,7.102096209616807e-05,-0.005251012276858091,0.005714255967177451,2170,2170
26,1,0,0.0010292833349088094,0.0070796347797180475,5.012122861419341e-05,-0.0037551241694018245,0.005997869186103344,2170,2170
26,1,1,0.02474397584567413,0.018702322234152517,0.0003497768569500756,0.013935907045379281,0.03853671159595251,2170,2170
26,1,2,0.00492332157344141,0.00848500072281071,7.199523726609828e-05,-0.00011801254004240036,0.010266341967508197,2170,2170
26,2,0,1.7311763069871383e-05,0.008427393552879874,7.102096209512127e-05,-0.00525101344101131,0.005714255617931485,2170,2170
26,2,1,0.004923321621046962,0.008485000600098588,7.19952351836734e-05,-0.00011801303480751812,0.010266342666000128,2170,2170
26,2,2,0.02034931733720391,0.009852182100048673,9.70654921325195e-05,0.014409447088837624,0.027950125746428967,2170,2170
27,0,0,-0.007215446718250971,0.014776673611645669,0.00021835008302510545,-0.017384842969477177,0.0033772638416849077,2526,2526
27,0,1,0.001838683248493398,0.007098465848502434,5.038821740235538e-05,-0.0031639234512113035,0.00685589446220547,2526,2526
27,0,2,0.00400324544843739,0.008837005251460747,7.809266181434482e-05,-0.002167498867493123,0.010657045990228653,2526,2526
27,1,0,0.001838683237421038,0.00709846578423431,5.0388216489945226e-05,-0.0031639225780963898,0.00685589830391109,2526,2526
27,1,1,-0.0269649068829256,0.019518953350035503,0.00038098953988086216,-0.042283966206014156,-0.012835436267778277,2526,2526
27,1,2,-0.00991090921494208,0.011407058523623843,0.00013012098416137938,-0.018336558248847723,-0.0024977646535262465,2526,2526
27,2,0,0.0040032454965750796,0.00883700517202739,7.809266041043884e-05,-0.0021674963645637035,0.010657046223059297,2526,2526
27,2,1,-0.009910909181606902,0.011407058508540605,0.0001301209838172686,-0.018336559645831585,-0.0024977661087177694,2526,2526
27,2,2,-0.010390702293569485,0.017129520296021394,0.0002934204655718089,-0.02263010898604989,-0.0011519304534886032,2526,2526
28,0,0,-0.014396707712597188,0.018172250274583062,0.00033023068004208416,-0.02750076726078987,-0.0016826653154566884,2567,2567
28,0,1,0.0013460861881218022,0.007540312758663513,5.6856316498463755e-05,-0.0036559016443789005,0.006352744298055768,2567,2567
28,0,2,0.007424863928066491,0.007829935171546903,6.130788479062724e-05,0.0018755752826109529,0.012947567272931337,2567,2567
28,1,0,0.0013460859758917274,0.00754031281644385,5.68563173698274e-05,-0.003655901877209544,0.006352743832394481,2567,2567
28,1,1,-0.009928577816424753,0.019725548019928894,0.0003890972446865207,-0.023571135476231575,0.0022987191332504153,2567,2567
28,1,2,0.0050382434187223315,0.008959644123998753,8.027522282870538e-05,-0.0009588984539732337,0.01148292701691389,2567,2567
28,2,0,0.007424863820823354,0.007829935169976482,6.130788476603463e-05,0.0018755763303488493,0.012947563081979752,2567,2567
28,2,1,0.005038243259518597,0.008959644121126894,8.027522277724371e-05,-0.0009588958928361535,0.01148292887955904,2567,2567
28,2,2,-0.0038702924384194583,0.013970133311786866,0.00019516462474909708,-0.0129667897708714,0.005779661936685443,2567,2567
29,0,0,0.01476439662830064,0.017616964366171804,0.00031035743347896706,0.0025250327307730913,0.02586161345243454,3115,3115
29,0,1,0.0060290329108133546,0.006926617132076856,4.797802489438061e-05,0.0016724832239560783,0.0102261146530509,3115,3115
29,0,2,-0.002549972488825362,0.0086434451099443,7.470914336862003e-05,-0.008377251215279102,0.0034089600667357445,3115,3115
29,1,0,0.0060290327906981555,0.006926617039002741,4.79780236050031e-05,0.0016724861925467849,0.0102261146530509,3115,3115
29,1,1,0.02034269579019873,0.018007918636452847,0.0003242851336171057,0.007713031489402056,0.03316419757902622,3115,3115
29,1,2,0.001577778614657209,0.009669348583738156,9.349630203383909e-05,-0.005436140578240156,0.008114693220704794,3115,3115
29,2,0,-0.002549972345870897,0.008643445228742231,7.470914542226683e-05,-0.008377250749617815,0.0034089635591953993,3115,3115
29,2,1,0.0015777787526644897,0.009669348851872704,9.349630721921198e-05,-0.0054361408110708,0.008114690892398357,3115,3115
29,2,2,0.024115200545306185,0.013300794565496522,0.0001769111360735418,0.01539179589599371,0.03264060989022255,3115,3115
30,0,0,0.0015322640100716917,0.018273942648989627,0.000333936979938562,-0.010796162765473127,0.011944340541958809,1546,1546
30,0,1,-0.0017365984526645985,0.007536679885106267,5.680154369056541e-05,-0.006795635097660124,0.003516964672598988,1546,1546
30,0,2,0.010125175665150322,0.009445814971608525,8.922342047786375e-05,0.003151258220896125,0.017341902945190668,1546,1546
30,1,0,-0.0017365984970921793,0.0075366799556807985,5.680154475436072e-05,-0.006795634399168193,0.003516963915899396,1546,1546
30,1,1,-0.008834841154483138,0.021916177111574967,0.00048031881918592247,-0.023761644028127193,0.007949233055114746,1546,1546
30,1,2,-0.0033806156932799816,0.012504083527238554,0.00015635210485615857,-0.0129077082965523,0.005723775248043239,1546,1546
30,2,0,0.01012517556944277,0.0094458150691041,8.922342231971412e-05,0.0031512586283497512,0.017341906670480967,1546,1546
30,2,1,-0.003380615737349883,0.012504083616450447,0.00015635210708718448,-0.012907711556181312,0.005723775248043239,1546,1546
30,2,2,0.008703442462149196,0.01764458891705889,0.0003113315180519974,-0.0038003005902282894,0.02092371042817831,1546,1546
31,0,0,0.012037650578169756,0.01978648561564592,0.00039150501301816294,-0.0011056966031901538,0.026712348219007254,2810,2810
31,0,1,0.005772001122694556,0.008420722849932165,7.090857331536969e-05,0.00021302996901795268,0.011629113228991628,2810,2810
31,0,2,0.002280634254535322,0.007777970569329498,6.049682617735583e-05,-0.0029940762324258685,0.007683687377721071,2810,2810
31,1,0,0.0057720012549771615,0.008420722813883492,7.090857270825791e-05,0.00021302781533449888,0.011629112530499697,2810,2810
31,1,1,0.03870588054224265,0.017324974778980436,0.0003001547510923082,0.027383999899029732,0.05151487793773413,2810,2810
31,1,2,0.014662665292393628,0.0083034151620961,6.894670335412741e-05,0.00960372039116919,0.0208296668715775,2810,2810
31,2,0,0.0022806342018325317,0.007777970545708503,6.049682580990903e-05,-0.0029940716922283173,0.0076836858643218875,2810,2810
31,2,1,0.014662665236692417,0.008303415137470392,6.894670294517245e-05,0.009603725280612707,0.020829671528190374,2810,2810
31,2,2,0.0070729727120104734,0.0134159235046506,0.00017998700348263643,-0.001359971472993493,0.015874189790338278,2810,2810
32,0,0,0.0014617808924265786,0.016466044277829644,0.0002711306141594464,-0.010230417363345623,0.01322859013453126,2315,2315
32,0,1,0.010567351555153547,0.007120194967754765,5.069717637884028e-05,0.005778426304459572,0.015613039024174213,2315,2315
32,0,2,0.0022325904399307936,0.008757282262926519,7.668999263256741e-05,-0.004071073606610298,0.008171815425157547,2315,2315
32,1,0,0.01056735141647348,0.0071201949357218965,5.0697175922679737e-05,0.005778422579169273,0.0156130394898355,2315,2315
32,1,1,0.018295836713570865,0.01832376323930729,0.00033576029925018913,0.007059267954900861,0.030377155169844627,2315,2315
32,1,2,0.0031922776575127845,0.008925014332690936,7.965588083873864e-05,-0.003223758889362216,0.009480728302150965,2315,2315
32,2,0,0.002232590459813173,0.008757282220491725,7.668999188934049e-05,-0.004071076400578022,0.00817181495949626,2315,2315
32,2,1,0.0031922778713002198,0.008925014350467114,7.965588115604393e-05,-0.003223758074454963,0.009480723645538092,2315,2315
32,2,2,0.0006288781593157457,0.014708871306049275,0.0002163508950979197,-0.01031681289896369,0.010384728200733662,2315,2315
33,0,0,-0.0001818314747810643,0.015110958024875162,0.00022834105242953905,-0.010013018269091845,0.009224498877301812,2936,2936
33,0,1,-0.0004152233279644028,0.008528977325371995,7.274345421670962e-05,-0.006375313038006425,0.005728852236643434,2936,2936
33,0,2,-0.001122898502811905,0.008936349337191596,7.985833947632468e-05,-0.007059636525809765,0.005367259960621595,2936,2936
33,1,0,-0.00041522325480831675,0.008528977281364744,7.274345346603595e-05,-0.006375316996127367,0.0057288475800305605,2936,2936
33,1,1,-0.004121607439849419,0.01667379479158391,0.0002780154327518508,-0.015655741095542908,0.00717310537584126,2936,2936
33,1,2,-0.0077036059888198555,0.009296492506241068,8.642477291859635e-05,-0.01371708046644926,-0.001615947054233402,2936,2936
33,2,0,-0.001122898465133547,0.008936349375016039,7.985834015234953e-05,-0.007059637340717018,0.005367260426282883,2936,2936
33,2,1,-0.007703605874654728,0.009296492370552564,8.642477039574204e-05,-0.013717078603804111,-0.0016159464430529624,2936,2936
33,2,2,0.0030679698141034164,0.011578236783262879,0.00013405556700930152,-0.003925841534510255,0.010998157318681479,2936,2936
34,0,0,-0.0020101329712116124,0.01466990787078312,0.00021520619693726452,-0.012114050798118114,0.006688529858365655,2183,2183
34,0,1,-0.003773219875256056,0.006212381876374423,3.8593688577905396e-05,-0.008054394740611315,0.00019144651014357805,2183,2183
34,0,2,-0.010477689254719234,0.007286384629482197,5.309140096875441e-05,-0.01570009719580412,-0.0058602262288331985,2183,2183
34,1,0,-0.0037732198265541354,0.006212381913875219,3.859368904384393e-05,-0.008054391480982304,0.00019144359976053238,2183,2183
34,1,1,0.029604960844246863,0.0191117079335185,0.00036525738013611396,0.015973270870745182,0.044236764311790466,2183,2183
34,1,2,0.005878466038804278,0.009758790108187372,9.523398437565571e-05,-0.00010421313345432281,0.012191066052764654,2183,2183
34,2,0,-0.010477689393105748,0.007286384705148558,5.309140207142284e-05,-0.015700099989771843,-0.005860222969204187,2183,2183
34,2,1,0.005878465940387202,0.009758790125272502,9.523398470911611e-05,-0.00010421752813272178,0.012191068846732378,2183,2183
34,2,2,0.0032470375771941023,0.014814469827054587,0.00021946851625671073,-0.006215677363798022,0.014030016027390957,2183,2183
35,0,0,0.0010330100883578321,0.012615715981838204,0.00015915628973440789,-0.006116452277638018,0.009150888305157423,2460,2460
35,0,1,0.007604598525743099,0.006311297961188081,3.983248195489682e-05,0.003601955366320908,0.011811061296612024,2460,2460
35,0,2,0.011022588368069864,0.00773256833329847,5.979261302913028e-05,0.00637244968675077,0.01590149011462927,2460,2460
35,1,0,0.007604598574675392,0.00631129791483175,3.983248136975959e-05,0.0036019585095345974,0.01181105780415237,2460,2460
35,1,1,-0.0016071807758265546,0.01646608169268759,0.0002711318463102613,-0.013161204056814313,0.009771360782906413,2460,2460
35,1,2,0.007803284784549907,0.010629377765203828,0.00011298367167540952,0.00063916968065314,0.015898695681244135,2460,2460
35,2,0,0.011022588228099369,0.007732568246640459,5.979261168895231e-05,0.006372447591274977,0.01590149011462927,2460,2460
35,2,1,0.007803284780598412,0.010629377668164566,0.0001129836696124756,0.0006391727947629988,0.015898694284260273,2460,2460
35,2,2,0.0038116857630240437,0.017583289701953116,0.00030917207674281054,-0.008110803086310625,0.014777215896174312,2460,2460
36,0,0,0.0010534472881468893,0.016960694471623915,0.00028766515695977405,-0.011028143344447017,0.013418217888101935,2958,2958
36,0,1,0.0029646395857161273,0.005798064902020644,3.3617556608043666e-05,-0.0005596941045951098,0.00651670410297811,2958,2958
36,0,2,0.007402404662885765,0.00852788523185276,7.272482652765241e-05,0.001716196013148874,0.013485046569257975,2958,2958
36,1,0,0.002964639634803014,0.005798064918339129,3.3617556797274926e-05,-0.0005596926202997565,0.006516705267131329,2958,2958
36,1,1,-0.021441514228159396,0.015318890382974003,0.0002346684025655734,-0.032087018713355064,-0.010522569296881557,2958,2958
36,1,2,-0.009380621826813,0.010096020098627131,0.000101929621831883,-0.01674249954521656,-0.002508298261091113,2958,2958
36,2,0,0.007402404635287305,0.008527885245429394,7.272482675921238e-05,0.0017161941796075553,0.013485044240951538,2958,2958
36,2,1,-0.009380621708528264,0.010096019997333658,0.00010192961978656112,-0.016742493491619825,-0.0025082887150347233,2958,2958
36,2,2,-0.011391201266303067,0.012883922610118295,0.00016599546182351742,-0.01904299482703209,-0.002891547919716686,2958,2958
37,0,0,0.0020178707466194674,0.016537707678202604,0.00027349577524968136,-0.008961367420852184,0.01273364806547761,2415,2415
37,0,1,0.005818806529249013,0.0067914970754234805,4.6124432525485684e-05,0.0012418073019944131,0.010583652183413506,2415,2415
37,0,2,0.0010309903298077554,0.007383693565646851,5.45189306713747e-05,-0.003930330742150545,0.005601577460765839,2415,2415
37,1,0,0.005818806540745929,0.006791497042681493,4.612443208075147e-05,0.0012418050318956375,0.010583651252090931,2415,2415
37,1,1,1.195434490667066e-05,0.016324097067871857,0.0002664761450813025,-0.011003939900547266,0.011199047323316336,2415,2415
37,1,2,0.008502198383236192,0.009872690485233884,9.747001741722767e-05,0.0021958359284326434,0.015441262163221836,2415,2415
37,2,0,0.0010309904217710392,0.007383693571717345,5.451893076102004e-05,-0.003930332139134407,0.005601576762273908,2415,2415
37,2,1,0.008502198386490037,0.009872690354374759,9.74700148333644e-05,0.0021958372090011835,0.015441258437931538,2415,2415
37,2,2,0.01173316057107178,0.016234617391656186,0.00026356280185346547,0.002747729071415961,0.02223317977041006,2415,2415
38,0,0,-0.01230732425150496,0.01337095595326536,0.00017878246310416236,-0.021067250054329634,-0.003293517278507352,2700,2700
38,0,1,0.00327277884154615,0.0065629072862999766,4.307175204856932e-05,-0.001083453360479325,0.007645734818652272,2700,2700
38,0,2,0.008187778944535509,0.007647069510619115,5.847767210024047e-05,0.0033385915448889136,0.013531988486647606,2700,2700
38,1,0,0.0032727789297846525,0.006562907204123844,4.307175096994065e-05,-0.00108345749322325,0.007645736914128065,2700,2700
38,1,1,-0.013363429102938864,0.013501476047095996,0.0001822898554503069,-0.02202217048034072,-0.004842517082579434,2700,2700
38,1,2,0.0007961648888131431,0.009626600962841438,9.26714460977797e-05,-0.006034516496583819,0.007686058641411364,2700,2700
38,2,0,0.008187778977681538,0.0076470695413334505,5.8477672569989796e-05,0.0033385955030098557,0.013531985459849238,2700,2700
38,2,1,0.0007961650512017379,0.009626601088488361,9.267144851688529e-05,-0.006034512887708843,0.00768605840858072,2700,2700
38,2,2,0.005745032418721908,0.014387525546707601,0.00020700089135716388,-0.0038716813432984054,0.015009309398010373,2700,2700
39,0,0,0.004144046346519492,0.01712278345943152,0.0002931897133985816,-0.007419409230351448,0.016557563096284866,2547,2547
39,0,1,-0.007099363033801996,0.007248961562144938,5.254744372945479e-05,-0.012045145034790039,-0.0025323755107820034,2547,2547
39,0,2,0.00036296742993125765,0.008097004263277271,6.556147803953031e-05,-0.005097293993458152,0.006129281595349312,2547,2547
39,1,0,-0.007099363196632614,0.007248961778020848,5.254744685920717e-05,-0.01204514317214489,-0.0025323752779513597,2547,2547
39,1,1,0.007003394150268442,0.016069517595958475,0.000258229395766819,-0.003973924787715077,0.016623406670987606,2547,2547
39,1,2,-0.006813238512237952,0.008819194191118988,7.77781861806669e-05,-0.012497888412326574,-0.001053693937137723,2547,2547
39,2,0,0.0003629674386841175,0.008097004275740118,6.556147824135375e-05,-0.0050972928293049335,0.006129281362518668,2547,2547
39,2,1,-0.006813238496606212,0.008819194109606165,7.777818474291209e-05,-0.012497889343649149,-0.0010536984191276133,2547,2547
39,2,2,0.0017911196894476408,0.014288600222673215,0.00020416409632337707,-0.007023918209597468,0.010675716679543257,2547,2547
40,0,0,0.0209271940257887,0.01752245684509013,0.0003070364938880459,0.00919792428612709,0.03334401547908783,2629,2629
40,0,1,0.0012291216883178386,0.007547023202725084,5.6957559222470784e-05,-0.0038266959600150585,0.006530872080475092,2629,2629
40,0,2,-0.005700715273123324,0.007170220312364452,5.141205932784378e-05,-0.01071858312934637,-0.0006491661770269275,2629,2629
40,1,0,0.0012291218226366102,0.007547023162590652,5.6957558616679806e-05,-0.00382669223472476,0.00653087766841054,2629,2629
40,1,1,0.012460497323436112,0.018976661675838728,0.00036011368835924624,-0.0005144262686371803,0.02581469528377056,2629,2629
40,1,2,-0.005838750725442536,0.00853872633661635,7.290984745162565e-05,-0.011076011694967747,-0.00033399066887795925,2629,2629
40,2,0,-0.0057007152968857324,0.007170220317397179,5.14120594000153e-05,-0.01071858499199152,-0.0006491695530712605,2629,2629
40,2,1,-0.0058387508502823595,0.008538726360105702,7.290984785276397e-05,-0.011076011694967747,-0.00033398880623281,2629,2629
40,2,2,0.00584857666766864,0.01562603814413364,0.00024417306808191953,-0.004757005721330643,0.01568800024688244,2629,2629
41,0,0,0.0022624132291539758,0.013042675679497307,0.00017011138888055056,-0.006556241889484227,0.010223924648016691,2574,2574
41,0,1,-0.007563153541820209,0.006780859584579905,4.5980056705789156e-05,-0.012009760830551386,-0.0029791909037157893,2574,2574
41,0,2,-0.01129102254050638,0.008104373946014196,6.568087705683372e-05,-0.017334092874079943,-0.006025916314683855,2574,2574
41,1,0,-0.00756315354518965,0.0067808596073995345,4.598005701526257e-05,-0.012009759666398168,-0.002979188458994031,2574,2574
41,1,1,0.0052816491363425,0.01628042973844293,0.0002650523924683769,-0.005825028638355434,0.01685784012079239,2574,2574
41,1,2,-0.00799839616057428,0.008618005119068692,7.427001223229419e-05,-0.013876896817237139,-0.0025716173695400357,2574,2574
41,2,0,-0.011291022536040175,0.008104373972597546,6.568087748771653e-05,-0.017334096133708954,-0.006025917129591107,2574,2574
41,2,1,-0.00799839598073884,0.00861800501989118,7.42700105228696e-05,-0.013876898214221,-0.002571617311332375,2574,2574
41,2,2,0.002597368505263309,0.013603097864905156,0.00018504427152218723,-0.00614900654181838,0.012021689210087061,2574,2574
42,0,0,0.012645846080491956,0.013074803030890647,0.00017095047429658726,0.004323476227000356,0.02169651910662651,2415,2415
42,0,1,-0.00023786327109299023,0.006824892853588754,4.657916246296685e-05,-0.0044068205170333385,0.0045197708532214165,2415,2415
42,0,2,-0.0004725742279879718,0.007715378341891783,5.9527062958532804e-05,-0.005418456858024001,0.004496453329920769,2415,2415
42,1,0,-0.00023786329370720878,0.006824892951802126,4.657916380355834e-05,-0.004406821448355913,0.004519771318882704,2415,2415
42,1,1,0.009355581634690961,0.015361989029822352,0.0002359907069523823,-0.0009747263393364847,0.019461853429675102,2415,2415
42,1,2,0.006740679915085258,0.010346933082946102,0.00010705902422296454,0.0005802348023280501,0.013701103162020445,2415,2415
42,2,0,-0.0004725741609587772,0.007715378350997594,5.952706309904235e-05,-0.00541845615953207,0.004496453795582056,2415,2415
42,2,1,0.006740679970822407,0.010346933206199886,0.00010705902677356186,0.000580239633563906,0.013701103162020445,2415,2415
42,2,2,-0.002307264255125974,0.017353468607378294,0.0003011428727072639,-0.011978687718510628,0.007984592579305172,2415,2415
43,0,0,-0.02531621345463377,0.013882501680193027,0.00019272385290056222,-0.034536668099462986,-0.01641024835407734,2162,2162
43,0,1,-0.0008301899755852504,0.006066432677466896,3.680160543023817e-05,-0.004625519039109349,0.0033105105394497514,2162,2162
43,0,2,0.00200476382745059,0.006568118775413927,4.314018424794494e-05,-0.002463153505232185,0.006304113776423037,2162,2162
43,1,0,-0.0008301900319957969,0.006066432678642031,3.680160544449592e-05,-0.004625521483831108,0.0033105126349255443,2162,2162
43,1,1,-0.03825959408221548,0.013722742975612733,0.0001883136747747286,-0.04794295225292444,-0.028779228683561087,2162,2162
43,1,2,-0.007928321812635504,0.010025555838847578,0.00010051176987785079,-0.015318058198317885,-0.0009920854354277253,2162,2162
43,2,0,0.0020047638100313685,0.0065681187860202545,4.314018438727218e-05,-0.0024631519336253405,0.006304110283963382,2162,2162
43,2,1,-0.007928321786950904,0.010025556015635219,0.00010051177342263953,-0.01531806355342269,-0.0009920853190124035,2162,2162
43,2,2,-0.0301885012190795,0.01291022218504245,0.0001666738368671623,-0.03944528941065073,-0.022265487350523472,2162,2162
44,0,0,0.006498439239754901,0.01776570128261931,0.0003156201420632615,-0.005645476747304201,0.018901584669947624,1813,1813
44,0,1,0.006521604060345898,0.00722569229564859,5.22106291513954e-05,0.0017111104680225253,0.011300817131996155,1813,1813
44,0,2,0.009285437037516052,0.008696232531411647,7.562446024038223e-05,0.0038463398814201355,0.015403205528855324,1813,1813
44,1,0,0.006521604016296857,0.007225692466905739,5.221063162629834e-05,0.0017111082561314106,0.011300818994641304,1813,1813
44,1,1,-0.006212087265712232,0.019087071001501633,0.00036431627941636456,-0.019744083285331726,0.0067731947638094425,1813,1813
44,1,2,0.009321826749928944,0.011744993726716297,0.0001379448776406052,0.0023467515129595995,0.017644060775637627,1813,1813
44,2,0,0.009285436950782463,0.008696232586271321,7.56244611945272e-05,0.0038463419768959284,0.015403209254145622,1813,1813
44,2,1,0.009321826863422644,0.011744993831368135,0.00013794488009887554,0.0023467596620321274,0.017644060775637627,1813,1813
44,2,2,0.007759708098263798,0.018169887091276128,0.0003301447969097229,-0.004219404421746731,0.019919220358133316,1813,1813
45,0,0,-0.008960058984329932,0.015144363323590005,0.0002293517404768981,-0.018224716186523438,0.0008264903444796801,2529,2529
45,0,1,-0.0014704597892755986,0.008195914184612076,6.717300932152543e-05,-0.007139930035918951,0.004087752662599087,2529,2529
45,0,2,0.006951361192686217,0.00793822802561828,6.301546418671151e-05,0.0011817137710750103,0.012520933523774147,2529,2529
45,1,0,-0.0014704597776754953,0.008195914293580988,6.717301110772515e-05,-0.007139929570257664,0.004087752662599087,2529,2529
45,1,1,-0.02612057348928295,0.01614534327571879,0.000260672109490798,-0.03690348193049431,-0.014646634459495544,2529,2529
45,1,2,-0.0028895291363031997,0.009155574955625271,8.382455276807269e-05,-0.009397139772772789,0.0035081529058516026,2529,2529
45,2,0,0.006951361204792675,0.00793822803386575,6.301546431765211e-05,0.0011817135382443666,0.012520940974354744,2529,2529
45,2,1,-0.002889529134692074,0.009155574757401549,8.382454913836845e-05,-0.009397131390869617,0.003508149180561304,2529,2529
45,2,2,-0.021887679918080504,0.012106093871154841,0.0001465575088172128,-0.029225273057818413,-0.01386270672082901,2529,2529
46,0,0,-0.015959561696189752,0.015951973204009737,0.00025446544910144467,-0.028177088126540184,-0.004575525177642703,2951,2951
46,0,1,-0.0009002952897363863,0.008328671236761644,6.936676457006073e-05,-0.0065580448135733604,0.005079067777842283,2951,2951
46,0,2,0.009043936122877738,0.00988954663314929,9.780313260923446e-05,0.002287787152454257,0.01566461194306612,2951,2951
46,1,0,-0.0009002953570272827,0.008328671068846397,6.936676177303899e-05,-0.006558044580742717,0.005079070804640651,2951,2951
46,1,1,-0.011928824047767959,0.017923619790930875,0.0003212561464098489,-0.024216212332248688,0.0005405572010204196,2951,2951
46,1,2,0.006012121742960982,0.009570261936464422,9.158991353253973e-05,-0.000595487654209137,0.012688054703176022,2951,2951
46,2,0,0.009043936069433598,0.009889546568498182,9.780313133049415e-05,0.002287785755470395,0.01566461194306612,2951,2951
46,2,1,0.006012121816904041,0.009570262006073766,9.158991486489905e-05,-0.000595488992985338,0.012688055168837309,2951,2951
46,2,2,-0.0032515038803583676,0.013516047070365687,0.00018268352840834087,-0.0124672157689929,0.006840880261734128,2951,2951
47,0,0,0.004011389213921681,0.016884314009815507,0.00028508005958205224,-0.008400555700063705,0.01630170177668333,2759,2759
47,0,1,-0.0005910415008019648,0.006094578432956527,3.714388627545884e-05,-0.0046832088846713305,0.003597055794671178,2759,2759
47,0,2,-0.005777924421804391,0.008525852762080517,7.2690165320676e-05,-0.012085162568837404,0.00035977293737232685,2759,2759
47,1,0,-0.0005910415265460382,0.006094578350563844,3.7143885271161505e-05,-0.004683209350332618,0.0035970534663647413,2759,2759
47,1,1,0.024524096291864663,0.01653334420829361,0.00027335147070991583,0.01414384413510561,0.035431547090411186,2759,2759
47,1,2,0.011958066193343367,0.008917078010754672,7.951428024988448e-05,0.006083901505917311,0.018321643583476543,2759,2759
47,2,0,-0.005777924337372692,0.008525852675960819,7.269016385218827e-05,-0.012085160706192255,0.0003597732284106314,2759,2759
47,2,1,0.011958066255686114,0.008917078085266322,7.951428157873689e-05,0.006083901040256023,0.018321645446121693,2759,2759
47,2,2,0.01745303349214202,0.015527208164849838,0.00024109419339457948,0.0064589332323521376,0.02870435919612646,2759,2759
48,0,0,-0.009308260698210884,0.01373426873238998,0.00018863013761350505,-0.0172342243604362,0.0004291994555387646,2706,2706
48,0,1,0.000701060029288705,0.008805225920066929,7.753200350341849e-05,-0.004781502764672041,0.006748903077095747,2706,2706
48,0,2,0.006529359001766891,0.0071978850559064845,5.180954927804189e-05,0.0022064041113480926,0.011592543218284845,2706,2706
48,1,0,0.0007010600306653829,0.00880522589559883,7.75320030725242e-05,-0.0047814997378736734,0.006748906336724758,2706,2706
48,1,1,-0.027167334225433496,0.020378171313366368,0.0004152698660769079,-0.041782600805163383,-0.013414605055004358,2706,2706
48,1,2,-0.005189766441958874,0.010117027476053872,0.000102354244951229,-0.012666633352637291,0.0014949336182326078,2706,2706
48,2,0,0.0065293589412038205,0.00719788511327411,5.180955010389305e-05,0.0022064067889004946,0.011592545546591282,2706,2706
48,2,1,-0.005189766311728375,0.010117027544580208,0.00010235424633779463,-0.012666634283959866,0.0014949320466257632,2706,2706
48,2,2,-0.026396556192522364,0.014831254238667354,0.00021996610229198834,-0.036816658452153206,-0.016119289677590132,2706,2706
49,0,0,-0.0010182842650563917,0.017789773800234505,0.00031647605186351007,-0.011907592415809631,0.010966127272695303,2675,2675
49,0,1,0.0017357388462231572,0.006730590052289862,4.530084245198325e-05,-0.0024512686068192124,0.006197355687618256,2675,2675
49,0,2,0.009900092735286001,0.008326721735313469,6.933429485734175e-05,0.005066722398623824,0.015884333290159702,2675,2675
49,1,0,0.0017357389233945478,0.00673058993075457,4.5300840815974805e-05,-0.002451268141157925,0.006197358714416623,2675,2675
49,1,1,-0.0375730954041426,0.016578005829390126,0.00027483027727929295,-0.048518646508455276,-0.02820689883083105,2675,2675
49,1,2,-0.008493289490748266,0.009501995595775739,9.028792030214153e-05,-0.0144919459708035,-0.0026613834779709578,2675,2675
49,2,0,0.009900092667786875,0.008326721666546312,6.933429371213179e-05,0.005066721001639962,0.01588433515280485,2675,2675
49,2,1,-0.00849328957069404,0.009501995626558197,9.02879208871311e-05,-0.014491941314190626,-0.0026613755617290735,2675,2675
49,2,2,-0.013405062360732564,0.012253530761892579,0.0001501490161326477,-0.021600471809506416,-0.00608345796354115,2675,2675
50,0,0,-0.008119705354528134,0.019618118153826684,0.00038487055989750406,-0.02141440659761429,0.0044867731630802155,3833,3833
50,0,1,-0.005827303006305359,0.0078065921403199364,6.094288084530501e-05,-0.011209752410650253,-0.0004064294043928385,3833,3833
50,0,2,-0.0031237967859241967,0.009252526684650847,8.5609250050176e-05,-0.00952407717704773,0.0029050279408693314,3833,3833
50,1,0,-0.005827303074550917,0.007806592162873019,6.094288119743044e-05,-0.011209752410650253,-0.0004064328968524933,3833,3833
50,1,1,0.0020737839122876253,0.023172399263821756,0.0005369600876419671,-0.013998226262629032,0.018949957564473152,3833,3833
50,1,2,-0.005073174312607194,0.010171680672239784,0.00010346308769801637,-0.011964798904955387,0.001296299509704113,3833,3833
50,2,0,-0.0031237967704041787,0.009252526644361802,8.560924930462507e-05,-0.00952407717704773,0.0029050279408693314,3833,3833
50,2,1,-0.005073174207042217,0.010171680827336629,0.00010346309085320757,-0.011964784935116768,0.001296298112720251,3833,3833
50,2,2,-0.01083328071102707,0.016955939594160876,0.0002875038875208325,-0.022480584681034088,0.0006489381194114685,3833,3833
51,0,0,0.017594213612889834,0.013535148751364254,0.00018320025172155734,0.008474428206682205,0.026858506724238396,2517,2517
51,0,1,-0.0024295155553342935,0.007551233561104371,5.7021128294349e-05,-0.007700030226260424,0.0026681823655962944,2517,2517
51,0,2,-0.006984789039899681,0.00686485573574891,4.712624427264471e-05,-0.01144387200474739,-0.0024766288697719574,2517,2517
51,1,0,-0.0024295156193234065,0.00755123366489644,5.702112986186532e-05,-0.007700028829276562,0.0026681777089834213,2517,2517
51,1,1,0.007635313368803284,0.015606120644827562,0.00024355100158091305,-0.002136973198503256,0.01820778287947178,2517,2517
51,1,2,-0.007738760092884397,0.008268001387791886,6.835984694852855e-05,-0.013491043820977211,-0.002392061986029148,2517,2517
51,2,0,-0.006984789055763985,0.006864855594531439,4.71262423337696e-05,-0.011443876661360264,-0.002476625144481659,2517,2517
51,2,1,-0.007738759954198921,0.008268001448749757,6.835984795652806e-05,-0.013491043820977211,-0.0023920638486742973,2517,2517
51,2,2,-0.002199552471301399,0.010567812128658899,0.00011167865318663012,-0.009597968310117722,0.0052658552303910255,2517,2517
52,0,0,0.008654755161116613,0.013716325622363796,0.00018813758857871358,-0.00015624193474650383,0.01711449772119522,2326,2326
52,0,1,-0.0031218033406495292,0.006431104309775609,4.1359102643214405e-05,-0.007386616198346019,0.000945216859690845,2326,2326
52,0,2,-0.009773429146016286,0.007126335493626195,5.0784657567716505e-05,-0.014431140152737498,-0.005475419107824564,2326,2326
52,1,0,-0.003121803362508683,0.006431104260125533,4.1359102004604783e-05,-0.007386617246083915,0.0009452158701606095,2326,2326
52,1,1,0.013720518217246595,0.012959855684347016,0.00016795785935910164,0.005113638355396688,0.022319782059639692,2326,2326
52,1,2,-0.00040669525787414483,0.009672745147986021,9.35619986978871e-05,-0.006732901791110635,0.006083171465434134,2326,2326
52,2,0,-0.009773428998870522,0.007126335467306773,5.0784657192594446e-05,-0.014431139919906855,-0.005475419573485851,2326,2326
52,2,1,-0.00040669541155763475,0.00967274502098172,9.356199624092666e-05,-0.006732902606017888,0.006083169835619628,2326,2326
52,2,2,-0.005495344299958379,0.014171251122559386,0.00020082435837864065,-0.014804295264184475,0.0036789150908589363,2326,2326
53,0,0,0.011261897478895312,0.014048594119057118,0.00019736299672200623,0.0009393231011927128,0.019739477895200253,2594,2594
53,0,1,0.0005197198009893044,0.008220682747819648,6.757962484029959e-05,-0.0053190509788692,0.005533867399208248,2594,2594
53,0,2,-0.005890438928278813,0.0074913827275498125,5.6120815170631664e-05,-0.011217889143154025,-0.0011031459143850952,2594,2594
53,1,0,0.0005197197984199994,0.008220682600940053,6.757962242539852e-05,-0.005319053772836924,0.005533862742595375,2594,2594
53,1,1,0.03232777347198419,0.019958664398101452,0.00039834828455604244,0.01977339806035161,0.04662422463297844,2594,2594
53,1,2,0.007798166085212912,0.009265111159815001,8.584228480372848e-05,0.002337015699595213,0.014256759081035852,2594,2594
53,2,0,-0.005890439064728263,0.007491382706373126,5.612081485334635e-05,-0.011217887979000807,-0.001103144430089742,2594,2594
53,2,1,0.00779816617364076,0.009265111211260045,8.58422857570166e-05,0.0023370158742181957,0.014256765367463231,2594,2594
53,2,2,0.03142954926710643,0.014160564430982165,0.00020052158500399726,0.022468412294983864,0.04140346031636,2594,2594
54,0,0,0.01182905704766556,0.01890804555372169,0.0003575141866616145,-0.00031168246641755104,0.02567864628508687,2034,2034
54,0,1,0.0011881497201553044,0.008123678032828,6.59941447810522e-05,-0.004736629663966596,0.007534805568866432,2034,2034
54,0,2,0.0006971671587396999,0.009399247405236762,8.834585178484999e-05,-0.00667119154240936,0.008084306260570884,2034,2034
54,1,0,0.0011881498411350912,0.008123678057084251,6.599414517515217e-05,-0.0047366294311359525,0.007534806150943041,2034,2034
54,1,1,0.0038210045434943205,0.022512910052388417,0.0005068311190269314,-0.010324509115889668,0.019631230272352695,2034,2034
54,1,2,0.0025095063554414483,0.010426310716319732,0.00010870795515324368,-0.004462350043468177,0.01009799400344491,2034,2034
54,2,0,0.0006971671977308198,0.009399247336414847,8.834585049110159e-05,-0.006671191425994039,0.008084306493401527,2034,2034
54,2,1,0.0025095062920111235,0.010426310686619825,0.00010870795453392277,-0.0044623438734561205,0.010097993537783623,2034,2034
54,2,2,0.021171915301281114,0.01184202736425149,0.00014023361209568108,0.013226985232904553,0.029086222872138023,2034,2034
55,0,0,-0.008440500620173456,0.01806360874377314,0.00032629396084811734,-0.019916115328669548,0.0033816308714449406,2438,2438
55,0,1,-0.005473317147828373,0.007198010041241706,5.181134855381643e-05,-0.010097733698785305,-0.0008915255311876535,2438,2438
55,0,2,-0.0008195205086838264,0.008796810938234778,7.738388268304703e-05,-0.006773981731384993,0.005299190757796168,2438,2438
55,1,0,-0.005473317178669122,0.0071980099762989904,5.181134761889979e-05,-0.010097735561430454,-0.0008915312500903383,2438,2438
55,1,1,-0.008209773801626038,0.013746603136831077,0.00018896909780153403,-0.017914473544806242,0.000144304329296574,2438,2438
55,1,2,0.0010552306417568715,0.010117264284571534,0.00010235903660386673,-0.005428949720226228,0.007476380444131792,2438,2438
55,2,0,-0.0008195205692730353,0.008796811039771178,7.738388446944007e-05,-0.006773980683647096,0.0052991926204413176,2438,2438
55,2,1,0.0010552306601407512,0.010117264194745785,0.00010235903478628507,-0.00542894983664155,0.007476380094885826,2438,2438
55,2,2,-0.01846004080719626,0.014162674783957557,0.00020058135703614723,-0.02713868860155344,-0.010650049662217498,2438,2438
56,0,0,-0.006358114055215681,0.012810693025150045,0.000164113855784628,-0.015347834210842848,0.0015945835039019585,2782,2782
56,0,1,-0.000706125776610929,0.006938827629801138,4.814732887609168e-05,-0.0054001371609047055,0.0038662314764223993,2782,2782
56,0,2,0.00023042749359979115,0.007480717316143969,5.596113156405623e-05,-0.004737257142551243,0.005032470333389938,2782,2782
56,1,0,-0.0007061256477150646,0.006938827671717602,4.814732945779392e-05,-0.005400134017691016,0.00386623153463006,2782,2782
56,1,1,-0.00914266010826955,0.013640595684628713,0.00018606585063151145,-0.01872353721410036,-5.553802475333214e-05,2782,2782
56,1,2,-0.012122019138516078,0.01025206875460898,0.00010510491374922974,-0.019298244267702103,-0.0052301897667348385,2782,2782
56,2,0,0.00023042749546193413,0.007480717354861893,5.5961132143331916e-05,-0.004737257258966565,0.00503247301094234,2782,2782
56,2,1,-0.01212201912131741,0.010252068805200791,0.00010510491478657116,-0.01929824287071824,-0.0052301944233477116,2782,2782
56,2,2,0.0005499640401787715,0.013174400787981051,0.00017356483612235575,-0.008693451061844826,0.008552694227546453,2782,2782
57,0,0,-0.02675873446099738,0.014071143101310782,0.00019799706817756602,-0.03675028122961521,-0.018224626779556274,2856,2856
57,0,1,-0.00032910169092570634,0.006639792300151669,4.40868417891534e-05,-0.004938616068102419,0.004168340936303139,2856,2856
57,0,2,0.004289805500940995,0.007941570566793007,6.3068543067353e-05,-0.0011218064464628696,0.009926266735419631,2856,2856
57,1,0,-0.00032910178572205886,0.00663979240762176,4.408684321631157e-05,-0.004938614787533879,0.00416833849158138,2856,2856
57,1,1,0.0021820391166711642,0.014888934084278533,0.00022168035816599104,-0.0084408784750849,0.012569996062666178,2856,2856
57,1,2,0.015051862613405366,0.009438712903553548,8.908930127570827e-05,0.00857829861342907,0.021746117621660233,2856,2856
57,2,0,0.00428980564127832,0.007941570667735801,6.306854467064165e-05,-0.0011218052823096514,0.009926266968250275,2856,2856
57,2,1,0.015051862623096452,0.00943871300504607,8.908930319162582e-05,0.008578302105888724,0.021746117155998945,2856,2856
57,2,2,0.015605611119883856,0.016086485651622476,0.00025877502061985575,0.004447231418453157,0.027336763218045235,2856,2856
58,0,0,-0.0028570830521918006,0.017628065367828263,0.00031074868861242615,-0.015005457680672407,0.010030343662947416,2474,2474
58,0,1,0.0014595707610183454,0.007270970073914243,5.286700581575649e-05,-0.003459300147369504,0.0060824776301160455,2474,2474
58,0,2,0.005677973679526617,0.00925279459169641,8.561420775612633e-05,-0.001093864266294986,0.012419352773576975,2474,2474
58,1,0,0.0014595707850754728,0.0072709700443094934,5.2867005385245995e-05,-0.003459304920397699,0.006082479027099907,2474,2474
58,1,1,0.015414442710286979,0.021126376226608297,0.0004463237724682002,-0.00029292143881320953,0.03014588449150324,2474,2474
58,1,2,0.011740085528118848,0.009248126309672085,8.552784023964901e-05,0.005460223648697138,0.018700874876230955,2474,2474
58,2,0,0.005677973767790982,0.009252794558812947,8.56142071475985e-05,-0.001093867002055049,0.01241935370489955,2474,2474
58,2,1,0.01174008546327636,0.009248126243565266,8.55278390169206e-05,0.005460222717374563,0.018700869753956795,2474,2474
58,2,2,0.004687946742322321,0.014291398643918013,0.00020424407519938163,-0.005010617198422551,0.014133881777524948,2474,2474
59,0,0,0.0062638196750505,0.017816497933476578,0.00031742759861357517,-0.0043062688782811165,0.018702218309044838,2077,2077
59,0,1,-0.0014473830567664778,0.007750257129389405,6.0066485571651305e-05,-0.006662128493189812,0.004151436034590006,2077,2077
59,0,2,-0.004146028596222478,0.007975305290683167,6.360549447959891e-05,-0.009563597850501537,0.0014559272676706314,2077,2077
59,1,0,-0.0014473831483797872,0.0077502573562593805,6.006648908825264e-05,-0.006662128493189812,0.00415143184363842,2077,2077
59,1,1,-0.01622372850649943,0.022705239460662083,0.0005155278989660067,-0.03149186819791794,-0.0019970505964010954,2077,2077
59,1,2,-0.008419400547512484,0.010156262153894204,0.00010314966093862372,-0.016091911122202873,-0.0014441641978919506,2077,2077
59,2,0,-0.004146028617213107,0.007975305207381066,6.360549315087953e-05,-0.009563600644469261,0.0014559312257915735,2077,2077
59,2,1,-0.008419400556536493,0.010156262314174,0.00010314966419431101,-0.016091911122202873,-0.001444170717149973,2077,2077
59,2,2,0.0023817679026246173,0.012883589939086268,0.00016598688971852492,-0.0057006943970918655,0.010206877253949642,2077,2077
60,0,0,-0.0009737295684496276,0.013735800709331955,0.00018867222112648426,-0.009556290693581104,0.007386025274172425,2379,2379
60,0,1,-0.001690669497794326,0.006650532351207376,4.422958055445591e-05,-0.005963693838566542,0.0026014767354354262,2379,2379
60,0,2,-0.004133370249001125,0.009170347564231695,8.40952744488102e-05,-0.009849573485553265,0.001750660128891468,2379,2379
60,1,0,-0.0016906695363241764,0.00665053243376255,4.422958165252762e-05,-0.0059636973310261965,0.00260147952940315,2379,2379
60,1,1,-0.012129745883155636,0.017221515905988038,0.000296580610100199,-0.0232767965644598,-0.0009492812678217888,2379,2379
60,1,2,-0.00805682610817678,0.007846755481499724,6.157157158644596e-05,-0.013532171491533518,-0.002764088218100369,2379,2379
60,2,0,-0.004133370339016251,0.009170347672053122,8.409527642633011e-05,-0.00984957441687584,0.0017506613512523472,2379,2379
60,2,1,-0.008056826115969608,0.00784675529591627,6.157156867399002e-05,-0.013532168697565794,-0.0027640879852697253,2379,2379
60,2,2,-0.0011278315683110988,0.012799566929931987,0.00016382891359380855,-0.009389051236212254,0.0075467105489224195,2379,2379
61,0,0,-0.003077711586737805,0.016236925540790214,0.0002636377510171656,-0.013574492651969194,0.007188138202764094,2418,2418
61,0,1,-0.0026917661718901505,0.008598909934699564,7.394125206507486e-05,-0.008947702823206782,0.0033085772302001715,2418,2418
61,0,2,-0.0022103406482131003,0.008977822766275243,8.060130162265006e-05,-0.008791359141469002,0.003078847541473806,2418,2418
61,1,0,-0.0026917661874290445,0.008598910023199959,7.394125358708871e-05,-0.008947699796408415,0.003308575483970344,2418,2418
61,1,1,0.0002888143383299395,0.015979692877973423,0.0002553505844743545,-0.011262799380347133,0.011279015336185694,2418,2418
61,1,2,0.006276045275929694,0.008314647415604354,6.913336164581618e-05,0.0005938512913417071,0.011806785594671965,2418,2418
61,2,0,-0.0022103406494528416,0.008977822780047294,8.060130186993612e-05,-0.008791360771283507,0.0030788489966653287,2418,2418
61,2,1,0.006276045272848396,0.008314647444370844,6.91333621241826e-05,0.0005938533286098391,0.011806783499196172,2418,2418
61,2,2,-0.003444996169718973,0.011435895969186082,0.00013077971661804648,-0.0114542949013412,0.0036515509127639234,2418,2418
62,0,0,0.011905773266577102,0.019894591538399103,0.0003957947724797412,-0.001240773912286386,0.02566508436575532,3246,3246
62,0,1,0.006072071684961315,0.007789369791155685,6.067428174336876e-05,0.001105317729525268,0.011546527734026313,3246,3246
62,0,2,-0.002423455485408737,0.00896074388485969,8.02949309700503e-05,-0.008947859751060605,0.003996004583314061,3246,3246
62,1,0,0.006072071766126572,0.007789369883110278,6.067428317590542e-05,0.0011053115595132113,0.011546524940058589,3246,3246
62,1,1,0.015311239997987797,0.0208605018739994,0.0004351605384351325,0.0010998808429576457,0.030093425419181585,3246,3246
62,1,2,0.007545426168999917,0.009035635454328471,8.164270806351768e-05,0.0016841758042573929,0.013665701961144805,3246,3246
62,2,0,-0.002423455464535749,0.008960743894735558,8.029493114704058e-05,-0.008947856724262238,0.003996006562374532,3246,3246
62,2,1,0.007545426159693148,0.009035635496846607,8.164270883187445e-05,0.0016841769393067807,0.013665697071701288,3246,3246
62,2,2,0.009459746125006724,0.01558251971571169,0.00024281492069054355,-0.0012939776643179357,0.02025746088474989,3246,3246
63,0,0,-0.008329069925700892,0.01767578131474849,0.00031243324508681183,-0.02079551387578249,0.0045586287742480636,3140,3140
63,0,1,0.0008945431445067552,0.00692741321368035,4.7989053833073115e-05,-0.004088345216587186,0.005943205789662898,3140,3140
63,0,2,0.007031011003923044,0.007541547233327078,5.687493467250331e-05,0.002142137847840786,0.011905022896826267,3140,3140
63,1,0,0.0008945432545451868,0.006927413333625014,4.798905549488563e-05,-0.0040883393958210945,0.0059432125417515635,3140,3140
63,1,1,-0.02747696199650679,0.021471587302717036,0.0004610290612981995,-0.04263422545045614,-0.013105814578011632,3140,3140
63,1,2,-0.0019490281823254338,0.012598852482834908,0.00015873108388423534,-0.011482792906463146,0.00785037036985159,3140,3140
63,2,0,0.007031011024434757,0.00754154718517382,5.687493394620317e-05,0.0021421407582238317,0.011905024526640773,3140,3140
63,2,1,-0.0019490283161010978,0.012598852470053401,0.0001587310835621707,-0.011482791509479284,0.007850369438529015,3140,3140
63,2,2,-0.003545670322873659,0.020112509726570017,0.0004045130475013735,-0.018889800179749727,0.011371791828423738,3140,3140
64,0,0,0.0033892683341926466,0.016090873466485075,0.0002589162089144334,-0.007793479831889272,0.014016479719430208,1871,1871
64,0,1,-0.0015691814716637309,0.007832023826929622,6.134059722559333e-05,-0.00653539109043777,0.004148516338318586,1871,1871
64,0,2,0.003676964526755595,0.008454299134692844,7.147517385886815e-05,-0.0022626365534961224,0.009520957712084055,1871,1871
64,1,0,-0.0015691813610505087,0.007832023745346734,6.13405959476751e-05,-0.006535389460623264,0.0041485128458589315,1871,1871
64,1,1,0.013501253536321723,0.022945637615144607,0.0005265022855655391,-0.0016157756326720119,0.02947863657027483,1871,1871
64,1,2,0.005164177885700544,0.011408492960418315,0.00013015371162791427,-0.0029377200407907367,0.013883625157177448,1871,1871
64,2,0,0.0036769643905229135,0.008454299115341707,7.147517353166758e-05,-0.0022626423742622137,0.009520959574729204,1871,1871
64,2,1,0.005164177791606973,0.011408492748893075,0.00013015370680154588,-0.0029377207392826676,0.013883616775274277,1871,1871
64,2,2,0.004516084380806257,0.017151038048351167,0.00029415810613598947,-0.007642160402610898,0.016362765803933144,1871,1871
65,0,0,0.01163065941318714,0.014844156807224847,0.00022034899131747978,0.0018366817384958267,0.021489525213837624,2729,2729
65,0,1,5.8876835449019254e-05,0.007608339860431857,5.788683543183625e-05,-0.0058987559750676155,0.00584728829562664,2729,2729
65,0,2,0.009138874361874586,0.007885098489370955,6.217477818708013e-05,0.0040088798850774765,0.01487736776471138,2729,2729
65,1,0,5.887698870537527e-05,0.007608339945731696,5.788683672981658e-05,-0.005898757837712765,0.005847296677529812,2729,2729
65,1,1,-0.029184578596541354,0.02229473804076004,0.0004970553443061129,-0.046719424426555634,-0.013974614441394806,2729,2729
65,1,2,-0.009362363409679778,0.008341439930174202,6.957962010870461e-05,-0.015035117045044899,-0.00472024641931057,2729,2729
65,2,0,0.009138874400715242,0.007885098527973292,6.217477879584657e-05,0.004008879419416189,0.014877368696033955,2729,2729
65,2,1,-0.00936236346449608,0.008341439913150096,6.957961982469348e-05,-0.01503511518239975,-0.0047202399000525475,2729,2729
65,2,2,-0.004177207539786136,0.014469870881107315,0.00020937716331591736,-0.013561094179749489,0.005721460562199354,2729,2729
66,0,0,-0.003708272888353207,0.01998187508849197,0.00039927533205209604,-0.0179941114038229,0.00906459055840969,1577,1577
66,0,1,-0.0025845768199079023,0.008326588865239999,6.933208213073874e-05,-0.008285293355584145,0.0030107488855719566,1577,1577
66,0,2,0.0094457277205306,0.009565910672960936,9.150664700306793e-05,0.002990078879520297,0.016160286962985992,1577,1577
66,1,0,-0.002584576921448343,0.008326588704219701,6.933207944923913e-05,-0.008285298943519592,0.003010755404829979,1577,1577
66,1,1,-0.010156871981935938,0.022458199032646557,0.0005043707037899667,-0.025596998631954193,0.005548923276364803,1577,1577
66,1,2,0.003959265691808442,0.01291630733820656,0.00016683099525500864,-0.005257515702396631,0.013639803975820541,1577,1577
66,2,0,0.009445727759535638,0.009565910630696832,9.150664619447866e-05,0.0029900753870606422,0.016160283237695694,1577,1577
66,2,1,0.003959265763045465,0.01291630712162557,0.00016683098966015545,-0.005257518962025642,0.013639803975820541,1577,1577
66,2,2,0.01552473492394795,0.016542243092727126,0.0002736458065388783,0.004727933090180159,0.026712166145443916,1577,1577
67,0,0,0.021107707284383537,0.01567932210925967,0.00024584114180591906,0.010581981390714645,0.0325947031378746,2521,2521
67,0,1,0.00029900720733338327,0.00708281470753524,5.0166264181277515e-05,-0.004974900744855404,0.0053529031574726105,2521,2521
67,0,2,-0.004832512324562135,0.0075790442194802075,5.744191128083635e-05,-0.01033339835703373,0.0004908479750156403,2521,2521
67,1,0,0.0002990071913210815,0.0070828147165253276,5.016626430862776e-05,-0.004974900744855404,0.0053529031574726105,2521,2521
67,1,1,-0.0005232969680148535,0.016437195617561712,0.00027018139976998993,-0.011606289073824883,0.011224000714719296,2521,2521
67,1,2,-0.01113560848360222,0.010268521313501994,0.00010544252996584473,-0.017664752900600433,-0.004194962792098522,2521,2521
67,2,0,-0.004832512414055547,0.007579044128675553,5.7441909904411373e-05,-0.010333400219678879,0.0004908505361527205,2521,2521
67,2,1,-0.011135608657070748,0.010268521376130399,0.00010544253125204695,-0.017664747312664986,-0.004194963723421097,2521,2521
67,2,2,-0.015385180344721631,0.01576160127090755,0.00024842807462307446,-0.026997361332178116,-0.003856311086565256,2521,2521
68,0,0,-0.01989884802063382,0.0181422705120165,0.0003291419793311835,-0.03263593278825283,-0.007503115804865956,3787,3787
68,0,1,-0.0019214578480580562,0.007016495769450053,4.9231212882710493e-05,-0.006908719660714269,0.0029241556767374277,3787,3787
68,0,2,0.006006709773581687,0.008098018161809606,6.557789814899822e-05,0.0004607399459928274,0.011347804684191942,3787,3787
68,1,0,-0.0019214579276497698,0.007016495835458624,4.923121380900822e-05,-0.006908717565238476,0.002924159402027726,3787,3787
68,1,1,-0.017255697224970026,0.025026675787615887,0.0006263345009784393,-0.03549685515463352,0.00048609403893351555,3787,3787
68,1,2,0.00022672285876822898,0.013585136173376275,0.00018455592484917656,-0.010144263040274382,0.010477127507328987,3787,3787
68,2,0,0.006006709762438155,0.008098018090103997,6.55778969876516e-05,0.0004607384908013046,0.011347805615514517,3787,3787
68,2,1,0.00022672294833148225,0.01358513630191508,0.00018455592834161092,-0.010144264437258244,0.010477127972990274,3787,3787
68,2,2,-0.0030793536348829222,0.02029362584633651,0.0004118312499910972,-0.01691921055316925,0.010135423392057419,3787,3787
69,0,0,0.001892158552101487,0.015459311245392727,0.00023899030418192603,-0.007407337427139282,0.011563858948647976,2447,2447
69,0,1,0.004921795880961446,0.006284830110041704,3.949908951208682e-05,0.0007034216541796923,0.009296349249780178,2447,2447
69,0,2,0.010024955692556604,0.009100389121135834,8.281708215608744e-05,0.0037367967888712883,0.01670647133141756,2447,2447
69,1,0,0.004921795915292548,0.006284830131813294,3.9499089785748303e-05,0.0007034307345747948,0.009296350181102753,2447,2447
69,1,1,0.005322145762880728,0.01995922892369661,0.00039837081922852735,-0.008173622190952301,0.018625393509864807,2447,2447
69,1,2,0.0057579750510518375,0.009184737300828406,8.435939928522866e-05,-0.0007871975540183485,0.012098060920834541,2447,2447
69,2,0,0.010024955603639467,0.009100389196572647,8.281708352909616e-05,0.0037367948098108172,0.016706463880836964,2447,2447
69,2,1,0.0057579750820229755,0.00918473731777315,8.435939959649472e-05,-0.0007871998241171241,0.012098067440092564,2447,2447
69,2,2,-0.0034849233755262963,0.010405349997457554,0.00010827130856958992,-0.01035512937232852,0.003165959264151752,2447,2447
70,0,0,0.007388066308726447,0.022970514525347135,0.0005276445375591838,-0.010221018921583891,0.024461181834340096,1868,1868
70,0,1,0.0015918130372719224,0.008981900106049816,8.06745295150577e-05,-0.004852814716286957,0.007927266880869865,1868,1868
70,0,2,0.0062860606423697195,0.009096666967572461,8.274934991892396e-05,0.00016416714061051607,0.013049277011305094,1868,1868
70,1,0,0.0015918130165190841,0.00898190023506508,8.067453183266215e-05,-0.004852812737226486,0.007927264785394073,1868,1868
70,1,1,0.02630367945281792,0.017969759165542044,0.0003229122444675823,0.014308130368590355,0.03911760076880455,1868,1868
70,1,2,0.012851318442566834,0.010241946518738996,0.00010489746849270986,0.006510016857646406,0.01997350063174963,1868,1868
70,2,0,0.006286060692047216,0.00909666706776274,8.274935174171917e-05,0.00016416836297139525,0.013049278408288956,1868,1868
70,2,1,0.012851318429012054,0.010241946520274646,0.00010489746852416594,0.006510023260489106,0.019973494112491608,1868,1868
70,2,2,0.024758179950044486,0.013476989063649634,0.00018162923422173185,0.01617015479132533,0.03388274274766445,1868,1868
71,0,0,-0.0005798165018916161,0.011578001329195524,0.00013405011477885334,-0.008383841253817081,0.006507127545773983,2405,2405
71,0,1,-0.004458692169427802,0.006585378471451853,4.336720961226154e-05,-0.008556641638278961,-0.0002881120890378952,2405,2405
71,0,2,0.0007279152294699288,0.007392531538896022,5.46495225535724e-05,-0.0043895067647099495,0.006062651053071022,2405,2405
71,1,0,-0.00445869222070137,0.00658537831929593,4.336720760825289e-05,-0.00855664350092411,-0.00028810836374759674,2405,2405
71,1,1,-0.007027392001985839,0.014100370566451505,0.00019882045011125192,-0.015945542603731155,0.0025508056860417128,2405,2405
71,1,2,-0.004221550105217062,0.008483875333089247,7.197614066740019e-05,-0.010182633996009827,0.0017020916566252708,2405,2405
71,2,0,0.0007279152705541303,0.007392531471245036,5.46495215533483e-05,-0.0043895067647099495,0.006062648259103298,2405,2405
71,2,1,-0.004221550184390372,0.008483875384686996,7.197614154289792e-05,-0.010182653553783894,0.0017020832747220993,2405,2405
71,2,2,0.0006955660405358698,0.01294151246725173,0.000167482744940032,-0.007525760680437088,0.010192028246819973,2405,2405
72,0,0,0.023761523999272605,0.017703288463623925,0.0003134064224262799,0.012150173541158438,0.03610525093972683,1987,1987
72,0,1,0.0040593041117838805,0.008434045185021102,7.113311818297764e-05,-0.0019121756195090711,0.010474285576492548,1987,1987
72,0,2,-0.00017849627210993918,0.010142923600753835,0.00010287889917072917,-0.007471048040315509,0.007294856943190098,1987,1987
72,1,0,0.004059304110963642,0.008434045089725119,7.11331165755164e-05,-0.0019121734658256173,0.010474286507815123,1987,1987
72,1,1,0.016582118564533285,0.021361806122129238,0.0004563267607994382,0.0013945868704468012,0.03194586560130119,1987,1987
72,1,2,0.005724518810426764,0.010629123682224833,0.00011297827025203278,-0.0013716177782043815,0.01359311630949378,1987,1987
72,2,0,-0.00017849615364402035,0.010142923661865288,0.00010287890041042673,-0.007471049902960658,0.0072948625311255455,1987,1987
72,2,1,0.005724518973042769,0.010629123652900939,0.00011297826962865819,-0.0013716137618757784,0.01359311817213893,1987,1987
72,2,2,0.014481090019436186,0.01692908280778692,0.0002865938447129066,0.0037955022417008877,0.02549957949668169,1987,1987
73,0,0,0.002590793430243019,0.01543770777596571,0.00023832282137611216,-0.0076559887966141105,0.013153135078027844,2552,2552
73,0,1,-0.0068988880644656235,0.0061077982150693376,3.7305199036004186e-05,-0.010953466407954693,-0.002874255529604852,2552,2552
73,0,2,-0.011922778923137093,0.008515576680540435,7.251504620216405e-05,-0.017732010688632727,-0.0063486595172435045,2552,2552
73,1,0,-0.00689888799830915,0.006107798079631376,3.730519738154873e-05,-0.010953462217003107,-0.0028742628637701273,2552,2552
73,1,1,0.010953366873835302,0.018473510723275167,0.0003412705984429626,-0.0006186389946378767,0.024234929587692022,2552,2552
73,1,2,-0.0031141845653925478,0.008672289020260139,7.520859685092456e-05,-0.00866206199862063,0.002567296614870429,2552,2552
73,2,0,-0.011922778872615945,0.00851557667518367,7.251504611093218e-05,-0.017732013016939163,-0.00634866242762655,2552,2552
73,2,1,-0.0031141846052392497,0.008672289030184034,7.520859702305032e-05,-0.008662059903144836,0.0025673005147837102,2552,2552
73,2,2,0.00040321757226487545,0.013721459563633142,0.00018827845255641942,-0.00823084358125925,0.01018585148267448,2552,2552
74,0,0,0.004806183849670301,0.011689104031633533,0.0001366351530623513,-0.0030119691509753466,0.01229398651048541,2951,2951
74,0,1,0.005939884735686146,0.006630458816303146,4.396298411469212e-05,0.0017846524133346975,0.01043214462697506,2951,2951
74,0,2,0.010467892697312381,0.007197701609797033,5.18069084636748e-05,0.006301383255049586,0.015550236217677593,2951,2951
74,1,0,0.0059398847031058325,0.006630458756273364,4.396298331864212e-05,0.0017846476985141635,0.010432141367346048,2951,2951
74,1,1,0.004331974389757163,0.019055545842372307,0.00036311382735075256,-0.008045816328376532,0.01692984811961651,2951,2951
74,1,2,0.0022225337795070896,0.007617009899688298,5.801883981194953e-05,-0.00258029461838305,0.007187218405306339,2951,2951
74,2,0,0.010467892750105604,0.007197701546558161,5.180690755332574e-05,0.0063013790640980005,0.015550234355032444,2951,2951
74,2,1,0.002222533741329886,0.007617010031550578,5.801884182074213e-05,-0.002580298576503992,0.0071872235275805,2951,2951
74,2,2,0.010655618738185808,0.012792031322155385,0.00016363606534700444,0.0032443023519590497,0.019877907820045948,2951,2951
75,0,0,-0.003854772999908211,0.018533555671307992,0.0003434926858214727,-0.01740829274058342,0.010395654942840338,2391,2391
75,0,1,-0.0006830538201753661,0.008153153381257886,6.64739100583169e-05,-0.006231394363567233,0.0050947293639183044,2391,2391
75,0,2,0.0036817923216351757,0.008661187351229891,7.501616633310467e-05,-0.0018165628425776958,0.009447399992495775,2391,2391
75,1,0,-0.0006830539327929484,0.008153153406542291,6.647391047061216e-05,-0.0062313927337527275,0.005094727501273155,2391,2391
75,1,1,-0.0052824169161942965,0.023529562306829913,0.000553640302350991,-0.02281037624925375,0.01245999988168478,2391,2391
75,1,2,-0.0016519332684419537,0.0113559471348239,0.00012895753532891514,-0.009825185406953096,0.006160457152873278,2391,2391
75,2,0,0.0036817922880154437,0.008661187336552644,7.501616607885988e-05,-0.001816563424654305,0.009447399992495775,2391,2391
75,2,1,-0.001651933366562396,0.011355946991483228,0.00012895753207337697,-0.009825188666582108,0.006160459481179714,2391,2391
75,2,2,-0.025134236922259072,0.016500766184614612,0.000272275284679321,-0.03663356602191925,-0.01352788507938385,2391,2391
76,0,0,0.009979522039527998,0.01486845433135003,0.00022107093420344146,0.0005917950184084475,0.020486957859247923,2558,2558
76,0,1,-0.0002631607402448376,0.006622939422676922,4.386332659644812e-05,-0.00446328055113554,0.004307829774916172,2558,2558
76,0,2,0.0014837163781991703,0.009464443861018471,8.957569759837023e-05,-0.0054643708281219006,0.008272983599454165,2558,2558
76,1,0,-0.0002631608128678829,0.006622939375989384,4.386332597803066e-05,-0.004463282530196011,0.004307827795855701,2558,2558
76,1,1,0.0223825683580978,0.01621250534377743,0.00026284532952201167,0.012295694556087255,0.032603985629975796,2558,2558
76,1,2,0.014007356111215103,0.010787137075980642,0.00011636232629599619,0.007277823053300381,0.02196582593023777,2558,2558
76,2,0,0.001483716382568158,0.009464443786974528,8.957569619680075e-05,-0.005464370246045291,0.00827298709191382,2558,2558
76,2,1,0.014007355903517517,0.010787137038735852,0.00011636232549246686,0.007277825614437461,0.021965824533253908,2558,2558
76,2,2,0.002171798362713409,0.019175473220664842,0.00036769877323643453,-0.009697336005046964,0.016217228956520557,2558,2558
77,0,0,-0.023861729396022737,0.014349909708938754,0.00020591990865469472,-0.03404993563890457,-0.01407681405544281,2782,2782
77,0,1,0.0025102461785229783,0.006428847206744,4.133007640766013e-05,-0.0019315554527565837,0.006934218225069344,2782,2782
77,0,2,0.006007456062707663,0.00866955789965368,7.516123417544753e-05,-1.825933577492833e-05,0.011555187171325088,2782,2782
77,1,0,0.0025102461654827463,0.006428847100513349,4.1330075041778895e-05,-0.0019315567333251238,0.006934214732609689,2782,2782
77,1,1,-0.0349796875377155,0.015105081238212643,0.0002281634792130036,-0.04573053400963545,-0.02534517738968134,2782,2782
77,1,2,-0.005772754057223649,0.009915790266469594,9.832289660861312e-05,-0.013841484673321247,0.0012120275350753218,2782,2782
77,2,0,0.006007456025328805,0.008669557807840083,7.516123258348094e-05,-1.8258229829370975e-05,0.011555183446034789,2782,2782
77,2,1,-0.005772753997655996,0.009915790191061266,9.832289511314684e-05,-0.013841475592926145,0.0012120316387154162,2782,2782
77,2,2,-0.014436926961918967,0.016949500624878322,0.00028728557143275064,-0.02616083947941661,-0.0026275652344338596,2782,2782
78,0,0,0.01831345847715183,0.018158746388828157,0.0003297400704137796,0.005541653139516711,0.032530090771615505,2468,2468
78,0,1,0.0006916492932743651,0.007959049978334269,6.334647655762272e-05,-0.0043758832616731524,0.006660573300905526,2468,2468
78,0,2,-0.00344157554457346,0.008808906817216825,7.759683931440906e-05,-0.0098013817332685,0.0032641824800521135,2468,2468
78,1,0,0.0006916493266234868,0.007959049994990334,6.334647682275565e-05,-0.004375881748273969,0.006660572369582951,2468,2468
78,1,1,-0.008167684313382106,0.016988151458889808,0.0002885972899901799,-0.019914093893021345,0.0027612000121735036,2468,2468
78,1,2,-0.014917134941477068,0.008781473867985279,7.711428329410834e-05,-0.021282038185745478,-0.009187947725877166,2468,2468
78,2,0,-0.0034415754558468716,0.008808906780769047,7.759683867227889e-05,-0.00980138429440558,0.0032641833531670272,2468,2468
78,2,1,-0.014917134887892059,0.008781473738452826,7.711428101913667e-05,-0.021282047033309937,-0.0091879575047642,2468,2468
78,2,2,-0.0044785055392357635,0.01584493948315679,0.000251062107224901,-0.014839595649391413,0.00678492255974561,2468,2468
79,0,0,-0.014880092572970413,0.01721007698076404,0.0002961867496838243,-0.02770111709833145,-0.001814990770071745,2597,2597
79,0,1,-0.0014260328374197904,0.00733855742904351,5.385442513936969e-05,-0.006422779988497496,0.003301515243947506,2597,2597
79,0,2,-0.0002569290799359351,0.009174011504779468,8.416248708982602e-05,-0.006632750853896141,0.006486622616648674,2597,2597
79,1,0,-0.0014260328745364197,0.0073385574701308924,5.385442574241392e-05,-0.006422779522836208,0.003301513148471713,2597,2597
79,1,1,0.004793126966885313,0.016359526418282175,0.00026763410463047246,-0.006601279601454735,0.017284946516156197,2597,2597
79,1,2,0.011519033390579298,0.00935410258781305,8.74992352233308e-05,0.0051415893249213696,0.018344804644584656,2597,2597
79,2,0,-0.00025692897253080954,0.009174011501565197,8.416248703085052e-05,-0.0066327485255897045,0.0064866249449551105,2597,2597
79,2,1,0.011519033461220806,0.009354102521470165,8.74992339821745e-05,0.005141597706824541,0.018344810232520103,2597,2597
79,2,2,-0.005381167569009172,0.013954260617457992,0.00019472138937993912,-0.01488640159368515,0.004298047628253698,2597,2597
80,0,0,-0.01802764433730552,0.014682679322739835,0.00021558107209441194,-0.02794778812676668,-0.006540095899254084,2248,2248
80,0,1,0.0017091020440521817,0.005797263158016678,3.360826012329751e-05,-0.0017869597650133073,0.00548109645023942,2248,2248
80,0,2,0.009555924021748924,0.008035005752445559,6.456131744183322e-05,0.0038962893304415047,0.015184678137302399,2248,2248
80,1,0,0.0017091019480147199,0.005797263020929517,3.360825853383683e-05,-0.001786958280717954,0.005481090163812041,2248,2248
80,1,1,-0.03527485893003964,0.015782332398115686,0.00024908201592461197,-0.04670084174722433,-0.025561324320733547,2248,2248
80,1,2,-0.008524489816350928,0.009625146346620575,9.264344219386341e-05,-0.015417359070852399,-0.002792921499349177,2248,2248
80,2,0,0.00955592407630566,0.008035005783158381,6.456131793538864e-05,0.003896295325830579,0.015184684190899134,2248,2248
80,2,1,-0.008524489698194295,0.009625146311676856,9.264344152118657e-05,-0.01541735464707017,-0.0027929284260608256,2248,2248
80,2,2,-0.0063179348828685325,0.01471319401881509,0.00021647807823529615,-0.016690058168023825,0.0042958848644047976,2248,2248
81,0,0,-0.01327476194453219,0.015034159955088037,0.00022602596555517271,-0.023186184465885162,-0.003937079571187496,2455,2455
81,0,1,-0.00039817064839544236,0.007800882481577438,6.085376749138176e-05,-0.006227059289813042,0.005448374664410949,2455,2455
81,0,2,-0.009640298717747235,0.008453096684799058,7.145484356256084e-05,-0.015313183423131704,-0.0042592003010213375,2455,2455
81,1,0,-0.00039817068202785253,0.007800882555094116,6.085376863837171e-05,-0.006227058824151754,0.005448371870443225,2455,2455
81,1,1,0.025331727425245826,0.02152677332612991,0.00046340196983457816,0.012005690950900316,0.041128095239400864,2455,2455
81,1,2,0.008827263369678299,0.007169878092555419,5.140715186210613e-05,0.004832831211388111,0.01367930043488741,2455,2455
81,2,0,-0.009640298686865167,0.008453096798381968,7.145484548281547e-05,-0.015313184354454279,-0.004259202163666487,2455,2455
81,2,1,0.008827263487937059,0.007169878023163464,5.140715086704243e-05,0.004832830745726824,0.013679300900548697,2455,2455
81,2,2,0.004987761492214057,0.013324441954187466,0.0001775407533905111,-0.0034158381167799234,0.013115255627781153,2455,2455
82,0,0,-0.0007201028293465024,0.011167744242162499,0.00012471851145835362,-0.007923037745058537,0.006024136091582477,2694,2694
82,0,1,-0.006559525361230511,0.006517370585010282,4.247611934235727e-05,-0.011165634728968143,-0.002437851973809302,2694,2694
82,0,2,-0.010125218743683788,0.00718029583098488,5.155664822045884e-05,-0.014960135100409389,-0.006250292179174721,2694,2694
82,1,0,-0.006559525330354955,0.006517370632390834,4.24761199599505e-05,-0.011165633797645569,-0.002437851973809302,2694,2694
82,1,1,0.0003771423605051508,0.017291953000109002,0.0002990116385579787,-0.012026032898575068,0.011990191414952278,2694,2694
82,1,2,-0.004301318559662868,0.010403697339580506,0.00010823691833359451,-0.01051356946118176,0.0025706886081025004,2694,2694
82,2,0,-0.01012521879963358,0.007180295804306896,5.155664783734721e-05,-0.01496013137511909,-0.006250294973142445,2694,2694
82,2,1,-0.004301318560554133,0.010403697226122338,0.00010823691597282562,-0.010513565735891461,0.002570682903751731,2694,2694
82,2,2,-0.006193944990151626,0.0163723670797112,0.0002680544037928111,-0.016902366653084755,0.0035890174913220108,2694,2694
83,0,0,-0.001554763220473366,0.013291333651031264,0.0001766595502230361,-0.00922158733010292,0.006904670502990484,3121,3121
83,0,1,0.006964861545207451,0.006096230961547062,3.716403193652501e-05,0.0029594367370009422,0.01105653028935194,3121,3121
83,0,2,0.0024402775264477003,0.00848292029388997,7.195993671249028e-05,-0.0029047317802906036,0.00789758563041687,3121,3121
83,1,0,0.006964861601121122,0.006096230965031953,3.716403197901441e-05,0.002959436271339655,0.011056534945964813,3121,3121
83,1,1,0.012725046558854463,0.014767513402174238,0.00021807945208339574,0.0033757369965314865,0.022890307009220123,3121,3121
83,1,2,0.01601171294107955,0.008293168355285851,6.877664136911463e-05,0.010698875412344933,0.022274913266301155,3121,3121
83,2,0,0.0024402775064172526,0.008482920310490057,7.195993699412471e-05,-0.00290472898632288,0.00789758749306202,3121,3121
83,2,1,0.01601171285700389,0.008293168321898333,6.877664081533802e-05,0.01069887075573206,0.022274911403656006,3121,3121
83,2,2,-0.0007145140690905678,0.010621713615994005,0.00011282080014019243,-0.007505674846470356,0.0061581810005009174,3121,3121
84,0,0,-0.007578623936519457,0.01635978848414283,0.0002676426792458924,-0.018943988252431154,0.0030241189524531364,2718,2718
84,0,1,0.005611322067845102,0.007118273831081097,5.0669822334253954e-05,0.0006949221133254468,0.010693630203604698,2718,2718
84,0,2,0.0009929511896957354,0.009027291281541835,8.149198788180122e-05,-0.0051877101650461555,0.007351572625339031,2718,2718
84,1,0,0.005611322130132439,0.007118273775498031,5.066982154294299e-05,0.0006949212693143636,0.010693628573790193,2718,2718
84,1,1,-0.010686468112981804,0.016339005256591887,0.00026696309277493725,-0.021744802594184875,0.00043257971992716193,2718,2718
84,1,2,0.0052224163473477535,0.008368967715974203,7.003962063101849e-05,-0.00043418235145509243,0.010892468271777034,2718,2718
84,2,0,0.0009929512074171628,0.009027291235442905,8.149198704950429e-05,-0.005187705624848604,0.0073515704134479165,2718,2718
84,2,1,0.005222416279470939,0.008368967590352473,7.003961852837008e-05,-0.0004341845924500376,0.010892466176301241,2718,2718
84,2,2,-0.007529091445527487,0.011789980373653993,0.00013900363721114635,-0.01525638741441071,-0.0005145480972714722,2718,2718
85,0,0,-0.0054935636044498165,0.01893313659188444,0.0003584636612069536,-0.01802301313728094,0.007794375531375408,2142,2142
85,0,1,-0.00030327601473568484,0.008375296248283148,7.014558724650579e-05,-0.005814462900161743,0.00537206360604614,2142,2142
85,0,2,-0.007392743647803555,0.00933816184935683,8.720126672478338e-05,-0.013876207871362567,-0.001750460418406874,2142,2142
85,1,0,-0.00030327578387518843,0.008375296334692604,7.014558869391537e-05,-0.005814466276206076,0.0053720623254776,2142,2142
85,1,1,-0.02045586343744229,0.020293136974099908,0.0004118114082495807,-0.035550108179450035,-0.0072844012174755335,2142,2142
85,1,2,-0.012208978920998042,0.011078668882076344,0.0001227369041986867,-0.020195203833281994,-0.005007092375308275,2142,2142
85,2,0,-0.007392743682532496,0.009338161992295693,8.720126939435586e-05,-0.013876209501177073,-0.0017504622810520232,2142,2142
85,2,1,-0.012208978988825458,0.011078668823575822,0.0001227369029024709,-0.02019520988687873,-0.005007093772292137,2142,2142
85,2,2,-0.020686915969503495,0.016660748759077654,0.00027758054921310765,-0.03289603162556887,-0.010548498714342713,2142,2142
86,0,0,-0.015297156902858907,0.018020542134977044,0.00032473993883848297,-0.026532383635640144,-0.003221754916012287,1953,1953
86,0,1,0.0006642304470546112,0.007419214826130365,5.504474863627263e-05,-0.004300393629819155,0.0055814809165894985,1953,1953
86,0,2,5.586829116170738e-05,0.007703788064754294,5.9348350546650716e-05,-0.0048595210537314415,0.0047926269471645355,1953,1953
86,1,0,0.000664230563320912,0.007419214563086678,5.504474473311745e-05,-0.004300396423786879,0.005581483710557222,1953,1953
86,1,1,-0.022476344881358728,0.023995762822853095,0.0005757966334506187,-0.04067501053214073,-0.006013997830450535,1953,1953
86,1,2,-0.00499690562901285,0.011719247756841465,0.0001373407679862337,-0.01355661079287529,0.0030882926657795906,1953,1953
86,2,0,5.586842277718644e-05,0.007703788013670924,5.93483497595798e-05,-0.004859519191086292,0.004792626481503248,1953,1953
86,2,1,-0.004996905860472499,0.011719247739760096,0.00013734076758587212,-0.013556617312133312,0.003088293829932809,1953,1953
86,2,2,-0.007411133238924853,0.018731692081611098,0.00035087628824029184,-0.021198434755206108,0.005306636914610863,1953,1953
87,0,0,0.009930710192286921,0.016413928364714375,0.0002694170443619751,-0.0017439385410398245,0.02170912642031908,2466,2466
87,0,1,0.004581053393033472,0.007063225249617078,4.9889150926828235e-05,0.00021229340200079605,0.009267060086131096,2466,2466
87,0,2,0.0011007656184520227,0.008844094184122304,7.821800193762598e-05,-0.005166154121980071,0.007729153265245259,2466,2466
87,1,0,0.004581053374256427,0.007063225227623579,4.988915061613816e-05,0.00021229276899248362,0.009267061715945601,2466,2466
87,1,1,-0.013624126202615354,0.018099560368662233,0.00032759408553884853,-0.02515722345560789,-0.0015389776672236621,2466,2466
87,1,2,-0.006813040431264096,0.00889089802154157,7.90480676294518e-05,-0.013447543606162071,-0.0013869189424440265,2466,2466
87,2,0,0.0011007657739084927,0.008844094210584482,7.821800240569396e-05,-0.005166151328012347,0.0077291521010920405,2466,2466
87,2,1,-0.00681304030440987,0.008890898113572092,7.904806926591979e-05,-0.013447540113702416,-0.001386921328958124,2466,2466
87,2,2,0.00633160347048728,0.01328399042367238,0.00017646440157621947,-0.003032843815162778,0.01622769283130765,2466,2466
88,0,0,-0.01786418621629363,0.014380507109220828,0.00020679898471835076,-0.028157847002148628,-0.007873992435634136,2557,2557
88,0,1,0.005867323564243218,0.007052895279847185,4.9743331828490705e-05,0.0010249975603073835,0.010758074931800365,2557,2557
88,0,2,0.009730095395460138,0.007992386430470582,6.38782408539703e-05,0.004659394267946482,0.015195762738585472,2557,2557
88,1,0,0.005867323570196015,0.007052894956228317,4.974332726359083e-05,0.0010250010527670383,0.01075807772576809,2557,2557
88,1,1,-0.01386266789659235,0.0134064732400087,0.0001797335247350694,-0.023288283497095108,-0.005300386808812618,2557,2557
88,1,2,0.009639599709680518,0.00869641984674731,7.56277181509005e-05,0.004494479391723871,0.015632184222340584,2557,2557
88,2,0,0.009730095440009372,0.007992386303866441,6.387823883023186e-05,0.004659394733607769,0.01519576832652092,2557,2557
88,2,1,0.009639599756369572,0.008696419839978858,7.562771803317789e-05,0.004494478926062584,0.015632180497050285,2557,2557
88,2,2,0.020332920760629092,0.015884341579212487,0.0002523123074050986,0.009851742535829544,0.031604863703250885,2557,2557
89,0,0,-0.024623578141175044,0.020310398197690482,0.00041251227494874874,-0.04012421891093254,-0.010026228614151478,2030,2030
89,0,1,-0.003788870139292807,0.008634260274136179,7.455045048152617e-05,-0.009913066169247031,0.0015322866383939981,2030,2030
89,0,2,-0.001744193464816947,0.010115567838015772,0.00010232471268549908,-0.009088697144761682,0.0048684930661693215,2030,2030
89,1,0,-0.0037888699983076876,0.008634260243770854,7.455044995716193e-05,-0.009913067100569606,0.0015322900144383311,2030,2030
89,1,1,-0.01909740368406669,0.0224999061958079,0.0005062457788201549,-0.03463385533541441,-0.0037393539678305387,2030,2030
89,1,2,-0.008250386863539749,0.01020625479737772,0.00010416763698899572,-0.01561648934148252,-0.0015277574420906603,2030,2030
89,2,0,-0.001744193475655615,0.01011556778732938,0.00010232471166005581,-0.00908869574777782,0.004868493182584643,2030,2030
89,2,1,-0.008250386775310698,0.010206254716539383,0.00010416763533888241,-0.01561648678034544,-0.001527761633042246,2030,2030
89,2,2,-0.020370436856595415,0.014952398239711987,0.0002235742131189421,-0.03077384503558278,-0.010638217674568295,2030,2030
90,0,0,-0.0019607438734322645,0.01589980611730338,0.00025280383456783797,-0.012920367997139692,0.009833806427195668,2264,2264
90,0,1,-0.010235704607896141,0.006743316957028387,4.5472323582946585e-05,-0.014857916859909892,-0.0059129963628947735,2264,2264
90,0,2,-0.007104373499120165,0.008637928982487731,7.461381710650153e-05,-0.013101027347147465,-0.0014574337401427329,2264,2264
90,1,0,-0.010235704600048134,0.006743316836577361,4.547232195846771e-05,-0.01485792244784534,-0.005912992754019797,2264,2264
90,1,1,-0.020761949773834665,0.01741527090863765,0.00030329166082124085,-0.031819204799830914,-0.010171287460252643,2264,2264
90,1,2,-0.007246715715733483,0.009361941708438024,8.764595255219147e-05,-0.014122732449322939,-0.000855684163980186,2264,2264
90,2,0,-0.00710437355960317,0.008637928985061095,7.46138171509586e-05,-0.01310102641582489,-0.0014574324304703623,2264,2264
90,2,1,-0.007246715832232362,0.009361941552297533,8.764594962863513e-05,-0.014122732449322939,-0.0008556840766686946,2264,2264
90,2,2,-0.013715398864736888,0.01580753792262635,0.0002498782551752702,-0.024803840555250645,-0.003038755734451115,2264,2264
91,0,0,0.00322301254655157,0.018495900554576852,0.0003420983373247963,-0.009580537211149931,0.01623045327141881,2018,2018
91,0,1,0.0035202168198128748,0.008275330528312592,6.848109535282237e-05,-0.00239792512729764,0.009347145911306143,2018,2018
91,0,2,-0.007630148696270333,0.0095513044447787,9.122741659684934e-05,-0.014262042241171002,-0.0011777615582104772,2018,2018
91,1,0,0.0035202168572887435,0.00827533059287374,6.848109642135206e-05,-0.0023979191901162267,0.009347144281491637,2018,2018
91,1,1,0.009885236370347592,0.020414671822598082,0.00041675882562438015,-0.005374278873205185,0.02481305366382003,2018,2018
91,1,2,0.00229011619972606,0.01214565817950047,0.0001475170126132667,-0.005808365880511701,0.011698366142809391,2018,2018
91,2,0,-0.00763014871356245,0.00955130443611364,9.122741643132412e-05,-0.014262043870985508,-0.0011777612962760031,2018,2018
91,2,1,0.002290116110727181,0.012145658146702046,0.00014751701181654978,-0.005808361107483506,0.011698369169607759,2018,2018
91,2,2,-0.011678040438908318,0.01576210973892239,0.00024844410342183203,-0.021948974579572678,-0.0005312394350767136,2018,2018
92,0,0,0.004092541818179764,0.018413397423620827,0.00033905320468020613,-0.008534647524356842,0.016487513668835163,3578,3578
92,0,1,0.0007194491424255191,0.007021066657415004,4.92953770078647e-05,-0.00421154301147908,0.0056122359819710255,3578,3578
92,0,2,-0.005527916044343519,0.007139219922177053,5.096846109720973e-05,-0.010126889683306217,-0.0009006379987113178,3578,3578
92,1,0,0.0007194490609095781,0.00702106657782524,4.929537589025463e-05,-0.004211543477140367,0.005612236447632313,3578,3578
92,1,1,0.02544953560559221,0.023595586412143727,0.0005567516981329416,0.00862709223292768,0.04181313514709473,3578,3578
92,1,2,0.006663770068099394,0.010637520902315496,0.00011315685094719908,-0.000636157812550664,0.014157429337501526,3578,3578
92,2,0,-0.005527916012262606,0.007139219971756721,5.096846180513003e-05,-0.010126893175765872,-0.0009006448672153056,3578,3578
92,2,1,0.0066637700144061614,0.010637520940370912,0.00011315685175682966,-0.0006361555133480579,0.01415743282996118,3578,3578
92,2,2,0.009494778167982762,0.0154288643034635,0.0002380498536946902,-0.0011746599338948727,0.020175227895379066,3578,3578
93,0,0,0.013586492003012924,0.018274770399393077,0.0003339672331505334,0.000973089481703937,0.026629630010575056,2418,2418
93,0,1,0.00863832631020211,0.007934506560508378,6.29563943587505e-05,0.0032223109737969935,0.014276296366006136,2418,2418
93,0,2,0.005935422715351965,0.007510252453348953,5.640389191303397e-05,0.0008370536379516125,0.01111123664304614,2418,2418
93,1,0,0.008638326252867083,0.007934506561184424,6.295639436947868e-05,0.0032223162706941366,0.014276295900344849,2418,2418
93,1,1,0.004037955368860726,0.01875420662821637,0.0003517202662538348,-0.0077153012389317155,0.01723258662968874,2418,2418
93,1,2,-0.0003071395515940307,0.010570402385467177,0.00011173340659069018,-0.0076196909649297595,0.006953260395675898,2418,2418
93,2,0,0.005935422773162427,0.007510252471090998,5.640389217952844e-05,0.0008370538707822561,0.01111123594455421,2418,2418
93,2,1,-0.0003071396502437389,0.010570402516495683,0.00011173340936073826,-0.007619692012667656,0.006953262840397656,2418,2418
93,2,2,0.013265369401923462,0.013748589118089048,0.0001890237027380366,0.0036758286878466606,0.02273757802322507,2418,2418
94,0,0,-0.002471220743153333,0.015362848943075574,0.00023601712764775832,-0.012477274984121323,0.00875238236039877,2105,2105
94,0,1,-0.004333481837124586,0.007450763102005887,5.551387080221239e-05,-0.009735782630741596,0.0010754744289442897,2105,2105
94,0,2,-0.00961849378274517,0.008966326682047178,8.039501416919113e-05,-0.015914814546704292,-0.003545367857441306,2105,2105
94,1,0,-0.004333481851012851,0.0074507630522037795,5.551387006008498e-05,-0.009735784493386745,0.0010754680261015892,2105,2105
94,1,1,0.004411845402476862,0.020109375480025865,0.00040438698219666543,-0.010507062077522278,0.019064156338572502,2105,2105
94,1,2,-0.007370021489709881,0.0117343764207953,0.0001376955899849167,-0.01578516699373722,0.000370146706700325,2105,2105
94,2,0,-0.009618493745539275,0.008966326636650635,8.039501335511068e-05,-0.015914812684059143,-0.0035453680902719498,2105,2105
94,2,1,-0.007370021494175694,0.011734376471257586,0.00013769559116920364,-0.01578516885638237,0.0003701411187648773,2105,2105
94,2,2,-0.005925637848383245,0.018194084004478767,0.00033102469276203016,-0.01897033303976059,0.006287274416536093,2105,2105
95,0,0,0.010311183786877627,0.013595867555165495,0.00018484761457760176,0.0026016352348960936,0.01864100620150566,2678,2678
95,0,1,0.002993457748413714,0.006035768337595408,3.6430499425119236e-05,-0.0007879430195316672,0.006957414094358683,2678,2678
95,0,2,-0.003091238601860236,0.007550472073637345,5.700962853477743e-05,-0.008301025722175837,0.002097403514198959,2678,2678
95,1,0,0.0029934577304167225,0.006035768269494763,3.6430498603039805e-05,-0.0007879415061324835,0.006957409670576453,2678,2678
95,1,1,0.017837754356362902,0.017246752175466496,0.00029745046060195837,0.006443727761507034,0.030429063364863396,2678,2678
95,1,2,0.0054731766570358074,0.008183478742602663,6.696932433062967e-05,0.0006244858377613127,0.011107936967164278,2678,2678
95,2,0,-0.003091238673946012,0.0075504720170564985,5.7009627680353226e-05,-0.008301026420667768,0.0020974036306142807,2678,2678
95,2,1,0.005473176531013396,0.008183478742388315,6.696932432712145e-05,0.0006244889518711716,0.011107936035841703,2678,2678
95,2,2,0.004696022694648916,0.013060685232169923,0.00017058149873382152,-0.0037408711505122483,0.01383091346360743,2678,2678
96,0,0,0.006320841730251195,0.015136342233940323,0.0002291088562229655,-0.0043944972567260265,0.015774619299918413,2770,2770
96,0,1,-0.00035422984021831394,0.006692938370407843,4.47954240300776e-05,-0.004696208750829101,0.003950080601498485,2770,2770
96,0,2,-0.006698467747021688,0.00869804343294479,7.565595956139399e-05,-0.01322360010817647,-0.0008370884461328387,2770,2770
96,1,0,-0.0003542296877515415,0.006692938362596112,4.4795423925510724e-05,-0.004696211195550859,0.00395007967017591,2770,2770
96,1,1,0.03898127191602958,0.01620983350454595,0.00026275870224510043,0.028327217791229486,0.05006215441972017,2770,2770
96,1,2,0.013444576797618561,0.008536962813211464,7.28797340741554e-05,0.00832293601706624,0.019578757230192423,2770,2770
96,2,0,-0.006698467785339981,0.00869804340287732,7.56559590383377e-05,-0.013223598478361964,-0.0008370861760340631,2770,2770
96,2,1,0.013444576632551511,0.008536962715032771,7.28797323978597e-05,0.008322939276695251,0.01957875955849886,2770,2770
96,2,2,0.016014761273855923,0.014516037697350263,0.00021071535043089396,0.006055039702914655,0.02602306380867958,2770,2770
97,0,0,0.007953501960129712,0.014647541047343473,0.00021455045873361193,-0.00157350511290133,0.017284564208239317,1972,1972
97,0,1,0.004288216709755205,0.006002383655524546,3.602860954810821e-05,0.00026105234428541735,0.00802140636369586,1972,1972
97,0,2,-0.005182264917370137,0.007898338324914846,6.238374829481865e-05,-0.010395999532192945,-7.881852798163891e-05,1972,1972
97,1,0,0.004288216671043569,0.006002383703771819,3.602861012730549e-05,0.00026104983408004045,0.008021412417292595,1972,1972
97,1,1,0.03642757022657723,0.012755552763308546,0.0001627041262975483,0.028572811745107174,0.044933960773050785,1972,1972
97,1,2,0.003245175224596646,0.008960383217714881,8.028846740830649e-05,-0.002654005424119532,0.009164776187390089,1972,1972
97,2,0,-0.00518226495178704,0.007898338393371803,6.238374937621107e-05,-0.010396000696346164,-7.88200122769922e-05,1972,1972
97,2,1,0.003245175276207242,0.008960382948785935,8.028846258889372e-05,-0.002653997973538935,0.009164776187390089,1972,1972
97,2,2,0.017066023194529333,0.011231737004150307,0.00012615191613039932,0.010106661822646856,0.024372158106416464,1972,1972
98,0,0,-0.0028135718650007624,0.019462750017979404,0.0003787986382623573,-0.016653784550726414,0.011327365878969431,2379,2379
98,0,1,-0.0006729921853262188,0.007528285107597887,5.667507666128013e-05,-0.005521758226677775,0.004630817798897624,2379,2379
98,0,2,-0.004147512673457302,0.008863097990530895,7.85545059897528e-05,-0.010122472420334816,0.001369572477415204,2379,2379
98,1,0,-0.0006729922360958263,0.00752828493083042,5.6675073999768385e-05,-0.005521755665540695,0.004630818963050842,2379,2379
98,1,1,-0.008939548495033589,0.0198883915668853,0.00039554811911775436,-0.024335532449185848,0.005382278701290488,2379,2379
98,1,2,-0.007743680556210798,0.00997800633336173,9.956061038860681e-05,-0.014478432480245829,-0.001426798407919705,2379,2379
98,2,0,-0.004147512691654843,0.008863098045760288,7.855450696875983e-05,-0.010122468695044518,0.0013695736415684223,2379,2379
98,2,1,-0.007743680648122139,0.009978006289806595,9.956060951941995e-05,-0.014478429686278105,-0.0014268014929257333,2379,2379
98,2,2,-0.02381311191935695,0.015430339526331644,0.00023809537789787268,-0.0347256138920784,-0.013510906137526035,2379,2379
99,0,0,0.01978212231189187,0.01465515735896066,0.0002147736372158988,0.009394408203661442,0.03064511949196458,2632,2632
99,0,1,-0.00038011793749927794,0.006385082083621541,4.07692732145848e-05,-0.004935606732033193,0.003636336710769683,2632,2632
99,0,2,-0.009048035958516276,0.008932736660319514,7.979378424261623e-05,-0.01540095149539411,-0.0028634261107072234,2632,2632
99,1,0,-0.0003801180220795208,0.006385082175954818,4.076927439369591e-05,-0.004935614415444434,0.0036363397375680506,2632,2632
99,1,1,0.03826861186296473,0.014431577318604925,0.00020827042390287212,0.031099964398890734,0.04786150623112917,2632,2632
99,1,2,0.009261900355141874,0.009359343294171436,8.759730689815184e-05,0.0032806642120704055,0.016076957806944847,2632,2632
99,2,0,-0.009048035985474916,0.008932736666277318,7.97937843490552e-05,-0.01540094893425703,-0.002863426459953189,2632,2632
99,2,1,0.009261900361361822,0.009359343393009457,8.759730874826978e-05,0.00328066450310871,0.016076951287686825,2632,2632
99,2,2,0.006550188344985736,0.014417096827802092,0.00020785268094222114,-0.0035796877928078175,0.0168525418266654,2632,2632
