cluster_id,agent_id,mean,std,var,q1,q3,count,cluster_size
0,0,0.03205800427046294,0.10115110065384428,0.010231545163484136,0.0011895373463630676,0.02460621017962694,144,144
0,1,0.0338359476493982,0.09534931472763884,0.009091491819030326,0.004271235316991806,0.025944624096155167,144,144
0,2,0.01897604802959702,0.04190248182562536,0.0017558179831468632,0.000703081488609314,0.024757021106779575,144,144
1,0,0.02609597629704793,0.0820490457723354,0.006732045912150791,0.0008860640227794647,0.02277194382622838,332,332
1,1,0.025054511008223136,0.07157169970850066,0.005122508199163794,0.0014508813619613647,0.02362151723355055,332,332
1,2,0.03258125968866544,0.10031876539883644,0.010063854691146783,0.0009855777025222778,0.025568900629878044,332,332
2,0,0.031493168926524547,0.0817256746842859,0.006679085902601731,0.002333804965019226,0.02457741927355528,167,167
2,1,0.039278977372109176,0.1023460868852324,0.01047472150071954,0.002443864941596985,0.028360667638480663,167,167
2,2,0.0224698497551287,0.05348519339991625,0.0028606659130264453,0.0010780543088912964,0.025937603786587715,167,167
3,0,0.033744314763858065,0.07945281422297859,0.0063127496879511495,0.001955874264240265,0.02678709663450718,297,297
3,1,0.022003461134867737,0.06036309463732256,0.0036437031941943597,0.0011089444160461426,0.02373604290187359,297,297
3,2,0.027716886590827595,0.054529199844207565,0.0029734336356495267,0.002019360661506653,0.027670742943882942,297,297
4,0,0.02548517989363153,0.0785382076313569,0.006168250057946127,0.0013048350811004639,0.02111330907791853,364,364
4,1,0.025481074626281203,0.06761049469928807,0.004571178993482459,0.0013210251927375793,0.025417141616344452,364,364
4,2,0.030222677674328725,0.08649108264325106,0.007480707376801686,0.0014152657240629196,0.02406738419085741,364,364
5,0,0.019154324838055823,0.05944254413840175,0.00353341605364584,0.001190871000289917,0.02530623832717538,312,312
5,1,0.027199608634990186,0.06486386339391807,0.004207320774384866,0.002217911183834076,0.026050481479614973,312,312
5,2,0.03042531650041779,0.08687900302170597,0.007547961166045594,0.0010431669652462006,0.024215726647526026,312,312
6,0,0.020436794971520046,0.04523068036732683,0.002045814446491285,0.001784399151802063,0.026306280866265297,159,159
6,1,0.04902031262692228,0.13872275850462515,0.01924400372713255,0.0028540901839733124,0.026368211954832077,159,159
6,2,0.018577849920019037,0.05193071124193023,0.0026967987700927385,0.0011814311146736145,0.022994820959866047,159,159
7,0,0.03502931277176774,0.0980721336728351,0.009618143403142435,0.001695588231086731,0.02591663831844926,328,328
7,1,0.020331479458524506,0.06091384061420655,0.0037104959783729593,0.0010609328746795654,0.020919977221637964,328,328
7,2,0.024644878377751787,0.062177134148720364,0.003865996010947968,0.0018126927316188812,0.025702488142997026,328,328
8,0,0.03169292189244531,0.07618300519099262,0.00580385027993081,0.0014883093535900116,0.026312561240047216,234,234
8,1,0.027536499608530957,0.05733008626226466,0.003286738790838707,0.003175114281475544,0.023839678149670362,234,234
8,2,0.021573767913744237,0.059537353002922115,0.003544696402594559,0.001351863145828247,0.025856226217001677,234,234
9,0,0.03296011895732393,0.08974267453177118,0.00805374763211541,0.0010901503264904022,0.025073454715311527,332,332
9,1,0.037095001493356226,0.09523077185857477,0.009068899908779918,0.0030401162803173065,0.027809458319097757,332,332
9,2,0.021935131931004215,0.0550675094966955,0.0030324306021686487,0.0015776827931404114,0.02590171154588461,332,332
10,0,0.020620800910348243,0.046905638359431234,0.002200138909905747,0.001318085938692093,0.025676994118839502,220,220
10,1,0.027166563319042325,0.07177419594809561,0.005151535203995626,0.0011444538831710815,0.026729934848845005,220,220
10,2,0.03895759234543551,0.10908059960028889,0.011898577209158545,0.0017937924712896347,0.02630428457632661,220,220
11,0,0.024458935274338792,0.05642291703675669,0.0031835455669367288,0.0014676004648208618,0.0257645882666111,173,173
11,1,0.02276366375214447,0.06838610366830099,0.0046766591749316105,0.0011819303035736084,0.02705872431397438,173,173
11,2,0.020880825123130588,0.04914233343671723,0.002414968935605496,0.0009164512157440186,0.02597918175160885,173,173
12,0,0.04190095414717992,0.11874935764970095,0.01410140994221659,0.0013639964163303375,0.02683549001812935,180,180
12,1,0.024196774897993437,0.07043726153406817,0.004961407812418719,0.0010997764766216278,0.026478049345314503,180,180
12,2,0.0294784979066915,0.07765064097516412,0.006029622043853837,0.0015968121588230133,0.02487997943535447,180,180
13,0,0.027442866922730076,0.08451192655465517,0.007142265729979429,0.0008584298193454742,0.0250066090375185,274,274
13,1,0.028418264800451534,0.06804318007104049,0.004629874354180042,0.0026746559888124466,0.02494313707575202,274,274
13,2,0.026814176592241674,0.07057285597455266,0.004980528000404954,0.0013516508042812347,0.02545322570949793,274,274
14,0,0.025862494855128388,0.06423923679438127,0.004126679543924589,0.0018091313540935516,0.026125137228518724,188,188
14,1,0.020188441202837103,0.042974079282358156,0.0018467714901664045,0.0018004160374403,0.026232491713017225,188,188
14,2,0.021808386676290883,0.05417868311131406,0.0029353297036761876,0.0014445148408412933,0.02331875404343009,188,188
15,0,0.021868656993162258,0.040219755142447244,0.0016176287037184115,0.002027474343776703,0.02761891297996044,231,231
15,1,0.028044445303095366,0.06311059960153391,0.003982947782065133,0.0021285340189933777,0.02371350396424532,231,231
15,2,0.0345873240143609,0.08295773628184767,0.006881986009008586,0.002644956111907959,0.02568755391985178,231,231
16,0,0.028284084532309715,0.07035377008005746,0.004949652964477589,0.0015255063772201538,0.025213822722434998,409,409
16,1,0.02584149208020027,0.07297911896116062,0.005325951804347233,0.002168327569961548,0.025783665478229523,409,409
16,2,0.024436539754016474,0.06224498763787564,0.0038744384860392917,0.000974610447883606,0.02580009028315544,409,409
17,0,0.025160400284118555,0.06566265637415575,0.004311584442110457,0.0014523416757583618,0.024193206802010536,283,283
17,1,0.03384790969387276,0.09003366468256274,0.008106060776172146,0.002051427960395813,0.025442788377404213,283,283
17,2,0.03125618944477698,0.09204701077963309,0.008472652193465892,0.0015029311180114746,0.02660297602415085,283,283
18,0,0.03284023700973148,0.07575136126055258,0.005738268732826747,0.0011325627565383911,0.02680074330419302,159,159
18,1,0.03453186789890693,0.10832852504903498,0.011735069339299398,0.0010659396648406982,0.02600308321416378,159,159
18,2,0.02816397665689389,0.08340218137589843,0.00695592385825826,0.00121229887008667,0.025648430921137333,159,159
19,0,0.02856437944628099,0.07276618803811585,0.0052949181215984345,0.001131981611251831,0.025768890045583248,411,411
19,1,0.03223706455334767,0.08821418777197518,0.007781742924269296,0.0014890320599079132,0.027314292266964912,411,411
19,2,0.02381079155530264,0.06733532978414514,0.004534046637139584,0.001523621380329132,0.02288816124200821,411,411
20,0,0.03153305564491639,0.0962421981203878,0.009262560699043977,0.0011417008936405182,0.026290133129805326,206,206
20,1,0.021912883090090405,0.05089888909558401,0.0025906969111645604,0.0020296648144721985,0.02510518627241254,206,206
20,2,0.02071164050636795,0.054294942827651335,0.002947940816657927,0.0008402019739151001,0.023090300150215626,206,206
21,0,0.02798691499867377,0.07908235402881168,0.006254018718738307,0.0014507919549942017,0.024334726855158806,403,403
21,1,0.02743255234237936,0.0709780084155976,0.005037877678644643,0.001857314258813858,0.025033125653862953,403,403
21,2,0.02284288383724524,0.05549827361335968,0.003080058374063336,0.0015978887677192688,0.026468693278729916,403,403
22,0,0.027391248273643407,0.07506630138568661,0.005634949603726736,0.0012957192957401276,0.024903368204832077,376,376
22,1,0.02314735014001502,0.06698196445796585,0.0044865835626482,0.0014771893620491028,0.022387028206139803,376,376
22,2,0.024069795248772393,0.05758701398444887,0.0033162641796451093,0.0009450167417526245,0.024051292799413204,376,376
23,0,0.03134371237764652,0.08725641785302116,0.00761368245654103,0.0012959986925125122,0.026477146428078413,288,288
23,1,0.03215544725794138,0.0866265308687635,0.007504155850356835,0.0016856677830219269,0.02702819323167205,288,288
23,2,0.03119784482502534,0.08181963284945434,0.006694452319619508,0.0010615140199661255,0.025373166892677546,288,288
24,0,0.03409019968274868,0.09763055073847249,0.00953172443749745,0.0011558234691619873,0.023427701089531183,330,330
24,1,0.026551690172742715,0.06450876419626068,0.004161380658128764,0.0024488456547260284,0.025985849555581808,330,330
24,2,0.020813398706642065,0.061326420893233285,0.003760929899574,0.0013652145862579346,0.02370548015460372,330,330
25,0,0.044741852564106656,0.1304486770360604,0.017016857340458387,0.0023484379053115845,0.02615184895694256,257,257
25,1,0.021894189764669433,0.04991398580192682,0.002491405978634952,0.0009438395500183105,0.024159248918294907,257,257
25,2,0.027629378842414586,0.08947055247491564,0.008004979760166633,0.0012453719973564148,0.024211306124925613,257,257
26,0,0.03211469798696788,0.09353892724328318,0.008749530909824223,0.0014599263668060303,0.024860497564077377,447,447
26,1,0.03817607762429538,0.09948168433255147,0.009896605517641419,0.0015145763754844666,0.025934766046702862,447,447
26,2,0.03081893791930054,0.07525587950235343,0.0056634473996727405,0.0018866322934627533,0.027053597383201122,447,447
27,0,0.027808297262051883,0.06663636776420766,0.004440405508806734,0.0017406940460205078,0.02539796754717827,245,245
27,1,0.02563379279584909,0.07596430603028531,0.005770575790662842,0.001319587230682373,0.024904470890760422,245,245
27,2,0.03489421575843375,0.08936846217673633,0.007986722031834752,0.0019834190607070923,0.025474287569522858,245,245
28,0,0.0450124974949373,0.12183147741570893,0.014842908889294395,0.0014901608228683472,0.027345619164407253,319,319
28,1,0.029510235991971247,0.06636166759241979,0.004403870925646819,0.002889750525355339,0.026858586817979813,319,319
28,2,0.029178188813026983,0.07071227415529797,0.005000225716214023,0.0015418678522109985,0.023764552548527718,319,319
29,0,0.023393766724633124,0.06506921562339475,0.00423400282184384,0.0014265701174736023,0.025750731583684683,478,478
29,1,0.026933800037482667,0.07600254266476718,0.0057763864915097544,0.0013127401471138,0.02560136979445815,478,478
29,2,0.03296079482127246,0.08818552492402013,0.007776686806124974,0.0021317433565855026,0.024515986908227205,478,478
30,0,0.0344674453947998,0.10735594980686247,0.011525299958933574,0.0012316256761550903,0.025078173726797104,281,281
30,1,0.025442177040363226,0.07686933840554888,0.005908895186906793,0.0013025999069213867,0.023609226569533348,281,281
30,2,0.03400058353326393,0.08785030696328165,0.007717676433542812,0.004816118627786636,0.026193363592028618,281,281
31,0,0.029842055295471494,0.08168672426231481,0.00667272092070745,0.0018734559416770935,0.025309533812105656,304,304
31,1,0.028170445456022496,0.06889690726395797,0.004746783830538425,0.001736905425786972,0.026040058583021164,304,304
31,2,0.028696852941433655,0.09059083877013556,0.008206700069076695,0.0012484081089496613,0.024578329175710678,304,304
32,0,0.026353540300908057,0.06725429019391357,0.004523139549487139,0.0012350864708423615,0.024512290954589844,431,431
32,1,0.023786144763265852,0.07147799047935224,0.00510910312296637,0.0010931789875030518,0.025679143145680428,431,431
32,2,0.01971342944887979,0.0368849858626469,0.0013605021820876618,0.001096382737159729,0.025545448996126652,431,431
33,0,0.03542611272731686,0.09546131170457903,0.009112862032358796,0.0015031993389129639,0.024721879046410322,272,272
33,1,0.019003330976428354,0.04806573823499354,0.00231031519207492,0.0007648393511772156,0.022376553621143103,272,272
33,2,0.030010624668862233,0.0925800291583197,0.008571061798955327,0.000922083854675293,0.024069471284747124,272,272
34,0,0.027770287729799746,0.07852412692039719,0.006166038508610647,0.0013912804424762726,0.0240954109467566,270,270
34,1,0.02464016659392251,0.06828700863644924,0.004663115548514493,0.0016868934035301208,0.02626335620880127,270,270
34,2,0.02761891123459295,0.07777201271593794,0.006048485961888012,0.0011710375547409058,0.026770704425871372,270,270
35,0,0.025936828333100206,0.06612172439452207,0.0043720824369051356,0.0025937408208847046,0.026909380685538054,190,190
35,1,0.02404601237319998,0.060916955522989334,0.0037108754701898608,0.001812472939491272,0.025717991404235363,190,190
35,2,0.021699582265788005,0.04966878035254092,0.002466987741708955,0.0015933960676193237,0.02503930451348424,190,190
36,0,0.027488985443832697,0.08107656075037765,0.006573408703109679,0.001667216420173645,0.02556406334042549,189,189
36,1,0.03192115765281771,0.08147698760584407,0.0066384995093228686,0.002757832407951355,0.027561862021684647,189,189
36,2,0.028626644156045385,0.07871281675953916,0.006195707522220788,0.000865548849105835,0.026406986638903618,189,189
37,0,0.019828103589771807,0.04508291500434214,0.0020324692252887376,0.0016701575368642807,0.02655082242563367,348,348
37,1,0.03388393551496596,0.0873761833744144,0.007634597421079292,0.0017112158238887787,0.028248769231140614,348,348
37,2,0.0201895006854708,0.06300186216403489,0.00396923463613605,0.001161135733127594,0.02357809990644455,348,348
38,0,0.02703094018211246,0.0907324607597769,0.008232379435524453,0.0008903741836547852,0.02128082513809204,321,321
38,1,0.019915893450495423,0.051507072315938915,0.0026529784985593607,0.001875951886177063,0.024783281609416008,321,321
38,2,0.02914652739567363,0.07511176462286105,0.005641777184760082,0.0025731250643730164,0.0271159540861845,321,321
39,0,0.03117413172597876,0.08714065555594996,0.007593493850720714,0.0012888088822364807,0.023156682960689068,262,262
39,1,0.02550557404329986,0.06789839220040958,0.00461019166340064,0.0021020323038101196,0.026524728629738092,262,262
39,2,0.01825013519655771,0.06338269470866985,0.004017365988532445,0.0013316292315721512,0.02254429366439581,262,262
40,0,0.02992383177528386,0.07708470161125423,0.005942051222496102,0.0017279163002967834,0.02522083930671215,253,253
40,1,0.025227590802718292,0.06978171456341307,0.004869487687409656,0.0013884007930755615,0.024604937061667442,253,253
40,2,0.021627346558032536,0.0632623351097663,0.004002123043540369,0.0010295510292053223,0.023369072005152702,253,253
41,0,0.03810718669464775,0.10071120197442572,0.01014274620313357,0.0021268166601657867,0.026574277319014072,255,255
41,1,0.024098535017201713,0.06301959358176175,0.003971469175210426,0.001476101577281952,0.025323254987597466,255,255
41,2,0.025793021318374895,0.07636135221948509,0.005831056112788261,0.001095101237297058,0.022522643208503723,255,255
42,0,0.04075746951928856,0.11751803748137796,0.013810489133474553,0.0013975799083709717,0.023967170156538486,343,343
42,1,0.018914163932638683,0.059225094511631673,0.0035076118199117044,0.0010088980197906494,0.021260924637317657,343,343
42,2,0.02169982657249224,0.05752828949844673,0.0033095040926170963,0.0011227205395698547,0.024773609824478626,343,343
43,0,0.04754277766682208,0.1270319109230444,0.016137106392760284,0.0032011624425649643,0.028565295971930027,100,100
43,1,0.023092235317453743,0.0387997413996648,0.0015054199326808627,0.0025154612958431244,0.026407042518258095,100,100
43,2,0.021791286300867796,0.048434420223475216,0.002345893062384185,0.0015498101711273193,0.027151337824761868,100,100
44,0,0.033041904721083856,0.07533293234562706,0.005675050695790824,0.005285740364342928,0.02702573360875249,252,252
44,1,0.043040619562527846,0.10395978399317722,0.010807636687908068,0.005188951967284083,0.025490059982985258,252,252
44,2,0.028529239230833593,0.07185211862903404,0.005162726951480781,0.0016695894300937653,0.02587914001196623,252,252
45,0,0.03785919489360041,0.10031800706902225,0.010063702542300396,0.002330867573618889,0.02546258270740509,354,354
45,1,0.03513658855184071,0.11109107540329653,0.012341227034260917,0.0019136443734169006,0.025883758440613747,354,354
45,2,0.031563302117931305,0.08414283317524393,0.00708001637475693,0.0016536451876163483,0.026670599821954966,354,354
46,0,0.03642325272111724,0.09846508288036447,0.009695372546637045,0.0023342259228229523,0.025769561529159546,219,219
46,1,0.03820469455164113,0.10346646411253693,0.010705309195950892,0.0009225606918334961,0.02461356297135353,219,219
46,2,0.029078386940878546,0.09234946640983319,0.008528423946180908,0.0023232027888298035,0.0247395234182477,219,219
47,0,0.04170519783778974,0.12383744056307001,0.015335711685211898,0.0017054751515388489,0.02690374106168747,178,178
47,1,0.039745539306464156,0.10024104580807505,0.010048267264696601,0.0027576088905334473,0.028220772743225098,178,178
47,2,0.041044564200879145,0.11854223455937066,0.014052261374328853,0.0016875416040420532,0.027442398946732283,178,178
48,0,0.02392596172784537,0.07083827979907477,0.005018061884892004,0.0007515549659729004,0.022557945922017097,239,239
48,1,0.0320392510849811,0.09241155617879372,0.008539895715386348,0.000568687915802002,0.026142149232327938,239,239
48,2,0.036417117938555184,0.11203616430720874,0.012552102112671873,0.002223789691925049,0.02762688137590885,239,239
49,0,0.023569714465563583,0.05702517484691069,0.0032518705663207356,0.0012293681502342224,0.02337915636599064,283,283
49,1,0.034087123255518534,0.07926459669964456,0.006282876289957302,0.002541659399867058,0.02433549053966999,283,283
49,2,0.03681012385692645,0.10295270757337971,0.010599259996689836,0.0033155791461467743,0.026386452838778496,283,283
50,0,0.027377031082844634,0.06983313170714087,0.004876666284026884,0.002467464655637741,0.024128957651555538,234,234
50,1,0.02820159584427109,0.06624686922791524,0.004388647682500503,0.002497183158993721,0.02733738161623478,234,234
50,2,0.01958362229216175,0.06158976627462933,0.0037932993097634688,0.001224275678396225,0.0242701037786901,234,234
51,0,0.02772387289480291,0.0627843457161626,0.003941874067006626,0.0025229575112462044,0.02669535716995597,244,244
51,1,0.03351124095898427,0.09102356649968417,0.008285289658322427,0.00198344886302948,0.026508454233407974,244,244
51,2,0.02611941301080658,0.06317778796763955,0.003991432892484021,0.0019867345690727234,0.02539558708667755,244,244
52,0,0.028492287544660874,0.07161292296167045,0.005128410735114146,0.00242454931139946,0.025578381028026342,322,322
52,1,0.027329613116240093,0.07364781678998428,0.0054240009179310905,0.0010630562901496887,0.024945079814642668,322,322
52,2,0.03090389929306896,0.08705780396413762,0.007579061231058217,0.0013452395796775818,0.02494732290506363,322,322
53,0,0.03991276660943946,0.09771216386014273,0.009547666966231383,0.0033418331295251846,0.027291140984743834,378,378
53,1,0.02598157904243895,0.07878923644810827,0.006207743780075912,0.0011900290846824646,0.02563313487917185,378,378
53,2,0.028159165544257986,0.0744899422887663,0.005548751502183735,0.0012360289692878723,0.025186205748468637,378,378
54,0,0.026175496080476375,0.06346720889512426,0.00402808660493734,0.0011854879558086395,0.026787816546857357,270,270
54,1,0.02341247813914109,0.05508912015421582,0.0030348111593656276,0.0022845864295959473,0.025650253053754568,270,270
54,2,0.02773685515858233,0.0846396803161498,0.007163875484020035,0.0010197646915912628,0.022288828622549772,270,270
55,0,0.017043438369972505,0.04136980573213751,0.0017114608263147978,0.0010520070791244507,0.021168862469494343,307,307
55,1,0.03851343936920894,0.10285486563422803,0.010579123384635104,0.004420377314090729,0.02399834245443344,307,307
55,2,0.02922916933833485,0.07613478988715136,0.005796506231160685,0.0015671513974666595,0.026604026556015015,307,307
56,0,0.031464481483993494,0.09160237509394009,0.008390995122850896,0.0018157288432121277,0.025604558642953634,246,246
56,1,0.034468853058732624,0.10911580809648594,0.011906259576549148,0.0011367909610271454,0.022218704223632812,246,246
56,2,0.023477123319587814,0.08138374591900456,0.006623314099809092,0.0010420233011245728,0.01633258257061243,246,246
57,0,0.02757781796946315,0.07218494227924493,0.005210665891857923,0.0014373771846294403,0.02595260599628091,314,314
57,1,0.02158700786886891,0.07198728068075273,0.005182168579809475,0.0012855753302574158,0.024305820930749178,314,314
57,2,0.024828716457056203,0.07682882024473645,0.005902667620198025,0.0018019601702690125,0.022842902224510908,314,314
58,0,0.03164738189357207,0.08694183828687599,0.007558883244701295,0.0013101324439048767,0.025234687142074108,363,363
58,1,0.025235329626369245,0.09001691189409126,0.00810304442694859,0.0014434009790420532,0.023802921175956726,363,363
58,2,0.020620158876064068,0.06991494497064937,0.00488809953024893,0.0009744763374328613,0.019301488995552063,363,363
59,0,0.030139812572290085,0.09142410241070355,0.00835836650160281,0.0012168772518634796,0.026382884476333857,144,144
59,1,0.03158870768836803,0.09108154070049651,0.008295847056376203,0.002197805792093277,0.029457634780555964,144,144
59,2,0.019940576331767563,0.04700038816187272,0.0022090364873667053,0.0015697181224822998,0.024419641122221947,144,144
60,0,0.03456168166632133,0.09419107013116537,0.008871957692454113,0.001883089542388916,0.02640574611723423,186,186
60,1,0.03642997153163437,0.0950576627313435,0.009035959243945851,0.0027564428746700287,0.027564734686166048,186,186
60,2,0.022972864274095783,0.05750941454398688,0.0033073327611921294,0.001696113497018814,0.027468391694128513,186,186
61,0,0.023776636058464647,0.05531139656706371,0.0030593505901989866,0.0007451996207237244,0.024214178323745728,200,200
61,1,0.033908676917199045,0.09949243483070144,0.009898744588541375,0.001857765018939972,0.023295540362596512,200,200
61,2,0.029003871162422,0.1045928046029423,0.010939654774709269,0.0010427013039588928,0.02292720600962639,200,200
62,0,0.02767404205231963,0.06933052777768285,0.004806722081932053,0.0020806791726499796,0.02518770331516862,366,366
62,1,0.020137447835826647,0.04813422742077439,0.002316903849394829,0.0011654794216156006,0.024784259498119354,366,366
62,2,0.027694279405598838,0.07977872921096141,0.006364645634515907,0.0017616283148527145,0.026040302589535713,366,366
63,0,0.03042899001337273,0.07558403236498704,0.005712945948551408,0.0012006759643554688,0.022588541731238365,213,213
63,1,0.015727175596419354,0.040995710021474945,0.001680648240164861,0.0012431591749191284,0.023777782917022705,213,213
63,2,0.023764891106145623,0.06121323654880334,0.003747060328779753,0.0012296289205551147,0.024610506370663643,213,213
64,0,0.02333618122959297,0.06421682472379084,0.004123800577606074,0.0012190863490104675,0.02620743867009878,447,447
64,1,0.02814971806348137,0.07497626329070023,0.005621440057036402,0.0015613511204719543,0.026331676170229912,447,447
64,2,0.024732968142835352,0.07448550747814418,0.005548090824276673,0.001191169023513794,0.024855217896401882,447,447
65,0,0.02924832687858725,0.08503678727706138,0.007231255190404187,0.0012878328561782837,0.025333666242659092,192,192
65,1,0.027765011031685088,0.07620551762970242,0.005807280917210885,0.0007995292544364929,0.022711572237312794,192,192
65,2,0.030601303655809414,0.0715296935483863,0.005116497059126057,0.003366510383784771,0.02627354534342885,192,192
66,0,0.032473373676475605,0.08904933828871674,0.007929784649658312,0.001856466755270958,0.026246203109622,320,320
66,1,0.023086499629425817,0.05736568160063244,0.0032908214255051396,0.0016999151557683945,0.025221860501915216,320,320
66,2,0.029713781784448657,0.08250533558641979,0.0068071304002277466,0.001493820920586586,0.022711255121976137,320,320
67,0,0.024918954418360315,0.07276700855827566,0.005295037534520162,0.0015653297305107117,0.02386297471821308,274,274
67,1,0.023345610395373,0.07199666317587147,0.005183519508459888,0.0016911718994379044,0.021299083717167377,274,274
67,2,0.020288582524135165,0.04916973556234434,0.0024176628952708693,0.0010722801089286804,0.025447667110711336,274,274
68,0,0.027516972922738518,0.07711890535653827,0.005947325563390707,0.002350054681301117,0.02351503586396575,302,302
68,1,0.03475882011829622,0.09165907488347308,0.008401386008494126,0.0036552585661411285,0.025359009858220816,302,302
68,2,0.021673965795175328,0.05876656180467353,0.003453508786342514,0.0007201060652732849,0.023175385780632496,302,302
69,0,0.018909402539546805,0.029225791590241787,0.0008541468940762475,0.0019703470170497894,0.02456218097358942,174,174
69,1,0.016937002914304704,0.034848551826364,0.0012144215643947781,0.0012762472033500671,0.021868945099413395,174,174
69,2,0.02589041799114182,0.09373209979980453,0.008785706532880515,0.0009419918060302734,0.01973014185205102,174,174
70,0,0.035435798502958464,0.10140259635336091,0.010282486547202643,0.001270785927772522,0.024201696272939444,298,298
70,1,0.03358025933872133,0.10180932769520973,0.0103651392057506,0.0017082057893276215,0.024720588698983192,298,298
70,2,0.03463698845456711,0.10092372146033639,0.010185597553403564,0.0024253427982330322,0.0255985576659441,298,298
71,0,0.03349174468001411,0.09285062951944968,0.0086212394021581,0.0022827908396720886,0.024428103119134903,277,277
71,1,0.03164285948896774,0.08918755451147664,0.007954419879737617,0.0019347071647644043,0.024246491491794586,277,277
71,2,0.03054770501162386,0.09869614393014052,0.009740928826679013,0.0016488507390022278,0.025152597576379776,277,277
72,0,0.032061006743042325,0.09539718054802195,0.009100622056511897,0.0027839932590723038,0.024106148164719343,178,178
72,1,0.029305077628808074,0.06451887306006618,0.004162684980940933,0.002041345462203026,0.026385112665593624,178,178
72,2,0.03498018815527471,0.09736091644239457,0.009479148050502938,0.0017513372004032135,0.025136117357760668,178,178
73,0,0.017993649777192557,0.05748107960425515,0.003304074512470717,0.000948682427406311,0.021854305639863014,289,289
73,1,0.021131728766131567,0.055179504370447253,0.0030447777025682074,0.0015354156494140625,0.025706974789500237,289,289
73,2,0.02533118254070051,0.07217884053271797,0.00520978502064753,0.0021354109048843384,0.02326894737780094,289,289
74,0,0.03358989294307927,0.10009527026011131,0.010019063128444724,0.0019627921283245087,0.025636914186179638,180,180
74,1,0.026179196770923834,0.07283741815349677,0.0053052894832673414,0.0012925490736961365,0.027470802422612906,180,180
74,2,0.022899520774889322,0.05138104937352087,0.0026400122347241895,0.0006756708025932312,0.028443490155041218,180,180
75,0,0.02544007178209203,0.0726628203140403,0.005279885455990508,0.001546621322631836,0.025018811225891113,359,359
75,1,0.03202875612256919,0.08831333007215286,0.007799244268433018,0.0013417601585388184,0.025098934769630432,359,359
75,2,0.026857205303411794,0.0748939613077607,0.005609105440368357,0.001931905746459961,0.02324538864195347,359,359
76,0,0.028708652245687014,0.08020771054275008,0.006433276830509584,0.0019510388374328613,0.026328999549150467,335,335
76,1,0.027703768354076057,0.07669863399685498,0.005882680456983518,0.0015208721160888672,0.025647196918725967,335,335
76,2,0.02201653758703328,0.05661967049259535,0.0032057870866900725,0.0019246526062488556,0.02246758248656988,335,335
77,0,0.03091635933902722,0.09394853358614147,0.008826326962986353,0.0015286877751350403,0.02713873330503702,411,411
77,1,0.027554931103222418,0.07218881391294546,0.005211224854157869,0.0023179762065410614,0.022887670435011387,411,411
77,2,0.03130766002057968,0.10193256008186181,0.010390246804842369,0.001443658024072647,0.025351308286190033,411,411
78,0,0.022712220457925213,0.05596519257368108,0.0031321027798092075,0.001178208738565445,0.023450045380741358,278,278
78,1,0.028589498847991012,0.06897498521977245,0.004757548586067828,0.0015618540346622467,0.027383301872760057,278,278
78,2,0.028111195010836604,0.06447518160220794,0.004157049042637693,0.0032505011186003685,0.027557678055018187,278,278
79,0,0.02134173606552988,0.0602128507267726,0.003625587392644599,0.0010035037994384766,0.025419747456908226,213,213
79,1,0.032115838035696266,0.0955029557972263,0.009120814566006961,0.0008498430252075195,0.02397872880101204,213,213
79,2,0.019873011892250447,0.051664661683197256,0.002669237266839231,0.0,0.025267887860536575,213,213
80,0,0.028575435031097437,0.0660324083414684,0.004360278951374425,0.0027966462075710297,0.027181281708180904,138,138
80,1,0.026630696280440992,0.07051044904554522,0.00497172342460443,0.0024148747324943542,0.027735815849155188,138,138
80,2,0.035916597238215414,0.10363578268868436,0.010740375453496208,0.0014478936791419983,0.02605862868949771,138,138
81,0,0.026840012913453393,0.067032482194321,0.004493353669131961,0.0022139661014080048,0.02677717339247465,256,256
81,1,0.03196487187415187,0.08192662784404967,0.006711972349897415,0.0016312412917613983,0.026992401573807,256,256
81,2,0.018797433836880373,0.04177812744613521,0.0017454119329055164,0.0017447955906391144,0.02528526308014989,256,256
82,0,0.030370175630740518,0.07768417209274366,0.006034830593735013,0.0022240430116653442,0.025265369564294815,269,269
82,1,0.03915353990107996,0.09734028357949837,0.009475130807337159,0.003030635416507721,0.026964973658323288,269,269
82,2,0.03392508063036048,0.08916731305825452,0.007950809718028768,0.0012825429439544678,0.026266634464263916,269,269
83,0,0.028176095271548192,0.06634875769113675,0.004402157647157179,0.001870524138212204,0.026849802117794752,286,286
83,1,0.022252966037632285,0.06392896597600677,0.0040869126907614305,0.001034751534461975,0.023197467904537916,286,286
83,2,0.0206372455166249,0.05176796185300254,0.002679921874413926,0.0014798790216445923,0.02439701557159424,286,286
84,0,0.01823448717307586,0.043259969185268525,0.0018714249339103822,0.0012157261371612549,0.02488403022289276,325,325
84,1,0.015720406085825884,0.021481805650475107,0.0004614679740047842,0.0018026232719421387,0.02493632584810257,325,325
84,2,0.03480169629248289,0.11145695350889001,0.012422652485482868,0.0016008615493774414,0.023987194523215294,325,325
85,0,0.020607542761779847,0.06053107026904205,0.0036640104679157067,0.0016102474182844162,0.022636858746409416,282,282
85,1,0.02785792486108047,0.08326691262860887,0.006933378738700383,0.00165461003780365,0.02549455128610134,282,282
85,2,0.049103540173526986,0.12956663441502114,0.016787512753635738,0.0015308577567338943,0.02715078741312027,282,282
86,0,0.040566457262380416,0.1116696611514996,0.012470113221690737,0.002029232680797577,0.02690933272242546,269,269
86,1,0.0359012587930744,0.09030409214190092,0.008154829057572933,0.0029993653297424316,0.02746305614709854,269,269
86,2,0.023183069330359702,0.07250015816138222,0.005256272933425437,0.0009115040302276611,0.020603548735380173,269,269
87,0,0.03027805004858915,0.0878711280099076,0.007721335137733568,0.0013471469283103943,0.02536436216905713,322,322
87,1,0.02454152172547042,0.0702376430280842,0.004933326498140586,0.0011817142367362976,0.02455549268051982,322,322
87,2,0.0269085112264993,0.06404002701439837,0.004101125060004872,0.0021548494696617126,0.024457521736621857,322,322
88,0,0.02963422424136064,0.07685818858340855,0.0059071811523227925,0.0015744194388389587,0.024523715488612652,195,195
88,1,0.029380693019200595,0.07918923209539216,0.006270934479857889,0.001001790165901184,0.026114515960216522,195,195
88,2,0.039385784317094545,0.08964245963671341,0.008035770569719793,0.0028571709990501404,0.027363574132323265,195,195
89,0,0.025710291928172615,0.06390765606341582,0.00408418850351985,0.0012460798025131226,0.02619313634932041,473,473
89,1,0.030567732458465575,0.0778242310299105,0.0060566109353968845,0.002718348056077957,0.025815745815634727,473,473
89,2,0.02452198670385504,0.08112007250961187,0.0065804661639646865,0.0012066066265106201,0.021914904937148094,473,473
90,0,0.020389041031243463,0.06843985633851708,0.004684013935636857,0.0008414238691329956,0.020393284037709236,277,277
90,1,0.036630447769019796,0.10075397972003783,0.010151364429425795,0.0018226057291030884,0.025044705718755722,277,277
90,2,0.025188845777312556,0.06986576774466247,0.004881225502551119,0.0017318874597549438,0.024686262011528015,277,277
91,0,0.03790701527049291,0.0944747286209018,0.00892547434799304,0.0026290584355592728,0.026459761429578066,338,338
91,1,0.028830842836897755,0.07291649569796953,0.0053168153448720085,0.0017760246992111206,0.025718798860907555,338,338
91,2,0.03347852570142531,0.09823703829476033,0.009650515692926208,0.0012604370713233948,0.023874425794929266,338,338
92,0,0.019756007616394268,0.04243493040204564,0.0018007233182264573,0.0014706999063491821,0.0250407662242651,268,268
92,1,0.031747986315819085,0.08160969206686272,0.006660141839248156,0.0014367438852787018,0.025946703273802996,268,268
92,2,0.015334578102398942,0.03491392701065142,0.0012189822993050948,0.0012199431657791138,0.0214483137242496,268,268
93,0,0.02450911220968575,0.07908678141709986,0.006254718994916133,0.0016073212027549744,0.024206824600696564,185,185
93,1,0.024681794175223724,0.06985819961236213,0.004880168053080633,0.0011820495128631592,0.023971207439899445,185,185
93,2,0.0176483851932996,0.04816285452906872,0.002319660556388235,0.0010007619857788086,0.020991072058677673,185,185
94,0,0.0214657183155998,0.05921192196543728,0.0035060517028410337,0.001269012689590454,0.024600980803370476,385,385
94,1,0.02592966328919321,0.06736140809970884,0.004537559301175519,0.0013518929481506348,0.02550191432237625,385,385
94,2,0.0298627100836534,0.08470395679715437,0.007174760297094193,0.0011458992958068848,0.025672167539596558,385,385
95,0,0.030106316746851117,0.07656739830973215,0.005862566483921174,0.00264577753841877,0.027238981798291206,579,579
95,1,0.023457909483842177,0.058979913512695874,0.003478630197965085,0.002219580113887787,0.026208171620965004,579,579
95,2,0.020867855856693728,0.05605723426602656,0.0031424135135561825,0.0014302358031272888,0.025111828930675983,579,579
96,0,0.02654769771986387,0.07785651521478128,0.0060616369613894685,0.001082301139831543,0.024470750242471695,385,385
96,1,0.02401838397195974,0.06007287643259296,0.0036087504828855826,0.0013981759548187256,0.02604193426668644,385,385
96,2,0.029857430660298893,0.07713814061893226,0.005950292738146167,0.002067357301712036,0.027451440691947937,385,385
97,0,0.026093415499321725,0.06385984419157126,0.0040780797001717575,0.0019729696214199066,0.02551964484155178,152,152
97,1,0.03085894341654095,0.08840188501962185,0.007814893275022442,0.002083968371152878,0.029001018032431602,152,152
97,2,0.017972525356239395,0.033509395641621365,0.0011228795962667131,0.0012691020965576172,0.025491359643638134,152,152
98,0,0.031539035335222565,0.06610174497120146,0.004369440688237757,0.0036628320813179016,0.02902299165725708,189,189
98,1,0.021434676468805976,0.07334543671342816,0.005379553086683497,0.0008474588394165039,0.021957892924547195,189,189
98,2,0.024350435699695947,0.06416024641678542,0.004116537220262625,0.0011897832155227661,0.025540433824062347,189,189
99,0,0.026935370274978044,0.07323720288296794,0.005363687886121006,0.0012095868587493896,0.02628115937113762,229,229
99,1,0.03238129063497204,0.09118141864361745,0.008314051105862629,0.0015193074941635132,0.02781686559319496,229,229
99,2,0.034096480335015396,0.10307210784407646,0.010623859415420928,0.0013355612754821777,0.025408588349819183,229,229
100,0,0.02956003830464128,0.09282735783271265,0.00861691836220248,0.0014628656208515167,0.026185359805822372,291,291
100,1,0.021074057159836554,0.0487727661109195,0.0023787827141104573,0.0017712339758872986,0.024938777089118958,291,291
100,2,0.024387449224533904,0.06433082752708223,0.004138455370319201,0.0014529228210449219,0.02501061651855707,291,291
101,0,0.02654875241904708,0.0776410543351214,0.006028133318269274,0.0010939836502075195,0.025865944102406502,321,321
101,1,0.037855956076740103,0.08919992706076933,0.00795662698764657,0.002566039562225342,0.024517083540558815,321,321
101,2,0.025680555500716806,0.06927863956525017,0.004799529900011846,0.001319989562034607,0.025166194885969162,321,321
102,0,0.031263256328379584,0.08312658272567025,0.0069100287556477,0.0014390051364898682,0.027393688447773457,159,159
102,1,0.028431509264141508,0.06997555823795325,0.004896578750713187,0.001320071518421173,0.024596654810011387,159,159
102,2,0.035729560052167694,0.09753409988083979,0.009512900639565633,0.0015018656849861145,0.026584232226014137,159,159
103,0,0.025128629816085653,0.06801145040286721,0.004625557385901667,0.0011415481567382812,0.023899271618574858,296,296
103,1,0.030608289922285523,0.07805494217845761,0.0060925739984823615,0.0009255446493625641,0.02499111695215106,296,296
103,2,0.030051245911021693,0.07774368492602372,0.006044080545876849,0.0016982443630695343,0.025978613179177046,296,296
104,0,0.026135604651320237,0.0716239195362069,0.005129985849729042,0.0013294517993927002,0.0256809014827013,373,373
104,1,0.028744807376978224,0.09235574152574177,0.008529582992769623,0.002185449004173279,0.026254430413246155,373,373
104,2,0.02568340353697698,0.06412213082054936,0.0041116476609676465,0.001304909586906433,0.025316480547189713,373,373
105,0,0.021302106181797648,0.06236544064333088,0.0038894481866368277,0.0012345314025878906,0.022735778242349625,181,181
105,1,0.03245747921401789,0.07422023662184905,0.005508643524203263,0.0017413794994354248,0.026408726349473,181,181
105,2,0.038498177676775505,0.11306359214878466,0.012783375869586718,0.0014374852180480957,0.0249642301350832,181,181
106,0,0.012148998950312778,0.04704203515901883,0.0022129530719023635,0.0008490011096000671,0.013478755252435803,164,164
106,1,0.027838962870968004,0.09017658934035518,0.00813181726505906,0.0015256144106388092,0.02363582793623209,164,164
106,2,0.03634661800091768,0.0971028120955819,0.009428956116869888,0.0009415224194526672,0.026703369338065386,164,164
107,0,0.026184540313191014,0.07272902253537936,0.0052895107189517175,0.000986337661743164,0.025065086781978607,353,353
107,1,0.019602356454827125,0.050343364303476044,0.002534454329392506,0.001398243010044098,0.023824842646718025,353,353
107,2,0.03496063853912161,0.09147343719408459,0.008367389712100139,0.0011847615242004395,0.024588728323578835,353,353
108,0,0.02296867047001918,0.062049929195446746,0.0038501937131599543,0.0013281181454658508,0.02442500088363886,375,375
108,1,0.027143491208553316,0.06940168568254115,0.004816593975578237,0.0018484815955162048,0.02525386493653059,375,375
108,2,0.02210342780003945,0.06624805909392992,0.004388805333712831,0.0013776198029518127,0.023833596147596836,375,375
109,0,0.02473179218454882,0.07816199413336136,0.006109297326903616,0.001374945044517517,0.026116885244846344,341,341
109,1,0.024736393079205343,0.06681918153082878,0.00446480302044985,0.0015316903591156006,0.025454623624682426,341,341
109,2,0.023356824003083528,0.05658609628465049,0.0032019862927357367,0.0026227831840515137,0.026299286633729935,341,341
110,0,0.03994425255348163,0.10558114841133132,0.01114737889985557,0.0019497722387313843,0.026395360939204693,163,163
110,1,0.029427899521964094,0.06969116212194933,0.0048568580779078255,0.0019901692867279053,0.02501873765140772,163,163
110,2,0.02693004533362809,0.0732380258530325,0.005363808430849457,0.0010481104254722595,0.025818255729973316,163,163
111,0,0.029349124795422326,0.09026593952571904,0.008147939838460766,0.000977061688899994,0.024881163612008095,203,203
111,1,0.014436003311624375,0.034859535182566195,0.0012151871931445704,0.001019701361656189,0.018691152334213257,203,203
111,2,0.02682954608348056,0.06963968710904336,0.00484968602064546,0.0010724067687988281,0.025338933803141117,203,203
112,0,0.023940186118431985,0.06854963517898695,0.004699052483172206,0.0017565786838531494,0.02464672550559044,237,237
112,1,0.016650108927035633,0.050641283620624665,0.002564539606744548,0.0007731318473815918,0.02028960920870304,237,237
112,2,0.03269718894302719,0.09400395083917348,0.008836742773373745,0.0010709762573242188,0.02532457746565342,237,237
113,0,0.022361280044747724,0.08060559706930476,0.0064972622788991114,0.0007621049880981445,0.022652223706245422,225,225
113,1,0.02953293468389246,0.0886653301487205,0.007861540770381604,0.0011821389198303223,0.023871734738349915,225,225
113,2,0.020103187983234724,0.051947106144439335,0.002698501836781647,0.0012471973896026611,0.02197938784956932,225,225
114,0,0.022111021824138988,0.0531331928141376,0.002823136178624323,0.0019120126962661743,0.024769690353423357,354,354
114,1,0.021753728719912258,0.04701671089936384,0.0022105711037943582,0.0015629418194293976,0.025857174303382635,354,354
114,2,0.022791260539022626,0.05228143988998131,0.0027333489569697287,0.0019134469330310822,0.024571835063397884,354,354
115,0,0.03918554192191801,0.10784919750077271,0.011631449401560677,0.0008288770914077759,0.025026422925293446,163,163
115,1,0.03386984192451999,0.07890746526487215,0.006226388074527004,0.002756437286734581,0.025030743330717087,163,163
115,2,0.032091342278419095,0.09801513368972084,0.00960696643221385,0.0018984191119670868,0.024121168069541454,163,163
116,0,0.017422745096116837,0.031000765406958546,0.0009610474558172776,0.0006225705146789551,0.025299224071204662,142,142
116,1,0.03672990398350316,0.10600552823882901,0.011237172017193176,0.0013301186263561249,0.026522232685238123,142,142
116,2,0.021041265065768654,0.04841912563822326,0.002344411727570049,0.0011577233672142029,0.026113534811884165,142,142
117,0,0.024352584461060662,0.07198587791070689,0.0051819666185751985,0.0008080005645751953,0.025188718922436237,288,288
117,1,0.02952900970800935,0.06813425306323102,0.004642276440484407,0.002788158133625984,0.028158752713352442,288,288
117,2,0.022241047871324957,0.05424610760199804,0.0029426401899675498,0.0009768642485141754,0.02547978889197111,288,288
118,0,0.02941498319313933,0.06479183501143262,0.004197981884148707,0.0011628232896327972,0.027183641213923693,208,208
118,1,0.027644435673629723,0.07502106025771695,0.005628159482191998,0.0020386744290590286,0.025182480923831463,208,208
118,2,0.02708351750446197,0.06378707373657282,0.004068790775874977,0.0017341077327728271,0.026751868426799774,208,208
119,0,0.025857514935460957,0.07021819074195523,0.004930594311073607,0.0013489723205566406,0.026370350271463394,275,275
119,1,0.037657801854339513,0.09780912200825687,0.009566624348026078,0.0019464083015918732,0.02514355443418026,275,275
119,2,0.02597342331639745,0.07269468192988433,0.0052845167808870525,0.0017207488417625427,0.026234176009893417,275,275
120,0,0.033041723775105517,0.10502474688875062,0.011030197459046131,0.0007548630237579346,0.024693052284419537,171,171
120,1,0.018974071433931067,0.04725393984185709,0.002232934830577849,0.0008561164140701294,0.02556066121906042,171,171
120,2,0.020215720226933732,0.03927827332414606,0.001542782755326324,0.0011824071407318115,0.026298596523702145,171,171
121,0,0.029895097818732463,0.08869635121223893,0.007867042718364838,0.0014691241085529327,0.02356859715655446,294,294
121,1,0.024572228279509615,0.06902198828302542,0.004764034866542097,0.0014308169484138489,0.024365433491766453,294,294
121,2,0.02932680431487305,0.08005732204822615,0.006409174813533395,0.0018877927213907242,0.024299679324030876,294,294
122,0,0.025731221731763083,0.06900400959704008,0.004761553340468398,0.002088978886604309,0.02385411597788334,341,341
122,1,0.03312641470979823,0.09165921923267108,0.008401412470342859,0.002283655107021332,0.027272280305624008,341,341
122,2,0.025414167253349707,0.06429444312705325,0.004133775417017885,0.002110704779624939,0.024483203887939453,341,341
123,0,0.02456652158533189,0.07378478335381967,0.005444194254570105,0.0011940151453018188,0.023537123575806618,303,303
123,1,0.037160224886764785,0.10752274549682073,0.011561140799174082,0.0015116631984710693,0.025526599027216434,303,303
123,2,0.02300971756280452,0.06650874286508104,0.004423412877493468,0.001398324966430664,0.026542143896222115,303,303
124,0,0.03103753521374645,0.08330242679258515,0.006939294309534008,0.000910535454750061,0.025065621826797724,188,188
124,1,0.0266077370838599,0.06957798411695904,0.004841095873779804,0.001337241381406784,0.02671530330553651,188,188
124,2,0.024997163772028177,0.07237428022979232,0.005238036438780508,0.0019068941473960876,0.023873784579336643,188,188
125,0,0.027506498180673265,0.07285920211982495,0.005308463333537504,0.0028554005548357964,0.025994079653173685,282,282
125,1,0.027505802063284613,0.07358445016433567,0.0054146713059876,0.0018024975433945656,0.024653383065015078,282,282
125,2,0.024239889388996447,0.054055390108601914,0.0029219851997931375,0.002066943794488907,0.026656590402126312,282,282
126,0,0.021422905038143026,0.05846666067077998,0.0034183504099921298,0.0015375912189483643,0.023090654984116554,145,145
126,1,0.026767536895028476,0.09708483258217583,0.009425464717509111,0.0008302927017211914,0.023560769855976105,145,145
126,2,0.03354296037477666,0.08471081459415956,0.007175922109206077,0.002163708209991455,0.02671869844198227,145,145
127,0,0.02794636270587201,0.0735867685215608,0.005415012501445772,0.001503877341747284,0.025613591074943542,191,191
127,1,0.02994857490287011,0.08391916145346245,0.007042425659052299,0.0011033713817596436,0.027030459605157375,191,191
127,2,0.02756394698962335,0.0823168181866793,0.006776058556378815,0.0011140182614326477,0.022357624024152756,191,191
128,0,0.03715967433075014,0.09916550254756619,0.009833796895511357,0.0021198466420173645,0.026332528796046972,206,206
128,1,0.02182105148337709,0.03825863105349452,0.0014637228500874156,0.0027468628250062466,0.02550605358555913,206,206
128,2,0.021571299255581447,0.06135019772873608,0.003763846761355014,0.0010656937956809998,0.02168631972745061,206,206
129,0,0.03718370437239412,0.10305306902260267,0.010619935034977308,0.002056129276752472,0.02825724519789219,331,331
129,1,0.028407310929115626,0.0740667186042813,0.005485878804805789,0.002107091248035431,0.02497737668454647,331,331
129,2,0.03406450059827631,0.09036506171652164,0.008165844379030765,0.002015966922044754,0.026492043398320675,331,331
130,0,0.03580185792044453,0.09119978271134607,0.008317400366596738,0.002051806077361107,0.025555589701980352,230,230
130,1,0.02845256156085626,0.07935928281254555,0.006297895768521586,0.0012568458914756775,0.025346124079078436,230,230
130,2,0.019990879088721197,0.057217643766961895,0.0032738587582429534,0.0017957128584384918,0.022065941710025072,230,230
131,0,0.02522773561648096,0.06284501405647337,0.003949495791758335,0.002132795751094818,0.025975963100790977,313,313
131,1,0.027707133602838926,0.07684130801375552,0.005904586617264848,0.0015460997819900513,0.02536657080054283,313,313
131,2,0.03013896598174168,0.08171635845884022,0.006677563239773667,0.0011962056159973145,0.02380625158548355,313,313
132,0,0.03551988679752812,0.09392917501428912,0.008822689918864954,0.003414064645767212,0.02661313395947218,183,183
132,1,0.035569156408106366,0.10836579562918439,0.011743145662346157,0.000620722770690918,0.027489052154123783,183,183
132,2,0.03905831648881644,0.09545471640074996,0.009111602883147602,0.001354716718196869,0.027615138329565525,183,183
133,0,0.02940623443170737,0.09580959455136406,0.009179478408096771,0.0014613308012485504,0.024285392835736275,208,208
133,1,0.02286872588760721,0.07146519776842873,0.005107274492080631,0.0008202828466892242,0.02397600095719099,208,208
133,2,0.03630878442065576,0.10831803758025431,0.011732797265237384,0.001976963132619858,0.026472437661141157,208,208
134,0,0.027167547953686994,0.06939757782242953,0.0048160238076201635,0.002191498875617981,0.024221105501055717,303,303
134,1,0.026009925973076043,0.05738012018956545,0.003292478192968977,0.001650981605052948,0.023259364999830723,303,303
134,2,0.03138987957146449,0.0957610678856359,0.009170182122597367,0.0020942389965057373,0.02502741478383541,303,303
135,0,0.024074092571151583,0.07787497923855943,0.006064512391406063,0.0007824748754501343,0.02212114818394184,146,146
135,1,0.019686283779726046,0.055176698423254775,0.0030444680488908057,0.0010371282696723938,0.02270016958937049,146,146
135,2,0.028931915077495658,0.07322052074846824,0.005361244658676869,0.0014418214559555054,0.02655817661434412,146,146
136,0,0.03161545567369709,0.08285860760367318,0.006865548854019488,0.0010836496949195862,0.02685731602832675,168,168
136,1,0.029700546242695833,0.09713792000007451,0.009435775501940876,0.0006674900650978088,0.026200087275356054,168,168
136,2,0.045187934526308836,0.11017600463162383,0.012138751996587597,0.0056556775234639645,0.030028993263840675,168,168
137,0,0.029851783778759237,0.06776204100385191,0.004591694201007707,0.0019943974912166595,0.024991345591843128,263,263
137,1,0.026842750265429455,0.0816939519058436,0.006673901777994286,0.0012030825018882751,0.026204739697277546,263,263
137,2,0.01986728349041916,0.04329499644475984,0.0018744567171517673,0.0012671127915382385,0.02344415243715048,263,263
138,0,0.025306599363600753,0.06917656995750851,0.004785397831086069,0.0017434097826480865,0.026330888736993074,444,444
138,1,0.02805913713244671,0.0827079846952978,0.006840610732357617,0.0016421042382717133,0.026131400372833014,444,444
138,2,0.03728562993467324,0.09319921119952213,0.00868609296821313,0.0016510523855686188,0.027979111298918724,444,444
139,0,0.027664379654419296,0.08249796136200563,0.006805913628886974,0.0019727572798728943,0.022058548405766487,283,283
139,1,0.025160461298910763,0.06009087630373796,0.003610913414951136,0.0011063814163208008,0.024491509422659874,283,283
139,2,0.027796784598485638,0.0675002737620048,0.004556286957945594,0.0021324530243873596,0.025549947284162045,283,283
140,0,0.03394902597912058,0.09947073163428756,0.009894426451860455,0.0012839213013648987,0.026873324066400528,167,167
140,1,0.031171870512698225,0.0759460754911276,0.005767806382504052,0.002131272107362747,0.02798602357506752,167,167
140,2,0.02961709907468029,0.08258058162336929,0.0068195524612539565,0.001990225166082382,0.025451693683862686,167,167
141,0,0.021680635138692565,0.06994986678257374,0.004892983862899813,0.000986538827419281,0.023833205457776785,228,228
141,1,0.028680831974110844,0.07779773438716855,0.006052487475776428,0.0010094046592712402,0.02457776991650462,228,228
141,2,0.03267012028383058,0.099908215495834,0.009981651523562004,0.0010790526866912842,0.022396946791559458,228,228
142,0,0.0308630383651323,0.08364981949495567,0.006997292301538667,0.0014994964003562927,0.026329604908823967,323,323
142,1,0.01709343653587457,0.04408166361591647,0.0019431930671468141,0.001253657042980194,0.02341618202626705,323,323
142,2,0.025495527522644206,0.053927383445314975,0.002908162685258032,0.003624923527240753,0.028835774399340153,323,323
143,0,0.02179223374601026,0.06402717400104734,0.0040994790105603925,0.0011922717094421387,0.024173032492399216,305,305
143,1,0.0183349340879282,0.05035630963935731,0.00253575792049483,0.0009487271308898926,0.02291763387620449,305,305
143,2,0.027745086626439798,0.08971136880118388,0.008048129692182028,0.0013361573219299316,0.023792270570993423,305,305
144,0,0.03003844937958409,0.07752771748960395,0.006010546979147841,0.0023169703781604767,0.02640402875840664,267,267
144,1,0.035103590562521075,0.08939611276705871,0.007991664977860677,0.0017109513282775879,0.026175135746598244,267,267
144,2,0.031874541083371705,0.09060918131331726,0.008210023738269602,0.0020587705075740814,0.024688880890607834,267,267
145,0,0.01785613823855339,0.034714763504499174,0.0012051148051733078,0.0013667196035385132,0.025258410256356,172,172
145,1,0.024849012369549898,0.06662724129048445,0.004439189281980435,0.0005512982606887817,0.026050352957099676,172,172
145,2,0.018150057034502023,0.06789490863045426,0.004609718617937733,0.0006397664546966553,0.021558895241469145,172,172
146,0,0.02915821108994126,0.0801926984623761,0.006430868886677578,0.0023436173796653748,0.026273299008607864,413,413
146,1,0.03687681122649163,0.0978869843707001,0.009581861709189687,0.002305489033460617,0.02619588002562523,413,413
146,2,0.02581990068241701,0.08311871660806018,0.006908721050571019,0.0015566498041152954,0.02496047131717205,413,413
147,0,0.025421296358417673,0.0674794205169685,0.004553472193305869,0.001000136137008667,0.02334253489971161,241,241
147,1,0.02209729253782029,0.051944840925811524,0.0026982664988078634,0.0008539557456970215,0.023141687735915184,241,241
147,2,0.026437407048395933,0.07976367619778606,0.006362244040585261,0.0008880496025085449,0.024627424776554108,241,241
148,0,0.023613826101345402,0.06189793879817689,0.003831354827462852,0.002053283154964447,0.025730290450155735,155,155
148,1,0.032134598421473655,0.08514299457646368,0.007249329525447725,0.002320796251296997,0.028026938438415527,155,155
148,2,0.023343668048900944,0.04721726921309347,0.002229470511941745,0.0017363950610160828,0.027105762623250484,155,155
149,0,0.029332951297983526,0.08003984576703649,0.006406376910410988,0.0018275901675224304,0.024466144386678934,300,300
149,1,0.020445012807225188,0.045224045312484376,0.00204521427442564,0.0018459223210811615,0.02523377723991871,300,300
149,2,0.020824501172949872,0.05179304989315576,0.0026825200172349217,0.0012902282178401947,0.024011325556784868,300,300
150,0,0.02572297680431352,0.07564047277124729,0.005721481121057802,0.0013585165143013,0.02511049434542656,307,307
150,1,0.018316308719011975,0.03446320474727513,0.001187712481452607,0.0012652501463890076,0.025344754569232464,307,307
150,2,0.023599877236077278,0.06819337165937578,0.004650335938273755,0.001017741858959198,0.023202991113066673,307,307
151,0,0.03125802293430763,0.07944041612291189,0.0063107797137813984,0.0011978298425674438,0.0238057728856802,341,341
151,1,0.037475895808457976,0.10732263602739697,0.011518148203869127,0.0021080821752548218,0.027046257629990578,341,341
151,2,0.02785127223237169,0.07894172264397377,0.006231795573998081,0.001798003911972046,0.026094011962413788,341,341
152,0,0.01570704778463676,0.03713952473235744,0.00137934429734539,0.0009606331586837769,0.01983496081084013,203,203
152,1,0.028041544026268527,0.07803103951275173,0.0060888431274406215,0.000880703330039978,0.024610419757664204,203,203
152,2,0.028916596847912066,0.08351242951601054,0.006974325883666628,0.0012407824397087097,0.022960823960602283,203,203
153,0,0.02907785732737359,0.08686654870383331,0.007545797283715444,0.001547783613204956,0.024908490013331175,340,340
153,1,0.01836124584900544,0.04068668517179677,0.001655406350268907,0.0009272322058677673,0.023516970686614513,340,340
153,2,0.024099157735541023,0.07344638371878717,0.0053943712813673255,0.0013459175825119019,0.024031610693782568,340,340
154,0,0.0234791430384787,0.07928327760648843,0.00628583810802751,0.0012587234377861023,0.025528131518512964,258,258
154,1,0.026886475532380646,0.07469960689576723,0.005580031270382154,0.001832030713558197,0.025310954079031944,258,258
154,2,0.03249941302586145,0.0866623915830723,0.00751037011489776,0.0023021074011921883,0.028217732440680265,258,258
155,0,0.016199304088432755,0.048244128057730956,0.0023274958920507433,0.0010647773742675781,0.02157295122742653,216,216
155,1,0.03466453457130464,0.10438296241570431,0.01089580284267834,0.001928478479385376,0.024569982197135687,216,216
155,2,0.03948788863986179,0.10836292056382858,0.011742522553122624,0.0017890967428684235,0.025505333207547665,216,216
156,0,0.02479504098362745,0.07091521682921972,0.005028967977935249,0.0014306232333183289,0.025166685692965984,235,235
156,1,0.03241188542798479,0.0859468806033983,0.0073868662854548045,0.0014135539531707764,0.02720467746257782,235,235
156,2,0.027526932142357876,0.06786033647770219,0.004605025266866959,0.001306101679801941,0.025015277788043022,235,235
157,0,0.029774671675199094,0.08024498907264445,0.006439258271268827,0.0015238747000694275,0.02604135125875473,340,340
157,1,0.024044220741180813,0.0609139530036072,0.003710509670525666,0.0012155212461948395,0.024948081467300653,340,340
157,2,0.02148124333744978,0.06067469963817097,0.003681419176182265,0.001204226166009903,0.02497896831482649,340,340
158,0,0.026706097141197583,0.06353262835157993,0.004036394865259977,0.0023468248546123505,0.026664914097636938,206,206
158,1,0.022374584029871716,0.0593413210963329,0.003521392389458084,0.0014700442552566528,0.024855642579495907,206,206
158,2,0.03142798794614314,0.08635425420049685,0.007457057218524027,0.0017542764544487,0.023676571436226368,206,206
159,0,0.03832782994039238,0.09421391034383184,0.008876260902275585,0.0027473270893096924,0.027274755761027336,315,315
159,1,0.023563411069058238,0.054853965812654,0.0030089575653758135,0.001447044312953949,0.027351719327270985,315,315
159,2,0.030264213687134167,0.08829508312462575,0.0077960217039845705,0.0017394870519638062,0.023195045068860054,315,315
160,0,0.02195350160109717,0.06785601956467514,0.004604439391161576,0.0010747388005256653,0.0222787712700665,298,298
160,1,0.03852934603760606,0.09270860946678831,0.008594886269265472,0.0023061055690050125,0.024603672325611115,298,298
160,2,0.024361513598803307,0.0524508948763061,0.0027510963733253136,0.0013245400041341782,0.02343242708593607,298,298
161,0,0.022975919140403027,0.05600786305268923,0.0031368807237287916,0.0013251230120658875,0.024797154124826193,224,224
161,1,0.04324142562940584,0.10152896864703476,0.010308131474530568,0.0017498694360256195,0.027982636354863644,224,224
161,2,0.02127770951899168,0.05937902751319281,0.0035258689084125086,0.0010339468717575073,0.022831404581665993,224,224
162,0,0.029216209083055774,0.08654602329300672,0.007490214147833661,0.002100706100463867,0.024693414568901062,282,282
162,1,0.029709327166754725,0.07924238968233874,0.006279356322567625,0.0018601305782794952,0.026116281282156706,282,282
162,2,0.02695803121987281,0.07329161758449826,0.005371661208152335,0.0011305846273899078,0.024359749164432287,282,282
163,0,0.021733183762477095,0.053690445483042464,0.002882663936167555,0.001129336655139923,0.023494550958275795,227,227
163,1,0.02499348263252149,0.07219192807175391,0.005211674478717291,0.0014994367957115173,0.02337020542472601,227,227
163,2,0.022546669220067726,0.04560823697824609,0.002080111280263854,0.0027474304661154747,0.02418514806777239,227,227
164,0,0.030544981423080503,0.07944399475093927,0.006311348301987267,0.0016185455024242401,0.026741212233901024,446,446
164,1,0.03318490810074213,0.10917245358597415,0.011918624621981679,0.000875622034072876,0.023572777397930622,446,446
164,2,0.02695566553083737,0.07785341159852577,0.006061153697529467,0.0016189329326152802,0.023896685801446438,446,446
165,0,0.021587573944704036,0.06472766203406442,0.0041896702323960654,0.0011044815182685852,0.024756575003266335,173,173
165,1,0.021618038771211066,0.055007055140183884,0.00302577611519523,0.0010457336902618408,0.02367469295859337,173,173
165,2,0.028254898291920995,0.06263324816397667,0.003922923775570287,0.001981884241104126,0.025699548423290253,173,173
166,0,0.02538059499957377,0.06038329721037868,0.0036461425819969257,0.002124752849340439,0.025920940563082695,336,336
166,1,0.036101967218287644,0.09052011291598695,0.008193890842323028,0.0008791089057922363,0.024539858102798462,336,336
166,2,0.01842134550818065,0.05094473119113527,0.0025953656361370307,0.0010357759892940521,0.023780348245054483,336,336
167,0,0.02900811859181376,0.10588232825141461,0.011211067435940312,0.0008162781596183777,0.02087780786678195,182,182
167,1,0.040216475643299436,0.10210173634066896,0.010424764563779481,0.0037557994946837425,0.0257020671851933,182,182
167,2,0.022047448419750884,0.05732739091967985,0.0032864297496577916,0.002217525616288185,0.02621784107759595,182,182
168,0,0.022515996116135507,0.06009452448380475,0.0036113518729346088,0.001507297158241272,0.023804559372365475,203,203
168,1,0.03619882070317204,0.10559432115637837,0.011150160660476376,0.0021497756242752075,0.024424073286354542,203,203
168,2,0.016928940130572015,0.03826919321478459,0.0014645311493105154,0.0017001628875732422,0.023167439736425877,203,203
169,0,0.031856721835296364,0.09129948781892462,0.008335596475997966,0.0008428171277046204,0.025754740461707115,218,218
169,1,0.021778137730690865,0.06104021944222831,0.003725908389555387,0.0016689244657754898,0.02220226638019085,218,218
169,2,0.01918750093318522,0.04371606994488435,0.0019110947714260206,0.0010263323783874512,0.024866135325282812,218,218
170,0,0.03435105213305492,0.09300348843690236,0.00864964886143303,0.0019178837537765503,0.02595704048871994,281,281
170,1,0.01982918511943567,0.048450285966268526,0.002347430210213197,0.0012288987636566162,0.024554768577218056,281,281
170,2,0.0238960942574959,0.05579318569056825,0.0031128795695022295,0.00152549147605896,0.024136992171406746,281,281
171,0,0.018460267771643106,0.045895727674985155,0.0021064178188163986,0.0010000169277191162,0.023775657638907433,141,141
171,1,0.031162122981160455,0.08969368908812475,0.00804495786223719,0.0012978166341781616,0.025204602628946304,141,141
171,2,0.017950035826507824,0.0644169212455881,0.004149539742760299,0.000912196934223175,0.020605485886335373,141,141
172,0,0.028723990004118922,0.0818135078083795,0.006693450059911773,0.0010267309844493866,0.02282965974882245,286,286
172,1,0.0333111970978496,0.12559003580087458,0.015772857092464957,0.001094534993171692,0.021008203271776438,286,286
172,2,0.030079240446675804,0.08435206947822899,0.00711527162525997,0.0017840713262557983,0.02252999320626259,286,286
173,0,0.020683849659820872,0.06638338720153707,0.004406754096349195,0.0011755451560020447,0.021093138493597507,167,167
173,1,0.024528059375076416,0.06505853111727411,0.004232612471137323,0.0018431544303894043,0.025152030400931835,167,167
173,2,0.030152753070777583,0.0723908508845417,0.005240435291787951,0.0020214393734931946,0.024354410357773304,167,167
174,0,0.026335016003764804,0.0687009918252558,0.0047198262777738646,0.002423647791147232,0.02519817790016532,248,248
174,1,0.030557898616778753,0.07773229202670952,0.006042309223725647,0.0019845999777317047,0.02702287770807743,248,248
174,2,0.033245272735404154,0.09726629393644884,0.009460731936131664,0.0013701766729354858,0.026861380320042372,248,248
175,0,0.03261112851016942,0.08628535257812964,0.007445162069532143,0.0017565563321113586,0.02583804354071617,467,467
175,1,0.023944536001646862,0.061190229330306024,0.003744244165495444,0.0013373121619224548,0.026402408257126808,467,467
175,2,0.01978951930896054,0.06198797034329782,0.00384250846728157,0.0010564029216766357,0.022390101104974747,467,467
176,0,0.03164676451980399,0.08078025796588387,0.006525450077034744,0.0020060501992702484,0.02728382684290409,223,223
176,1,0.02659020161531832,0.07299037693444742,0.005327595125032713,0.0014893114566802979,0.02709192130714655,223,223
176,2,0.0231187098697162,0.06308677474439688,0.003979941147650271,0.0010087937116622925,0.024300891906023026,223,223
177,0,0.034662650842331125,0.09514309221175367,0.009052207995614263,0.0011225417256355286,0.028453750535845757,167,167
177,1,0.02469558856020609,0.07120296234041859,0.005069861846051068,0.0,0.02822632621973753,167,167
177,2,0.03488214706589362,0.10326736995358027,0.010664149697129612,0.000678524374961853,0.02873348258435726,167,167
178,0,0.027147282586845463,0.06805550390638422,0.004631551611951878,0.002456899732351303,0.02635015733540058,499,499
178,1,0.027109165384783175,0.07814275780958388,0.006106290598087283,0.0011883676052093506,0.02640251349657774,499,499
178,2,0.024255725077329156,0.07906055994499239,0.006250572138815735,0.0010231658816337585,0.02301542181521654,499,499
179,0,0.023143934934765478,0.061174292758155634,0.0037422940944605325,0.0014015138149261475,0.02388014830648899,237,237
179,1,0.028018423951454933,0.07164878206169514,0.0051335479709242885,0.001813046634197235,0.02401241660118103,237,237
179,2,0.032698044252782305,0.08642093043614528,0.007468577217449061,0.002912227064371109,0.024781659245491028,237,237
180,0,0.029224038750610568,0.06890322510438215,0.004747654429785159,0.0021650269627571106,0.026425587479025126,330,330
180,1,0.03160755907778035,0.08567276975212636,0.007339823477000857,0.0017035305500030518,0.023962290957570076,330,330
180,2,0.024359987845475023,0.06858963859146897,0.004704538522108328,0.00121234729886055,0.02560900431126356,330,330
181,0,0.04403280444495695,0.10113182812439038,0.010227646659781238,0.0039012860506772995,0.028806183487176895,142,142
181,1,0.02232918549250339,0.07810874566648691,0.006100976149591939,0.0009296536445617676,0.02277801325544715,142,142
181,2,0.03005468861108095,0.08938088403288522,0.007988942430500075,0.0011170990765094757,0.02563843782991171,142,142
182,0,0.027720311782817482,0.07927521374977319,0.0062845595150722265,0.0011311322450637817,0.024817412719130516,273,273
182,1,0.030265611531588184,0.08692018358505985,0.0075551183144605075,0.0015840977430343628,0.02574980817735195,273,273
182,2,0.023806971388667712,0.059371864332648454,0.0035250182743344132,0.0019066184759140015,0.02453758381307125,273,273
183,0,0.037590955995375853,0.09163653616416255,0.008397254760165871,0.004564137198030949,0.025712559930980206,243,243
183,1,0.038433710117000364,0.11408133445507733,0.013014550871051214,0.0038470951840281487,0.02555888518691063,243,243
183,2,0.02181523867380717,0.06436143030181343,0.004142393710495188,0.0011047422885894775,0.023145411163568497,243,243
184,0,0.034076796436021406,0.0797067364112003,0.006353163829324563,0.0012391060590744019,0.027137058787047863,155,155
184,1,0.041421407298936,0.10562025737309602,0.011155638767559045,0.0015503019094467163,0.026095005683600903,155,155
184,2,0.03442137456468997,0.09370060457037382,0.00877980329685356,0.0014034658670425415,0.026381108909845352,155,155
185,0,0.02826834456585669,0.09099404521108076,0.008279916263876209,0.000893227756023407,0.02264878572896123,232,232
185,1,0.023258903706125145,0.0679053651297927,0.0046111386134104655,0.001248680055141449,0.023132234811782837,232,232
185,2,0.018670506402047288,0.04092928277489818,0.0016752061884675767,0.0014013871550559998,0.025577042251825333,232,232
186,0,0.019923103895210632,0.063427717612114,0.004023075361482077,0.0010762996971607208,0.021436952985823154,346,346
186,1,0.025520435386375023,0.06832136578801497,0.004667809023139742,0.0011270493268966675,0.02424917696043849,346,346
186,2,0.02024604995180503,0.047474827020018706,0.0022538592005806983,0.001200251281261444,0.02391027845442295,346,346
187,0,0.02596602409307841,0.059254370721782676,0.0035110804496344557,0.0011755339801311493,0.0262540471740067,474,474
187,1,0.023896635147518937,0.05478101524607188,0.00300095963139036,0.0016696751117706299,0.02749971905723214,474,474
187,2,0.023509254789113497,0.05569130006173658,0.0031015209025663805,0.0015834830701351166,0.026783248409628868,474,474
188,0,0.03130527426933508,0.09376894626189144,0.008792615283065486,0.0012722611427307129,0.02465906273573637,402,402
188,1,0.032056442695896865,0.07353057715694226,0.0054067457770330405,0.0036054281517863274,0.025593153666704893,402,402
188,2,0.037230286325573625,0.10151885150073922,0.010306077210029142,0.0023528216406702995,0.026700586546212435,402,402
189,0,0.02990733815357089,0.07712279897346902,0.005947926121502114,0.0015104450285434723,0.026539005804806948,400,400
189,1,0.023026087768375874,0.06044666892228013,0.003653799783799746,0.0011725537478923798,0.026527586858719587,400,400
189,2,0.029501978252083064,0.07189332448791004,0.005168650105923925,0.0028131231665611267,0.027407607063651085,400,400
190,0,0.031021424321705227,0.08930241179663345,0.007974920752695498,0.0008773505687713623,0.024295691400766373,143,143
190,1,0.016365658537439116,0.033022495860918065,0.0010904852328843507,0.0005004256963729858,0.024711246602237225,143,143
190,2,0.030575544820850963,0.08599847174844266,0.007395737143067691,0.0013130232691764832,0.02505126129835844,143,143
191,0,0.018790282178800424,0.022614696163814712,0.0005114244825816559,0.0015984326601028442,0.026291167363524437,143,143
191,1,0.030143702454812876,0.07498054017165155,0.005622081404432652,0.0005083233118057251,0.027694853954017162,143,143
191,2,0.033730451688430946,0.09491386317926336,0.009008641423611925,0.0,0.02521421667188406,143,143
192,0,0.036688244669925214,0.10240468046572816,0.010486718581287888,0.0008207559585571289,0.025933057069778442,201,201
192,1,0.016397194851152784,0.05037165270910615,0.002537303396646801,0.0011689364910125732,0.02253805473446846,201,201
192,2,0.030302818285403262,0.09686882940398209,0.009383570110097784,0.0016758441925048828,0.025886336341500282,201,201
193,0,0.04034267344353039,0.11672761185383966,0.01362533536910065,0.0009876042604446411,0.025326319504529238,246,246
193,1,0.020995533205493074,0.05967372443905878,0.003560953388428721,0.0009172037243843079,0.023131336085498333,246,246
193,2,0.028794499341307615,0.07749981143245582,0.00600622077206621,0.002137036994099617,0.02413562871515751,246,246
194,0,0.026391764776049795,0.075966955037426,0.005770978257658303,0.0015140622854232788,0.02568847220391035,191,191
194,1,0.02155267658853094,0.06170379360045293,0.003807358144687296,0.0015435442328453064,0.02484737988561392,191,191
194,2,0.026121433902317318,0.0759073907193325,0.005761931965817406,0.0009110346436500549,0.022999328561127186,191,191
195,0,0.022739997938779958,0.05217130014409883,0.0027218445587256462,0.001523878425359726,0.023012454621493816,251,251
195,1,0.027592293465458065,0.0709598500241142,0.00503530031544478,0.0029292032122612,0.027562211267650127,251,251
195,2,0.01944748956368739,0.043609758028497994,0.0019018109953041452,0.0010074153542518616,0.024616536684334278,251,251
196,0,0.03545945103478092,0.09224096293733311,0.00850839524360646,0.00431293249130249,0.02614200860261917,193,193
196,1,0.022343959601431932,0.058606081742949255,0.0034346728172612497,0.001246824860572815,0.022614948451519012,193,193
196,2,0.01654726911065955,0.03155410925721457,0.0009956618110162345,0.0012356042861938477,0.022312358021736145,193,193
197,0,0.043495884648877985,0.109700375080658,0.01203417229283705,0.002843608148396015,0.028066873084753752,258,258
197,1,0.032590058715219875,0.07841124027159582,0.006148322600929929,0.0021828170865774155,0.02572424802929163,258,258
197,2,0.02829002291180713,0.07712490659177583,0.0059482512167901465,0.001865653321146965,0.02373346034437418,258,258
198,0,0.026266884082908663,0.08072867181030588,0.006517118452256076,0.0015925334300845861,0.02316584112122655,332,332
198,1,0.02743416340707476,0.05838762207208948,0.0034091144112331504,0.002200072631239891,0.027111309114843607,332,332
198,2,0.031074941071333836,0.09422007687127962,0.008877422885629841,0.001576162874698639,0.02465095277875662,332,332
199,0,0.027966591175451565,0.06404990844241176,0.00410239077148133,0.0022826306521892548,0.027827041689306498,192,192
199,1,0.026762393186800182,0.06071998982245993,0.0036869171640396374,0.0011030994355678558,0.02806335035711527,192,192
199,2,0.023997077689273283,0.062455542283959234,0.00390069476198342,0.0023510418832302094,0.02529705362394452,192,192
200,0,0.020411256474521963,0.04875837734260999,0.0023773793610843428,0.0004908889532089233,0.02293649036437273,247,247
200,1,0.03306709028976528,0.07435739885142628,0.0055290227639500904,0.005131743848323822,0.027174892835319042,247,247
200,2,0.023127689350562298,0.05776036828434622,0.0033362601443433083,0.0011037439107894897,0.025966627523303032,247,247
201,0,0.030741109477315585,0.07373116020314441,0.005436283984901745,0.001739155501127243,0.027029051911085844,184,184
201,1,0.0261777756664821,0.06378848752141238,0.004068971140269383,0.0017399266362190247,0.024133970495313406,184,184
201,2,0.030502716562730948,0.09957362205453328,0.009914906209059037,0.0007991120219230652,0.022678932175040245,184,184
202,0,0.026572505806330336,0.0699692000964583,0.004895688962138219,0.001486562192440033,0.026695989537984133,292,292
202,1,0.02562880118007529,0.06891904657662434,0.004749834981030915,0.0014991909265518188,0.0249777277931571,292,292
202,2,0.025601891510520284,0.06954002303911794,0.004835814804281053,0.0014822185039520264,0.025339160580188036,292,292
203,0,0.03197769377339102,0.08381481761573123,0.00702492365195829,0.0015878267586231232,0.02532688993960619,359,359
203,1,0.03734459114665669,0.09676958194667151,0.009364351990133572,0.0024585463106632233,0.02545844204723835,359,359
203,2,0.019511726736752603,0.048358061276352504,0.0023385020904074633,0.0013886280357837677,0.023354042321443558,359,359
204,0,0.027763823495406237,0.07599415989878064,0.005775112338721439,0.0014341771602630615,0.0247899005189538,239,239
204,1,0.02857120800373694,0.0907698083141076,0.008239158101379837,0.0016250386834144592,0.023632075637578964,239,239
204,2,0.027119155852396867,0.07378647120332156,0.005444443332638602,0.0014541558921337128,0.023611354641616344,239,239
205,0,0.024297076875942427,0.06976679888987534,0.004867406227340311,0.0011949241161346436,0.023139875382184982,333,333
205,1,0.023058831512749015,0.050569735167106215,0.002557298114871259,0.0021521449089050293,0.026154691353440285,333,333
205,2,0.024937937844421592,0.08132053688192788,0.006613029718764992,0.001508280634880066,0.024053461849689484,333,333
206,0,0.03795463056598283,0.0868175152196338,0.007537280948911347,0.005188894458115101,0.027768551371991634,316,316
206,1,0.03236028529951184,0.08240304105796423,0.006790261175600537,0.00285165011882782,0.02577758114784956,316,316
206,2,0.030424915535575886,0.09259961948977925,0.008574689529651906,0.0010765381157398224,0.023668463807553053,316,316
207,0,0.016336259936603408,0.031055354462181925,0.0009644350407717628,0.0009117275476455688,0.0248585045337677,156,156
207,1,0.016789165140392307,0.04849684472259869,0.002351943948047849,0.0008618086576461792,0.02277401275932789,156,156
207,2,0.026332765163925406,0.07444374240892156,0.005541870783845866,0.0011975839734077454,0.02515987865626812,156,156
208,0,0.032890641099273615,0.09746184281749475,0.009498810805382053,0.001669708639383316,0.024280427023768425,328,328
208,1,0.023817108594812453,0.06086833246339383,0.003704953896874243,0.00154075026512146,0.026657821610569954,328,328
208,2,0.030678084875434275,0.0815152694644341,0.006644739155859304,0.001663288101553917,0.026449764613062143,328,328
209,0,0.034015982802651945,0.07942651472415142,0.006308571241225844,0.0038525164127349854,0.026304051280021667,305,305
209,1,0.03309168275140348,0.09790760072482702,0.009585898279692149,0.0007806122303009033,0.024399645626544952,305,305
209,2,0.03245823105155933,0.08391563719929271,0.007041834166563319,0.0010939240455627441,0.025143247097730637,305,305
210,0,0.025955518157306044,0.07491439029357845,0.005612165873058601,0.0021379999816417694,0.025413217023015022,330,330
210,1,0.03398172028122865,0.09079112652275632,0.008243028655271148,0.0016140230000019073,0.024654094595462084,330,330
210,2,0.023922152622518213,0.05805698936477824,0.003370614014101973,0.001226227730512619,0.025710525456815958,330,330
211,0,0.033990929019154355,0.0964590157295331,0.009304341715510313,0.0019243434071540833,0.02570977434515953,241,241
211,1,0.023024539327967712,0.041803570339064386,0.0017475384930931035,0.0016176700592041016,0.0256758164614439,241,241
211,2,0.0238613737669785,0.05666329240098449,0.003210728705719467,0.0015922784805297852,0.025308212265372276,241,241
212,0,0.02281637099157605,0.05486005616129235,0.0030096257620201507,0.0026379823684692383,0.02551197074353695,216,216
212,1,0.026682839569359743,0.06317030395837182,0.003990487302193087,0.002052461728453636,0.026521663647145033,216,216
212,2,0.029566601015782606,0.09039930205981403,0.008172033812901498,0.001936381682753563,0.024037900380790234,216,216
213,0,0.023220089585359753,0.04967568724964485,0.0024676739037245276,0.0007909052073955536,0.02729568537324667,174,174
213,1,0.022045260011593158,0.06453217109662553,0.004164401106444151,0.0,0.023116308264434338,174,174
213,2,0.03827088910165703,0.10176918885105658,0.01035696779940202,0.0,0.027219535317271948,174,174
214,0,0.040488908640647206,0.11539253619846898,0.013315437410314974,0.0001156926155090332,0.0268775699660182,199,199
214,1,0.020602532802851656,0.07336767192584417,0.005382815283818303,0.0,0.022020528092980385,199,199
214,2,0.025925566624831316,0.08120315647684763,0.0065939526218034014,0.000370904803276062,0.025265411473810673,199,199
215,0,0.0312706647821021,0.06754908691854378,0.004562879143528983,0.004949696362018585,0.026500051841139793,387,387
215,1,0.024837865494191647,0.06281092615795142,0.0039452124448196265,0.0010553449392318726,0.025293055921792984,387,387
215,2,0.028680936957995867,0.08223338273916361,0.006762329236725773,0.0018980428576469421,0.02532658539712429,387,387
216,0,0.018951538414602342,0.0609892860167218,0.0037196930088294975,0.0010878443717956543,0.022379256784915924,253,253
216,1,0.022655592848484223,0.0619277868091478,0.0038350507790792603,0.0014373362064361572,0.021953526884317398,253,253
216,2,0.021869429591454183,0.05680240654132158,0.003226513388885572,0.0009020864963531494,0.0237414687871933,253,253
217,0,0.030632148912636995,0.06872513306372323,0.004723143914626463,0.002041405066847801,0.026169459335505962,271,271
217,1,0.026104805846715765,0.07142356072610744,0.0051013250267959555,0.0014868415892124176,0.023200436495244503,271,271
217,2,0.03207190818672251,0.0942350173129676,0.008880238487975305,0.001748017966747284,0.025132546201348305,271,271
218,0,0.028120191302150488,0.07397135085540074,0.0054717607473727965,0.0020233234390616417,0.02390566235408187,194,194
218,1,0.03370848968721081,0.09043184004527861,0.008177917693974857,0.00187724269926548,0.026358073577284813,194,194
218,2,0.026801382909173666,0.07929148714226467,0.006287139933231922,0.0013022646307945251,0.02545936033129692,194,194
219,0,0.02933283111002917,0.08049212382327109,0.006478981997580805,0.001656893640756607,0.02379758656024933,360,360
219,1,0.026803664653562008,0.07779945683971809,0.006052755484555157,0.0013563185930252075,0.025387151166796684,360,360
219,2,0.021730942722772144,0.055439329260714196,0.003073519228877881,0.001035936176776886,0.02611584309488535,360,360
220,0,0.031035200409664242,0.0842006110729353,0.007089742905055715,0.0033839568495750427,0.02682866808027029,204,204
220,1,0.02330546487834962,0.05966014350377179,0.0035593327228906433,0.001510757952928543,0.026217167265713215,204,204
220,2,0.031568079296609056,0.08975880387840653,0.008056642873682246,0.0015221238136291504,0.02602270571514964,204,204
221,0,0.023907083792163802,0.05812985356403726,0.0033790798753764147,0.0012317150831222534,0.024317339528352022,266,266
221,1,0.027049367890266098,0.07769346197133997,0.006036274033092049,0.0015352480113506317,0.02456527855247259,266,266
221,2,0.024106287379938186,0.07822539142057891,0.006119211862902781,0.0009271316230297089,0.022723592817783356,266,266
222,0,0.023753061659057825,0.05573904497457192,0.0031068411346773512,0.001290827989578247,0.02540190890431404,181,181
222,1,0.03833779795558413,0.09191705985026329,0.008448745891516882,0.0014508813619613647,0.027346646413207054,181,181
222,2,0.030653772237633475,0.09849334302338981,0.009700938619923131,0.0008637309074401855,0.02288142777979374,181,181
223,0,0.02833818135967919,0.06915728486824321,0.004782730050347342,0.0010104477405548096,0.026162191294133663,131,131
223,1,0.023143629756763238,0.06546604287587278,0.004285802769825614,0.00044846534729003906,0.024977863766252995,131,131
223,2,0.022974310641866603,0.06300099214378671,0.003969125011101474,0.0009011030197143555,0.025681051425635815,131,131
224,0,0.02155290424971926,0.05766410749682162,0.0033251492934049994,0.0014076195657253265,0.02313259243965149,176,176
224,1,0.032104047322222454,0.1185280349498068,0.01404889506906262,0.0013878792524337769,0.025021355133503675,176,176
224,2,0.026192411775065757,0.08903427036247216,0.00792710129897779,0.0026617515832185745,0.02449192525818944,176,176
225,0,0.03200593449150187,0.08055641398461585,0.006489335834060812,0.0022582821547985077,0.02798321470618248,148,148
225,1,0.030978100575708056,0.09209121937099858,0.008480792685237383,0.0010380707681179047,0.025645792484283447,148,148
225,2,0.030667978150115627,0.08258025205882605,0.0068194980300992445,0.0009115561842918396,0.026032297406345606,148,148
226,0,0.027661001721851774,0.05900974133505926,0.0034821495724306015,0.0023801475763320923,0.02755716536194086,426,426
226,1,0.038818446325767836,0.10121603967077879,0.010244686686636665,0.0018998831510543823,0.025776271242648363,426,426
226,2,0.026112101840930924,0.06501829485145008,0.0042273786653901,0.0014322958886623383,0.025615370832383633,426,426
227,0,0.03404095926273026,0.10674807694448588,0.011395151931345876,0.0007100850343704224,0.024070164188742638,190,190
227,1,0.035364177381913914,0.08061120743635523,0.006498166764347094,0.0018860679119825363,0.029241695534437895,190,190
227,2,0.02990630093814903,0.07762244594397533,0.006025244114325372,0.0019859783351421356,0.024835647083818913,190,190
228,0,0.033436154593823486,0.08822546398378343,0.007783732495153868,0.0034245923161506653,0.02585753984749317,322,322
228,1,0.019197889288413043,0.050888035949799855,0.0025895922028281227,0.0014360789209604263,0.02370430063456297,322,322
228,2,0.021427125516723586,0.05448368120936751,0.002968471518123986,0.0017634369432926178,0.02586885029450059,322,322
229,0,0.02534964100617185,0.060665253585229485,0.0036802729925601986,0.0019687339663505554,0.026088333688676357,403,403
229,1,0.030340742862901234,0.08180347964321624,0.006691809281738094,0.0021684616804122925,0.026471154764294624,403,403
229,2,0.02037455713279342,0.051030821306834596,0.0026041447232500836,0.0012144967913627625,0.025598726235330105,403,403
230,0,0.025700367176632502,0.07422510695728962,0.005509366502821085,0.0,0.025474541820585728,239,239
230,1,0.03074409841329919,0.07131088905665788,0.005085242898050967,0.0009803473949432373,0.027178785763680935,239,239
230,2,0.023850642175854,0.06785696820782258,0.004604568134357444,0.0005034580826759338,0.027453924529254436,239,239
231,0,0.029882726309600698,0.0867440861550167,0.007524536482868961,0.0011068768799304962,0.0248510311357677,186,186
231,1,0.027160344390018333,0.0668798293858126,0.004472911578675404,0.001017928123474121,0.02505698287859559,186,186
231,2,0.03226138394005516,0.08297508960066362,0.006884865494238156,0.0014999732375144958,0.025876083876937628,186,186
232,0,0.029949162886301173,0.07441887577288797,0.005538169071300532,0.0016978830099105835,0.024650970473885536,237,237
232,1,0.02724580949305985,0.06223232962664308,0.0038728628507591584,0.0029684752225875854,0.027719249948859215,237,237
232,2,0.027113241620974827,0.07435726404514005,0.005529002716278678,0.0011400282382965088,0.02744377963244915,237,237
233,0,0.02659780402187138,0.05989756903026061,0.0035877187757348355,0.001988973468542099,0.02667652303352952,372,372
233,1,0.022823379350004978,0.056077086603769984,0.0031446396419667192,0.0015018321573734283,0.025613208301365376,372,372
233,2,0.03008965395330902,0.07019586956523968,0.004927460104020143,0.0026958826929330826,0.02564746094867587,372,372
234,0,0.025307657253318305,0.07947509324423342,0.006316290446179597,0.0009598508477210999,0.02497477876022458,232,232
234,1,0.019915741727815878,0.06253353480505668,0.003910442975215234,0.0010241568088531494,0.02345187682658434,232,232
234,2,0.027961375404566783,0.08493601940058432,0.007214127391616436,0.0014819428324699402,0.023178338538855314,232,232
235,0,0.01918977975698286,0.030963340863648936,0.0009587284774385121,0.0017419606447219849,0.02674982463940978,152,152
235,1,0.03153349399125498,0.08517349177151222,0.00725452370055186,0.002044621855020523,0.027540974784642458,152,152
235,2,0.027647573816418452,0.07227543673642423,0.005223738755440861,0.0010529905557632446,0.027548584155738354,152,152
236,0,0.0384691505630811,0.10875581877160449,0.01182782811668208,0.0040554478764534,0.02594366855919361,225,225
236,1,0.023250092588778998,0.07643050062232819,0.005841621425379709,0.0013940632343292236,0.02169603854417801,225,225
236,2,0.024816859668741625,0.057804467716811934,0.003341356488023953,0.0011076927185058594,0.024165071547031403,225,225
237,0,0.025181896253373505,0.08324204639246846,0.00692923828760587,0.0015826299786567688,0.024038480129092932,242,242
237,1,0.032769899669080234,0.090559902644691,0.008201095967015912,0.0015828795731067657,0.026778244879096746,242,242
237,2,0.028835872145877642,0.08106853464554946,0.006572107309576653,0.0013761185109615326,0.02552883792668581,242,242
238,0,0.025168921212079347,0.0744796409865193,0.0055472169214808055,0.001028895378112793,0.02478741854429245,297,297
238,1,0.011152903944479696,0.022184899792244757,0.0004921697787919414,0.0011560022830963135,0.014547285623848438,297,297
238,2,0.024944901872451356,0.0629397511384099,0.0039614122733649705,0.0011695027351379395,0.025985661894083023,297,297
239,0,0.0475390181696463,0.11997975095665256,0.014395140639620371,0.0008214861154556274,0.029034466948360205,62,62
239,1,0.012135977105748269,0.012369060086508187,0.0001529936474236499,0.0005538612604141235,0.024821853265166283,62,62
239,2,0.04110884363011968,0.10352494773110044,0.010717414802727077,0.0016869418323040009,0.026459509041160345,62,62
240,0,0.021724816020248474,0.060467114167446254,0.003656271895738979,0.001123948022723198,0.021610802970826626,226,226
240,1,0.029798047353340462,0.09216258607631213,0.008493942272273642,0.001349903643131256,0.024025021586567163,226,226
240,2,0.03234456722064158,0.07816868184470369,0.006110342821338508,0.0015945769846439362,0.026084671262651682,226,226
241,0,0.029028864932479338,0.05372605289867687,0.0028864887600714255,0.0015573780983686447,0.027522068470716476,160,160
241,1,0.025111699005356057,0.06544263543601786,0.004282738532811541,0.0,0.02713783085346222,160,160
241,2,0.02049428676837124,0.057941839888007364,0.003357256809607481,0.0,0.02664141869172454,160,160
242,0,0.03381947278286572,0.08681256427775413,0.007536421316479192,0.001178063452243805,0.02755067218095064,135,135
242,1,0.026952482366727457,0.09694312784848975,0.00939797003704863,0.0014572441577911377,0.024319604970514774,135,135
242,2,0.024562754033616296,0.04818652888180301,0.0023219415656768358,0.0006819665431976318,0.026416913606226444,135,135
243,0,0.028855520994493775,0.07959630583243989,0.006335571902171304,0.0015370100736618042,0.025909723713994026,153,153
243,1,0.028797284045615813,0.08339483917839037,0.006954699201589593,0.0014954209327697754,0.02664244920015335,153,153
243,2,0.03145674842537618,0.0734121513445674,0.005389343965037669,0.0005034208297729492,0.028608961030840874,153,153
244,0,0.024007719461224042,0.07646070037953932,0.005846238702529686,0.001065373420715332,0.023439436219632626,256,256
244,1,0.025983692838053685,0.06636543625973389,0.004404371129944801,0.001334313303232193,0.023901013657450676,256,256
244,2,0.030372276334674098,0.07686489679515382,0.005908212359329647,0.001569308340549469,0.02321302006021142,256,256
245,0,0.03071798795729061,0.07940845012654837,0.006305701951500521,0.0018470510840415955,0.025876902975142002,567,567
245,1,0.03621263406526895,0.09917526342591813,0.009835732875600255,0.001579783856868744,0.024319750256836414,567,567
245,2,0.01879913812894144,0.06288162080294483,0.003954098234805344,0.001392364501953125,0.02177278697490692,567,567
246,0,0.027517953156058556,0.06845672115268707,0.004686322670976754,0.001435607671737671,0.023718364536762238,289,289
246,1,0.0202632619738321,0.057405872994866124,0.0032954342543027,0.0010964274406433105,0.022820964455604553,289,289
246,2,0.03120376377053894,0.10994043552027521,0.012086899362387793,0.001086115837097168,0.024183008819818497,289,289
247,0,0.025856665854328584,0.060150542518743376,0.003618087765299155,0.0012766942381858826,0.025701243430376053,272,272
247,1,0.030452848014914814,0.08731921729405204,0.007624645708845877,0.0009723231196403503,0.0268237073905766,272,272
247,2,0.035925897855229455,0.09857793225186111,0.009717608727052518,0.002568017691373825,0.023547455202788115,272,272
248,0,0.027940016061834553,0.07659343459353841,0.005866554222834648,0.001539628952741623,0.023630883544683456,136,136
248,1,0.022987020023934105,0.07958555498572713,0.006333860562386195,0.0017577391117811203,0.02679490903392434,136,136
248,2,0.029549112355144805,0.09463469724874736,0.008955725923362072,0.0007760301232337952,0.02180197648704052,136,136
249,0,0.03483794625411486,0.09416476937979945,0.008867003792350817,0.0012378841638565063,0.027447404339909554,179,179
249,1,0.024936789230511174,0.06367235618786833,0.004054168942514775,0.0009351670742034912,0.026835051365196705,179,179
249,2,0.03742860934005103,0.10338626399695794,0.010688719583248681,0.0018102899193763733,0.026262673549354076,179,179
250,0,0.02611660921986956,0.07248930898323809,0.005254699916867363,0.0009794160723686218,0.024291121400892735,274,274
250,1,0.0257069705849527,0.0783822150043882,0.006143771628994139,0.0012354403734207153,0.024363032542169094,274,274
250,2,0.03246708440655557,0.08990762132899074,0.008083380373037193,0.002909085713326931,0.023223751224577427,274,274
251,0,0.024286351435081666,0.06446779475854786,0.0041560965610302515,0.0016427487134933472,0.027464058250188828,229,229
251,1,0.039100855495374016,0.10348020176095349,0.010708152156487643,0.0011425614356994629,0.02694709040224552,229,229
251,2,0.028338052669954872,0.07626769787161901,0.005816761738636559,0.0017671138048171997,0.025015171617269516,229,229
252,0,0.028719624091303887,0.07606783661760892,0.0057863157676832444,0.0010310262441635132,0.023964799474924803,266,266
252,1,0.02589481202465363,0.07783305703600298,0.0060579847675696925,0.001205500215291977,0.022882734891027212,266,266
252,2,0.028203421701235992,0.09141495679691625,0.008356694326182064,0.0010077320039272308,0.021941662300378084,266,266
253,0,0.021219558626727527,0.053442471077566674,0.0028560977148765505,0.00014629215002059937,0.023788335733115673,166,166
253,1,0.02192205155874232,0.0608057090608571,0.0036973342543935987,0.0,0.02607923187315464,166,166
253,2,0.02645149935564273,0.0762391279538543,0.00581240463116417,0.000349193811416626,0.024714451748877764,166,166
254,0,0.017387821804732084,0.040478999634667216,0.0016385494114233888,0.0008859261870384216,0.02428505662828684,254,254
254,1,0.015274596479391372,0.03504639526951021,0.0012282498213867475,0.0011587850749492645,0.02084050653502345,254,254
254,2,0.03530674631245376,0.10363153227589751,0.010739494481850388,0.001070406287908554,0.0232388311997056,254,254
255,0,0.029106454941387656,0.10118973200261194,0.010239361862760426,0.001010201871395111,0.02415551571175456,264,264
255,1,0.015459700813869747,0.036437134480095966,0.0013276647691205983,0.001179128885269165,0.02235172362998128,264,264
255,2,0.02764529795174233,0.0846168880615295,0.007160017745217414,0.0012998878955841064,0.025051305536180735,264,264
256,0,0.02057871821808157,0.06606807844037117,0.004364990988803038,0.0009815767407417297,0.02108516450971365,154,154
256,1,0.03451821677894755,0.07839987721206709,0.006146540746867196,0.010312559083104134,0.024626691825687885,154,154
256,2,0.01593326111384607,0.028136733724246223,0.0007916757846691346,0.0009042248129844666,0.02145647956058383,154,154
257,0,0.02965920028748782,0.09576148957713575,0.009170262886031878,0.001284729689359665,0.023509634658694267,146,146
257,1,0.030555266035363488,0.07859730887991798,0.006177536963165233,0.0017750076949596405,0.026996879372745752,146,146
257,2,0.025578064869527947,0.06373731473943425,0.004062445290193703,0.0024495143443346024,0.02515666512772441,146,146
258,0,0.0293077332696513,0.08471708627133273,0.0071769847063044324,0.0007088407874107361,0.026279631536453962,184,184
258,1,0.022698670782594254,0.07001421463061107,0.004901990250341273,0.0008446648716926575,0.022978835739195347,184,184
258,2,0.03365329661123131,0.09826931046011878,0.00965685737830721,0.0,0.025031314231455326,184,184
259,0,0.028728324998781165,0.08324492161848754,0.0069297169752681334,0.0014216899871826172,0.026780899614095688,189,189
259,1,0.02262512862524658,0.05426401446856911,0.002944583266245078,0.0012382268905639648,0.02537887543439865,189,189
259,2,0.035468465697867844,0.10533807074202298,0.011096109147651438,0.0012090057134628296,0.026101069524884224,189,189
260,0,0.030079266789150152,0.08055840497468919,0.006489656612066028,0.0027162283658981323,0.026327455416321754,272,272
260,1,0.030123837151811186,0.08323690641922692,0.006928382590243139,0.0017216764390468597,0.024935166351497173,272,272
260,2,0.02179873120450579,0.050109743003596455,0.002510986343886484,0.002254534512758255,0.025584997609257698,272,272
261,0,0.030667594604822525,0.0917453195378953,0.008417203657110513,0.0012053251266479492,0.025745177641510963,415,415
261,1,0.02012313158217683,0.05281706892133123,0.0027896427694406533,0.0011022984981536865,0.02484398242086172,415,415
261,2,0.03428392542795424,0.09836530109286647,0.009675732459090276,0.0014523789286613464,0.024310853332281113,415,415
262,0,0.020835961121155697,0.040615685569027164,0.0016496339142420813,0.001989021897315979,0.024415000341832638,307,307
262,1,0.03300019652288443,0.08848537643885605,0.007829661843526061,0.0010915249586105347,0.026651286520063877,307,307
262,2,0.021618764714037557,0.057202762892500265,0.003272156082535605,0.001229315996170044,0.024922270327806473,307,307
263,0,0.028044338209237976,0.051794316685704014,0.002682651240938997,0.0023234933614730835,0.02738947793841362,253,253
263,1,0.032975344903943805,0.07615161617790897,0.005799068646507568,0.002273648977279663,0.02761470526456833,253,253
263,2,0.024384625193482567,0.055553350014333515,0.00308617469781505,0.0018337517976760864,0.02352195233106613,253,253
264,0,0.021363956056404534,0.05208099451842078,0.0027124299900277747,0.001654505729675293,0.025822564959526062,285,285
264,1,0.03201194342650604,0.0840637776027007,0.007066718704836324,0.002686023712158203,0.02412429451942444,285,285
264,2,0.024437195810963187,0.05608322034066879,0.0031453276037800054,0.002144820988178253,0.02702564373612404,285,285
265,0,0.030978935666707823,0.08633733403979596,0.00745413524909931,0.002554972656071186,0.02741932962089777,206,206
265,1,0.03695955068026714,0.08970524226474266,0.008047030489776173,0.002190273255109787,0.028049713000655174,206,206
265,2,0.027563109908035947,0.06554905887092234,0.004296679118863643,0.0022522155195474625,0.02671948354691267,206,206
266,0,0.026637325343239975,0.06727471305308949,0.00452588701637553,0.0017772391438484192,0.02624663384631276,376,376
266,1,0.026743706813617114,0.07125012727577298,0.005076580636813849,0.0013405196368694305,0.02407373348250985,376,376
266,2,0.026355105682593236,0.06235538906675155,0.003888194545665959,0.0015931613743305206,0.02706072060391307,376,376
267,0,0.0358836752284004,0.10013477776791256,0.010026973718629236,0.0015950500965118408,0.02616751752793789,249,249
267,1,0.02889824398123775,0.07761393712781209,0.006023923236479968,0.0017563402652740479,0.02552928403019905,249,249
267,2,0.03283012745505476,0.09217648771866396,0.008496504888149008,0.002872370183467865,0.02657594345510006,249,249
268,0,0.021773002403123038,0.0797576389788414,0.006361280975479202,0.0013804249465465546,0.0236350130289793,350,350
268,1,0.024242532165454966,0.06444104723981776,0.004152648569364425,0.0008392110466957092,0.02608941914513707,350,350
268,2,0.02426587571123881,0.07933420299759363,0.006293915765263392,0.0011224783957004547,0.024862509220838547,350,350
269,0,0.029481234913857596,0.08234527187113552,0.006780743799531223,0.001401469111442566,0.027059588581323624,281,281
269,1,0.042782247775761256,0.10491410903039425,0.011006970273641451,0.0033614709973335266,0.026482611894607544,281,281
269,2,0.020590408327342987,0.07155804999871691,0.00512055451961887,0.0008691251277923584,0.021510446444153786,281,281
270,0,0.02280274196032514,0.05632291604286948,0.0031722708715721244,0.0002978891134262085,0.025139526464045048,235,235
270,1,0.02285245398574687,0.058736360439941813,0.003449960037730762,0.0004664957523345947,0.02615833654999733,235,235
270,2,0.016432605711545083,0.037897916063617816,0.0014362520419650211,0.0011838525533676147,0.02382202260196209,235,235
271,0,0.03020473187850998,0.09193183592852722,0.008451462457189647,0.0021997131407260895,0.025925574358552694,302,302
271,1,0.02800899697313492,0.0688144044571398,0.004735422260790822,0.002358432859182358,0.02604214521124959,302,302
271,2,0.02554048904964071,0.09408389241890827,0.008851778812692706,0.0009661614894866943,0.02280888380482793,302,302
272,0,0.026123237798288637,0.07021484797965238,0.004930124876805695,0.0017218440771102905,0.02661846484988928,431,431
272,1,0.022973432544869502,0.06535220463514566,0.004270910650673952,0.0013953149318695068,0.02425440028309822,431,431
272,2,0.03134001089852052,0.0785328775074616,0.006167412849601968,0.003047935664653778,0.027010701596736908,431,431
273,0,0.03548835325581988,0.09772058880832865,0.009549313477046448,0.001882234588265419,0.02693234011530876,424,424
273,1,0.029530851727237326,0.08800160320244954,0.007744282166201378,0.001300521194934845,0.02305672038346529,424,424
273,2,0.02475738485414043,0.06824769629843117,0.004657748050042895,0.0013134479522705078,0.022511553019285202,424,424
274,0,0.022130579908044283,0.050970377393119326,0.0025979793715970095,0.001477360725402832,0.026125624775886536,131,131
274,1,0.026066298098907672,0.06640105280564897,0.004409099813698583,0.0013536065816879272,0.02462281472980976,131,131
274,2,0.031120808023731898,0.08166231877016897,0.00666873430692069,0.0023385584354400635,0.02502633072435856,131,131
275,0,0.017302732226647893,0.04251936074120056,0.0018078960378403472,0.0010373294353485107,0.0242057703435421,245,245
275,1,0.04013495776726275,0.09498093359405818,0.009021377746398891,0.004107538610696793,0.027340594679117203,245,245
275,2,0.02899479685465292,0.07269641295028004,0.005284768455837643,0.0013966560363769531,0.026947585865855217,245,245
276,0,0.023660757453689556,0.06676167511167462,0.004457121263716794,0.0008927136659622192,0.022529248148202896,238,238
276,1,0.0314967225955314,0.09070994094566953,0.008228293386366855,0.001803770661354065,0.025018165353685617,238,238
276,2,0.023235041280316206,0.04945485271406514,0.0024457824569698765,0.0019502826035022736,0.02669010730460286,238,238
277,0,0.029862422879566166,0.07404710378841003,0.005482973579451569,0.002253592014312744,0.026724720373749733,170,170
277,1,0.024552182765568004,0.058083382097224204,0.003373679275852145,0.002240944653749466,0.024879297241568565,170,170
277,2,0.01791175166144967,0.031074330382821456,0.0009656140087407407,0.0014155395328998566,0.025306904688477516,170,170
278,0,0.02241517016442404,0.07419192542928751,0.005504441798904959,0.000746019184589386,0.02226976864039898,210,210
278,1,0.031159401718260985,0.09328037659295949,0.008701228657324344,0.001446545124053955,0.026046793442219496,210,210
278,2,0.031748197835293555,0.09954682229029428,0.00990956982809543,0.0018406175076961517,0.023775802459567785,210,210
279,0,0.02617647863881684,0.08661506594014536,0.007502169647815728,0.0,0.026214228942990303,87,87
279,1,0.015213994973007289,0.015683109865918064,0.00024595993506645647,0.0011641308665275574,0.02659866027534008,87,87
279,2,0.027592141470261688,0.07437412726982068,0.005531510807147484,0.000399857759475708,0.028349279426038265,87,87
280,0,0.023441848599925298,0.05639500831849696,0.0031803969632433417,0.001383557915687561,0.02533021103590727,307,307
280,1,0.03256524855374125,0.08984102806388303,0.008071410323575418,0.001557089388370514,0.024313073605298996,307,307
280,2,0.027584036293436535,0.0726461658492527,0.005277465412597129,0.0007862895727157593,0.023182655684649944,307,307
281,0,0.02183461499998323,0.05534852314213932,0.003063459014015932,0.0013864710927009583,0.025956752244383097,324,324
281,1,0.037193603616748235,0.10445363717565644,0.010910562319223676,0.0016271211206912994,0.02623381419107318,324,324
281,2,0.025309111175621735,0.05606114384718173,0.0031428518494544017,0.002442728728055954,0.027349376119673252,324,324
282,0,0.04218201427203086,0.11750119947461116,0.01380653187797236,0.0012962967157363892,0.026066953781992197,198,198
282,1,0.03297625612138272,0.08709981095534684,0.0075863770684571575,0.0015085581690073013,0.025353295262902975,198,198
282,2,0.03276396480229015,0.08613486052571127,0.007419214197783735,0.0020182840526103973,0.024701452814042568,198,198
283,0,0.02558005162115608,0.07078438332549924,0.005010428922771215,0.0015585944056510925,0.026251107454299927,259,259
283,1,0.037611900170740016,0.11511414497708701,0.013251266373805807,0.0019992515444755554,0.02441906649619341,259,259
283,2,0.02673877772432842,0.08154859676892992,0.006650173634981528,0.0014194585382938385,0.025459990836679935,259,259
284,0,0.022741708292452964,0.07035173678678414,0.004949366868916956,0.0011215545237064362,0.02451016753911972,334,334
284,1,0.026293020709389877,0.07523485446951461,0.0056602833270490436,0.0012534596025943756,0.022736371960490942,334,334
284,2,0.023061092505175733,0.053221954632047416,0.0028325764548557137,0.0017267800867557526,0.025306951254606247,334,334
285,0,0.03580032066052216,0.09183083777235974,0.008432902765973454,0.0025458410382270813,0.026879760436713696,430,430
285,1,0.032157568403974525,0.0816090151424802,0.006660031352525562,0.004394362680613995,0.026028955820947886,430,430
285,2,0.028123743222419954,0.08803844926757869,0.0077507685494400255,0.0012494027614593506,0.023581892251968384,430,430
286,0,0.021609237270175125,0.058787481575021824,0.003455967989933531,0.0012819096446037292,0.026004182174801826,278,278
286,1,0.023482236079871655,0.06368952555600062,0.004056355665548455,0.0020994190126657486,0.025002813898026943,278,278
286,2,0.027981390893499523,0.07372738714198188,0.005435727614783675,0.0015685930848121643,0.0265281624160707,278,278
287,0,0.030356101723341845,0.1005429869076885,0.01010889221631962,0.0010665841400623322,0.023613519500941038,324,324
287,1,0.018670038915135793,0.055980802726907836,0.0031338502739489717,0.001084607094526291,0.02003122726455331,324,324
287,2,0.026544355554506183,0.07617232275101912,0.005802222753285426,0.0011535529047250748,0.023289569187909365,324,324
288,0,0.02986705338747557,0.07337105157389358,0.005383311209058952,0.0,0.026570414192974567,203,203
288,1,0.01881697290379719,0.03949592167103442,0.0015599278286444862,0.0,0.026243405416607857,203,203
288,2,0.030789949048053603,0.10338615183121537,0.010688696390467116,0.0,0.025361943058669567,203,203
289,0,0.031114552096054654,0.09125898428576708,0.008328202212869881,0.0014029331505298615,0.026182170026004314,214,214
289,1,0.03196332641555188,0.08840580442977719,0.007815586256876011,0.0019301101565361023,0.026814033277332783,214,214
289,2,0.029118831008324558,0.10307501047774131,0.01062445778498648,0.0010928139090538025,0.024600012693554163,214,214
290,0,0.03457055747296313,0.09456283037017588,0.008942128887618658,0.0011065006256103516,0.025825072079896927,289,289
290,1,0.025596272371142176,0.0755496175846215,0.005707744717182551,0.0020129233598709106,0.0241130068898201,289,289
290,2,0.02035336675940913,0.0582101344841734,0.0033884197566655533,0.001324087381362915,0.02267398312687874,289,289
291,0,0.03896740731088265,0.11626826205297539,0.013518308760819355,0.0008741319179534912,0.02522219903767109,197,197
291,1,0.028579625655627494,0.077978638876712,0.006080668121064659,0.0019412040710449219,0.026966053992509842,197,197
291,2,0.02694800490901101,0.06283380503257195,0.003948087054871264,0.0009732544422149658,0.02684107981622219,197,197
292,0,0.030450097361662938,0.08937548371472198,0.007987977089240534,0.001373443752527237,0.02691770764067769,268,268
292,1,0.02961384384274316,0.08406717688486676,0.007067290229391476,0.001659182831645012,0.024778264109045267,268,268
292,2,0.03630104973050418,0.1010889367892082,0.010218973141172531,0.0016659311950206757,0.025949077680706978,268,268
293,0,0.031201598931338403,0.0761596697266669,0.005800295292874984,0.0026964768767356873,0.027095257304608822,286,286
293,1,0.02847986120789253,0.09102085059498925,0.008284795243035355,0.0013927929103374481,0.022849871311336756,286,286
293,2,0.02057064571287613,0.045785786477239535,0.0020963382433393705,0.0017495900392532349,0.024233380798250437,286,286
294,0,0.02845062713542607,0.072527629743245,0.005260257076173237,0.0017829220741987228,0.024691728875041008,226,226
294,1,0.023947488504206447,0.08318253075488019,0.006919333422786589,0.0009342804551124573,0.021284121554344893,226,226
294,2,0.021120433592591928,0.06866982562593572,0.004715544951496419,0.0007554925978183746,0.022808405105024576,226,226
295,0,0.021514572238436704,0.051590021218589244,0.0026615302893344887,0.0015787873417139053,0.022518068552017212,264,264
295,1,0.022289194441823798,0.06816782215709004,0.004646851977640656,0.0008608251810073853,0.021822070237249136,264,264
295,2,0.037133562389168547,0.10365229105511567,0.010743797440974411,0.001102883368730545,0.024871583096683025,264,264
296,0,0.02060323289555052,0.058374611513921947,0.0034075952694013084,0.0009567737579345703,0.02327619632706046,276,276
296,1,0.030283810618077067,0.08260513490127383,0.006823608312057648,0.0005883127450942993,0.023897327482700348,276,276
296,2,0.023840605500626607,0.06985300685193366,0.004879442566256291,0.0011955052614212036,0.023591619916260242,276,276
297,0,0.03339908957240586,0.09009356190184156,0.008116849896160959,0.0014800503849983215,0.026304984465241432,263,263
297,1,0.028102038693773656,0.07236029716832712,0.0052360126062886096,0.002360790967941284,0.025942489504814148,263,263
297,2,0.027202287979225696,0.07269915534002887,0.005285167187153649,0.0018181279301643372,0.024966152384877205,263,263
298,0,0.017828139567690103,0.047598907563295496,0.0022656560012191494,0.00145818293094635,0.021717571187764406,194,194
298,1,0.02134579134452128,0.058845131654801666,0.003462749519470941,0.0019084252417087555,0.024082409217953682,194,194
298,2,0.017564282117089852,0.05009288605943056,0.0025092972337630924,0.0011185072362422943,0.02315944293513894,194,194
299,0,0.026694348114396638,0.07834126007795314,0.006137353030601495,0.0011734440922737122,0.023731323890388012,287,287
299,1,0.04080190079267224,0.1009916605150243,0.010199315493581919,0.0021515153348445892,0.026319848373532295,287,287
299,2,0.0338348722367674,0.08392519324737248,0.007043438061608815,0.0015958845615386963,0.02429227437824011,287,287
300,0,0.03370299216758547,0.09558828892233606,0.009137120979099994,0.0011227428913116455,0.02651587501168251,299,299
300,1,0.0210187723019151,0.0459229695763818,0.002108919134713288,0.001824643462896347,0.024584786035120487,299,299
300,2,0.020840752919681096,0.036111359660573904,0.0013040302965353241,0.0019250661134719849,0.025501863099634647,299,299
301,0,0.025830377149395643,0.07774644675607166,0.006044509983194685,0.0022229310125112534,0.02409077063202858,200,200
301,1,0.02985301728360355,0.08970818570482278,0.00804755858245097,0.0015470832586288452,0.02458897791802883,200,200
301,2,0.031758110094815495,0.073718995994463,0.005434490370431651,0.0014371275901794434,0.026797096710652113,200,200
302,0,0.024838941434446055,0.07470946256796923,0.005581503797194795,0.0010699331760406494,0.02501765452325344,429,429
302,1,0.034591735592481,0.08745849033148728,0.007648987531062855,0.0028374269604682922,0.02761431410908699,429,429
302,2,0.0296647342677404,0.10071698704487667,0.010143911479397853,0.0014110356569290161,0.0254640132188797,429,429
303,0,0.024767316659169925,0.0667275435078715,0.004452565062594884,0.002644019201397896,0.02466676803305745,296,296
303,1,0.022966163424850517,0.06022227220630113,0.003626722069689829,0.0024993009865283966,0.02568418299779296,296,296
303,2,0.03206713456421386,0.07797950468836662,0.006080803151442991,0.0016478914767503738,0.026462140027433634,296,296
304,0,0.02459451067797874,0.06385299860827395,0.004077205431268236,0.0017350316047668457,0.02438422478735447,217,217
304,1,0.020061744620577186,0.0439704653030908,0.001933401818970312,0.0014175176620483398,0.0241372250020504,217,217
304,2,0.026799878867317318,0.08838087115139477,0.007811178385479445,0.0015178769826889038,0.022193975746631622,217,217
305,0,0.01576578420661818,0.03279422040697551,0.001075460892101289,0.0015456024557352066,0.021754424087703228,174,174
305,1,0.03536106751503787,0.11564939284508965,0.013374782065437876,0.0014264732599258423,0.028800734784454107,174,174
305,2,0.035118713600282694,0.0927795649884896,0.008608047679453366,0.0009930655360221863,0.02721265982836485,174,174
306,0,0.03371187879879405,0.09039521314796331,0.008171294560065719,0.0018933266401290894,0.026077880058437586,138,138
306,1,0.025687519703870235,0.06988258371591323,0.0048835755068116216,0.0016677677631378174,0.025459337048232555,138,138
306,2,0.032185517656414406,0.08073856846289856,0.006518716437438158,0.0012078098952770233,0.027576379477977753,138,138
307,0,0.02257359361395313,0.05394466801094733,0.0029100272068113236,0.0017578676342964172,0.02588874287903309,203,203
307,1,0.021094691512986943,0.03686140439961621,0.0013587631343120452,0.00217486172914505,0.025593481957912445,203,203
307,2,0.035016290517753276,0.10225132374868158,0.010455333208357693,0.0022537708282470703,0.028018441051244736,203,203
308,0,0.02166122517927171,0.0504482839371407,0.0025450293522023683,0.0016957297921180725,0.02630774676799774,273,273
308,1,0.026745668301979702,0.0786001637565716,0.006177985742559871,0.0014549195766448975,0.025431791320443153,273,273
308,2,0.031691702314730966,0.09019976715885085,0.008135997995510907,0.0011599063873291016,0.025287315249443054,273,273
309,0,0.01848681365458557,0.06125493262582114,0.003752166770993887,0.0009840428829193115,0.02062770538032055,149,149
309,1,0.0160121084472177,0.046888053973101765,0.002198489605384504,0.0011037886142730713,0.020929967984557152,149,149
309,2,0.034845340271924166,0.08408223915553925,0.007069822941409298,0.001134634017944336,0.025385906919836998,149,149
310,0,0.022032015784360922,0.051393179264126676,0.00264125887487466,0.001270398497581482,0.02528155781328678,313,313
310,1,0.0422563724169216,0.11349197846315605,0.012880429175481475,0.0015689879655838013,0.024694783613085747,313,313
310,2,0.025124699582521337,0.08198474309423157,0.006721498100227151,0.0009148716926574707,0.02151685208082199,313,313
311,0,0.035158919060210646,0.08431712512380174,0.00710937758914284,0.0020656827837228775,0.028761554043740034,304,304
311,1,0.03069539080484231,0.07551813009667743,0.005702987973298698,0.0033117514103651047,0.026651548221707344,304,304
311,2,0.029860513468616103,0.08475457096040524,0.0071833372986823685,0.0017538107931613922,0.023665199521929026,304,304
312,0,0.027160342579755265,0.06978948739892597,0.004870572551404847,0.0020259851589798927,0.026412751525640488,234,234
312,1,0.02915427789219424,0.08431133744019002,0.007108401620953588,0.0010106153786182404,0.026772103738039732,234,234
312,2,0.03166860968280488,0.10401007116998383,0.010818094904785101,0.0017989128828048706,0.026904764585196972,234,234
313,0,0.029034805856030372,0.08839482675506599,0.00781364539705813,0.0015073567628860474,0.0239799115806818,303,303
313,1,0.025837786295896906,0.0716085379969574,0.005127782714061693,0.0011135786771774292,0.024689183570444584,303,303
313,2,0.02127635139947382,0.04886527946858587,0.0023878155375429994,0.0013012588024139404,0.023815489374101162,303,303
314,0,0.029578576460304137,0.07678971888659261,0.0058966609266819184,0.0017047300934791565,0.02416156977415085,211,211
314,1,0.021318173256671825,0.048643721050695615,0.002366211597657888,0.001460336148738861,0.024865650571882725,211,211
314,2,0.033876147363952835,0.08661899376274841,0.007502850080471049,0.001168958842754364,0.02463908214122057,211,211
315,0,0.02157541401768187,0.06800580629590107,0.004624789689955617,0.001612737774848938,0.02260041143745184,222,222
315,1,0.03076198775119878,0.09003431340187523,0.008106177589747089,0.0009488314390182495,0.025115887634456158,222,222
315,2,0.04733936545682383,0.12174434057528292,0.014821684462110482,0.0017996523529291153,0.025558387860655785,222,222
316,0,0.026654599270679886,0.06087632348807713,0.0037059267614250116,0.0018372982740402222,0.02587027568370104,180,180
316,1,0.03495615436954217,0.07610967271552878,0.005792682280864906,0.0030752643942832947,0.02734666597098112,180,180
316,2,0.03028422272246745,0.09233677788091892,0.008526080549430158,0.0008660294115543365,0.024087093770503998,180,180
317,0,0.03772484831397935,0.09620614965562364,0.009255623231560253,0.0029895463958382607,0.025277384091168642,196,196
317,1,0.031101566620589216,0.10623321823212419,0.011285496655954123,0.001529887318611145,0.024480403400957584,196,196
317,2,0.035318504562791515,0.08825328738693639,0.007788642734601184,0.0014707185328006744,0.026781633030623198,196,196
318,0,0.023251648551147235,0.06633114306777901,0.0043998205406781685,0.0010149702429771423,0.022996610030531883,228,228
318,1,0.027298541367870934,0.07319118224055585,0.005356949157770258,0.0022095683962106705,0.02706318348646164,228,228
318,2,0.024088848347514215,0.05861463056964243,0.0034356749168156613,0.002079695463180542,0.025980800855904818,228,228
319,0,0.023734859194280238,0.07521410184779719,0.005657161116770807,0.0014693737030029297,0.02443902613595128,274,274
319,1,0.029185310851639803,0.08276970804300884,0.006850824569524924,0.0016286298632621765,0.02708605071529746,274,274
319,2,0.04495483363237585,0.11360107545150812,0.01290520434373924,0.0018049106001853943,0.027040700893849134,274,274
320,0,0.04149052746770148,0.1112032434286032,0.01236616134904118,0.0007786490023136139,0.027074448764324188,148,148
320,1,0.030495629444516992,0.08220407082529015,0.006757509260249319,0.0013163089752197266,0.02664866764098406,148,148
320,2,0.01921661149685246,0.03614863695472261,0.001306723953684337,0.0007287636399269104,0.026492265053093433,148,148
321,0,0.025636013346509293,0.07354603459878253,0.005409019205205318,0.0011050105094909668,0.024003326892852783,182,182
321,1,0.03422000813860815,0.09544292262363237,0.009109351478940675,0.0021677110344171524,0.027178069576621056,182,182
321,2,0.024774052345981963,0.08734781293902243,0.007629640425230453,0.0013275295495986938,0.019228138960897923,182,182
322,0,0.02882660763244406,0.07150871258288317,0.005113495975261395,0.002154167741537094,0.026059236377477646,139,139
322,1,0.019207873006465193,0.032370387473526364,0.0010478419851862326,0.0019442662596702576,0.02414256613701582,139,139
322,2,0.015651111926535052,0.022128503064253402,0.0004896706478646723,0.0014492683112621307,0.026072711683809757,139,139
323,0,0.018600923106635466,0.04952644000036143,0.0024528682591094006,0.0008873790502548218,0.023126562125980854,239,239
323,1,0.032090477117387946,0.08045587793641143,0.006473148294518736,0.0016701743006706238,0.027111755684018135,239,239
323,2,0.01794966856586634,0.030944445004597834,0.0009575586766425798,0.0014967694878578186,0.025365758687257767,239,239
324,0,0.02794430515633993,0.07977212261043348,0.006363591545774033,0.001637488603591919,0.02494820114225149,211,211
324,1,0.02303370527958418,0.055756197005587115,0.0031087535045258414,0.0015484467148780823,0.02584089245647192,211,211
324,2,0.02140296941790818,0.05055356190737083,0.0025556626215223746,0.001183144748210907,0.025163857266306877,211,211
325,0,0.022045665303405546,0.06181776179365335,0.0038214356731768677,0.0013616383075714111,0.023632694967091084,151,151
325,1,0.036665141644166004,0.13137145858393548,0.017258460130470676,0.0014728568494319916,0.024000280536711216,151,151
325,2,0.02544761804974829,0.0743624009412705,0.0055297666737502684,0.004003254696726799,0.022608183324337006,151,151
326,0,0.02432868898229179,0.06415661270287883,0.004116070953507192,0.0012196451425552368,0.02401039469987154,403,403
326,1,0.03175386033776602,0.07650323020867993,0.005852744232362276,0.0025087185204029083,0.02666822262108326,403,403
326,2,0.027446329515085327,0.07680495709621582,0.005899001434551552,0.0016321614384651184,0.022763771004974842,403,403
327,0,0.031219672956739976,0.08145243276110764,0.006634498802702761,0.0018631517887115479,0.024063074961304665,217,217
327,1,0.031698759460675824,0.09177978770427285,0.008423529431041394,0.0010501444339752197,0.023533349856734276,217,217
327,2,0.024162262176004697,0.05344281983224062,0.0028561349916213312,0.003025755286216736,0.026882996782660484,217,217
328,0,0.025669128760258793,0.07362901675244302,0.005421232107931535,0.0016499757766723633,0.021835269406437874,273,273
328,1,0.01787823698595985,0.058557582392119674,0.003428990455609884,0.001070752739906311,0.01913011260330677,273,273
328,2,0.04128112713891617,0.10263698718615805,0.01053435113865157,0.0019266903400421143,0.02639618143439293,273,273
329,0,0.038831886888237285,0.11928264170602842,0.014228348612368751,0.0016720034182071686,0.02402561716735363,282,282
329,1,0.014606669006855987,0.04003869591359912,0.0016030971704616586,0.000867694616317749,0.019960470497608185,282,282
329,2,0.025839986860857787,0.06302489466695753,0.003972137347781092,0.0018932931125164032,0.025723496451973915,282,282
330,0,0.020117413727383987,0.04202650309570313,0.0017662269624531448,0.0009758174419403076,0.025601955130696297,153,153
330,1,0.017101592779938692,0.04877766740072778,0.002379260837056022,0.000881493091583252,0.02277081087231636,153,153
330,2,0.04235071349231636,0.10300459210459671,0.010609945994634348,0.0012536346912384033,0.025710390880703926,153,153
331,0,0.0359454431069585,0.09740676766321979,0.00948807838659648,0.0018717385828495026,0.02597404969856143,260,260
331,1,0.02057210868403602,0.06432092356472714,0.004137181208219471,0.0012071318924427032,0.02233569324016571,260,260
331,2,0.024000651937407944,0.0622540195580016,0.0038755629511280456,0.001596067100763321,0.024493760894984007,260,260
332,0,0.017069886780363766,0.05335679123028078,0.0028469471703917682,0.0011007264256477356,0.022087734658271074,188,188
332,1,0.03314751050771868,0.10155618456882363,0.010313658624176972,0.0018894970417022705,0.02606490906327963,188,188
332,2,0.025684650026341068,0.06068615031628143,0.003682808840210305,0.002638239413499832,0.024841449689120054,188,188
333,0,0.035656364111053704,0.1007822828531995,0.010157068537102309,0.0008693933486938477,0.026740150526165962,201,201
333,1,0.022739296338859186,0.05646532205051027,0.003188332594267841,0.0005943179130554199,0.027892496436834335,201,201
333,2,0.020029685010586804,0.05320283031166297,0.0028305411531716045,0.001485288143157959,0.0255705825984478,201,201
334,0,0.03378546951312779,0.08770992220315539,0.007693030452883572,0.0019276663661003113,0.02603159425780177,216,216
334,1,0.016788699621058726,0.025838516679197485,0.0006676289441811666,0.0014866553246974945,0.025356425438076258,216,216
334,2,0.02092683347399105,0.04941863557084268,0.0024422015416837575,0.0024447012692689896,0.02542697312310338,216,216
335,0,0.017065539512797052,0.0584089848189905,0.0034116095075850624,0.0009230226278305054,0.021514258347451687,406,406
335,1,0.02243909402176958,0.07445254514933379,0.005543181479213587,0.0010887980461120605,0.02369141485542059,406,406
335,2,0.029877787357278793,0.08896520352794537,0.007914807438768743,0.0012347511947154999,0.02406650735065341,406,406
336,0,0.02691003010741302,0.09057630127298202,0.008204066352294006,0.0010244250297546387,0.027674159035086632,175,175
336,1,0.0209031298703381,0.05331247183650372,0.002842219653318002,0.0,0.025268507190048695,175,175
336,2,0.021769517708037582,0.053717450580760155,0.0028855644968964096,0.00047007203102111816,0.028353854082524776,175,175
337,0,0.027578803751802907,0.06900938081582611,0.004762294640583708,0.0014427006244659424,0.025696903467178345,181,181
337,1,0.02938187377558229,0.07537048714443163,0.005680710332388934,0.0027694329619407654,0.02566380985081196,181,181
337,2,0.021052685856963224,0.05114927429409398,0.0026162482608124635,0.0006442070007324219,0.025676768273115158,181,181
338,0,0.030023513894784155,0.08072658601377566,0.00651678168943952,0.0017390064895153046,0.022900414653122425,422,422
338,1,0.025626713075670656,0.06258714575870641,0.003917150814221562,0.0022502467036247253,0.025790985673666,422,422
338,2,0.031106128477628267,0.08536037829049026,0.0072863941818956,0.0019475966691970825,0.026593112852424383,422,422
339,0,0.026694699603725565,0.0736120863920372,0.005418739262988749,0.001546606421470642,0.025907237082719803,275,275
339,1,0.0298836890574206,0.07778631766185182,0.006050711215390521,0.0017637982964515686,0.026245185174047947,275,275
339,2,0.02021679547700015,0.0642042944266629,0.004122191422825616,0.0009286552667617798,0.021355273202061653,275,275
340,0,0.0254523851471134,0.05663406339892165,0.003207417137073077,0.0017725005745887756,0.026410197839140892,415,415
340,1,0.02982452599309295,0.08312228512280274,0.0069093142840365145,0.0012952163815498352,0.025334074161946774,415,415
340,2,0.03356765345277556,0.09126321953224333,0.008328975239390439,0.0017286986112594604,0.02465964760631323,415,415
341,0,0.034364912588830274,0.08623407666284567,0.0074363159778935446,0.002446349710226059,0.026195893064141273,186,186
341,1,0.023748676177434702,0.08501341963102889,0.007227281517361408,0.0010402202606201172,0.020367799792438745,186,186
341,2,0.026337073645203986,0.06552617757149616,0.004293679947131246,0.001559630036354065,0.02564129140228033,186,186
342,0,0.02135463890594405,0.05629484227884003,0.0031691092671994755,0.001415938138961792,0.026507727801799774,185,185
342,1,0.026957437773612706,0.06419396541544582,0.004120865195759455,0.0016252845525741577,0.026145678013563156,185,185
342,2,0.01868518258671503,0.04468873885848109,0.0019970833807615176,0.0020912885665893555,0.02514614909887314,185,185
343,0,0.035390983431194074,0.10323001054816913,0.01065643507777511,0.001540936529636383,0.02463915618136525,312,312
343,1,0.02706511785240414,0.07003266732325708,0.004904574492410001,0.001830320805311203,0.026612238492816687,312,312
343,2,0.027796363559527658,0.08265875950943986,0.006832470523639416,0.0012234561145305634,0.021073890384286642,312,312
344,0,0.0272823313864628,0.07963534843306322,0.006341788720055385,0.0012716539204120636,0.024930045939981937,252,252
344,1,0.029598023439387954,0.086372595001469,0.007460225167287787,0.0013413988053798676,0.024713097605854273,252,252
344,2,0.02292757021958038,0.05928884668505367,0.0035151673412437997,0.0018180087208747864,0.024221322033554316,252,252
345,0,0.023183824951465457,0.06275013951008909,0.003937580008535644,0.0010000169277191162,0.02586399018764496,161,161
345,1,0.031848881986593795,0.0955152265442507,0.009123158501799533,0.0013666003942489624,0.025135919451713562,161,161
345,2,0.034688795416367164,0.09923044962384373,0.009846682132550189,0.001142248511314392,0.02662859670817852,161,161
346,0,0.02535293313364188,0.08399309848613519,0.007054840593301605,0.0017205923795700073,0.026783544570207596,183,183
346,1,0.031260680132469194,0.08830604087171262,0.00779795685443658,0.0015025585889816284,0.027211694978177547,183,183
346,2,0.027638577896837,0.07660342445904338,0.005868084638852364,0.001376412808895111,0.02752889133989811,183,183
347,0,0.029043681052759354,0.09013198024455447,0.008123773862804757,0.0018264278769493103,0.025377057492733,231,231
347,1,0.019024475364748276,0.037746042005308615,0.0014247636870665223,0.0008781030774116516,0.025179757736623287,231,231
347,2,0.02585604325646446,0.08260313405549635,0.0068232777557903,0.001405671238899231,0.025280937552452087,231,231
348,0,0.035031127626756225,0.10371059092214449,0.010755886669420399,0.0012026205658912659,0.0261099711060524,463,463
348,1,0.02282224871926251,0.06596485782801173,0.004351362468269801,0.0012092441320419312,0.025194752030074596,463,463
348,2,0.029884137846851323,0.08272238618158706,0.0068429931755756256,0.0014091916382312775,0.02610146999359131,463,463
349,0,0.02797280275155597,0.08256689973084455,0.006817292931163337,0.0017603188753128052,0.02472018450498581,217,217
349,1,0.022208817543522004,0.05069043981355409,0.00256952068849155,0.0020383745431900024,0.025692269206047058,217,217
349,2,0.024755417682608152,0.06468230181448023,0.004183800168019513,0.0012526065111160278,0.024466173723340034,217,217
350,0,0.027738742154367543,0.08478506873900629,0.007188507881078022,0.0008749514818191528,0.022793485783040524,270,270
350,1,0.033581308323751995,0.09050619802173814,0.008191371880350077,0.0023557133972644806,0.023572966922074556,270,270
350,2,0.022483307088690774,0.06174825251414104,0.0038128466885501253,0.000855565071105957,0.023598475381731987,270,270
351,0,0.03835041660482321,0.11261710162282372,0.012682611577925405,0.002274125814437866,0.02662744466215372,246,246
351,1,0.015762212551842496,0.03855377434031035,0.0014863935158835728,0.0010403655469417572,0.021795923821628094,246,246
351,2,0.029337732852020158,0.0809109875081036,0.006546587899536497,0.0013633612543344498,0.02668976318091154,246,246
352,0,0.02063479308066342,0.056585343534069146,0.003201901102868621,0.0015568733215332031,0.023792199324816465,272,272
352,1,0.029840473123305643,0.09148891102112207,0.008370220839830791,0.0019310768693685532,0.026126112788915634,272,272
352,2,0.03792672844343435,0.10683177000775108,0.011413027082989023,0.0026505980640649796,0.024416085798293352,272,272
353,0,0.028991922159879904,0.07985349834277028,0.006376581197578816,0.0008292496204376221,0.025932997465133667,181,181
353,1,0.026352020690618958,0.07982174230222396,0.006371510544162649,0.0016226023435592651,0.02594088390469551,181,181
353,2,0.019576147203822492,0.05729701059717315,0.003282947423372572,0.0010281503200531006,0.024531515315175056,181,181
354,0,0.0301850154428693,0.08560055106022638,0.007327454341814424,0.0020519159734249115,0.026395066641271114,243,243
354,1,0.02691018663408089,0.07493684145659833,0.005615530207491355,0.0008413046598434448,0.024331260472536087,243,243
354,2,0.021456459115562126,0.06525991775084033,0.004258856864846446,0.0009525641798973083,0.025241518393158913,243,243
355,0,0.041308334859017776,0.10303154296272554,0.010615498845279958,0.00247780978679657,0.025671876966953278,265,265
355,1,0.028791174397997138,0.07806167477654488,0.006093625068919062,0.0010514557361602783,0.025258276611566544,265,265
355,2,0.012388265515976358,0.034518036265134486,0.0011914948276011393,0.0006663203239440918,0.017841964960098267,265,265
356,0,0.030870087276811578,0.07008090244483572,0.004911332887482582,0.0020787883549928665,0.024304085411131382,280,280
356,1,0.035794093143860145,0.09774633834008785,0.009554346658894928,0.003409328870475292,0.026227519381791353,280,280
356,2,0.031935975913490566,0.0795058045262539,0.006321172953366895,0.002306835725903511,0.027707448229193687,280,280
357,0,0.03179040285209641,0.08225398002411877,0.006765717229808129,0.003509819507598877,0.027876581996679306,229,229
357,1,0.0317768312738517,0.08532206871290277,0.007279855409449301,0.0013102889060974121,0.027531132102012634,229,229
357,2,0.025517604309723888,0.06861305212594238,0.004707750922037285,0.0017205774784088135,0.0253750029951334,229,229
358,0,0.025160847917302616,0.06703098945283592,0.0044931535470262,0.0016096234321594238,0.025297996122390032,144,144
358,1,0.023586525154920917,0.07594507806700677,0.005767654882603753,0.0007102563977241516,0.02388879470527172,144,144
358,2,0.03258376112919197,0.09195687464216218,0.00845606679395433,0.0014606043696403503,0.02443217858672142,144,144
359,0,0.023291115240297384,0.06372167940488023,0.0040604524261783365,0.000815756618976593,0.026447121519595385,180,180
359,1,0.02191307275659508,0.04710697403361525,0.002219067002603702,0.000790037214756012,0.02705075591802597,180,180
359,2,0.0400288596490605,0.0974669229806115,0.009499801075308454,0.003033233806490898,0.02853889623656869,180,180
360,0,0.022173511662653515,0.05806440880479602,0.0033714755698504737,0.0010589584708213806,0.023460633121430874,210,210
360,1,0.02038514747816537,0.04907986196241497,0.002408832850249708,0.0012496337294578552,0.021493779961019754,210,210
360,2,0.03638322597280854,0.09790614793680018,0.009585613803822602,0.0016129110008478165,0.025408513844013214,210,210
361,0,0.023372727762097898,0.057841654876617056,0.0033456570388656777,0.0006422102451324463,0.025208850856870413,230,230
361,1,0.022222405267150507,0.06710558137316254,0.004503159051430139,0.0009894967079162598,0.024505783338099718,230,230
361,2,0.026864061213057976,0.07208212495382538,0.0051958327378588956,0.002486536279320717,0.027264065574854612,230,230
362,0,0.01667333963286295,0.0415323337017118,0.0017249347427103457,0.001020386815071106,0.023774513974785805,251,251
362,1,0.024742555396401314,0.07647705339009418,0.005848739695231316,0.0010505840182304382,0.023402787744998932,251,251
362,2,0.027564007896499567,0.06772219150688827,0.00458629522249565,0.0015589669346809387,0.0252587478607893,251,251
363,0,0.03643897346201095,0.10173756090160828,0.010350531298208452,0.001632940024137497,0.026062507182359695,188,188
363,1,0.028794831618607204,0.0715115560288678,0.005113902645669898,0.0010423138737678528,0.026026896201074123,188,188
363,2,0.03676350780098917,0.091375733661607,0.00834952470219694,0.0019378401339054108,0.02858151588588953,188,188
364,0,0.04292517304328261,0.10833841662047046,0.01173721251583063,0.0013483427464962006,0.02439018152654171,202,202
364,1,0.01856499592690627,0.050211724566237674,0.002521217283915716,0.0015162862837314606,0.024402985349297523,202,202
364,2,0.01991639126295058,0.06226074539546508,0.0038764004171989255,0.0012630075216293335,0.023865970317274332,202,202
365,0,0.03521600076994786,0.08774488752872714,0.007699165287428976,0.0016319267451763153,0.027320288121700287,282,282
365,1,0.024131066251731087,0.06428534663951263,0.004132605792562297,0.0017399117350578308,0.02417128486558795,282,282
365,2,0.015592568316199679,0.03738198580078525,0.00139741286241011,0.0010984539985656738,0.02304136101156473,282,282
366,0,0.028926602902893835,0.07062326297570441,0.004987645273335501,0.0013348162174224854,0.026268990710377693,325,325
366,1,0.024890895715126624,0.0701674205017695,0.0049234668998721426,0.0013973116874694824,0.025588443502783775,325,325
366,2,0.020405503385342083,0.0510470055701855,0.0026057967776825495,0.001357734203338623,0.024845276027917862,325,325
367,0,0.017701750813980666,0.04310547711860651,0.0018580821576227096,0.0013364031910896301,0.02345565427094698,343,343
367,1,0.03225587379274233,0.09031717572105426,0.008157192230227792,0.0022985488176345825,0.024804359301924706,343,343
367,2,0.02581122869750588,0.06759681656238281,0.004569329609368432,0.001646973192691803,0.0244730394333601,343,343
368,0,0.016319862909575687,0.0435895727667446,0.0019000508539873224,0.0012016333639621735,0.022797048091888428,284,284
368,1,0.027734082336471955,0.07388200411599129,0.005458550532195354,0.003162441775202751,0.025232998188585043,284,284
368,2,0.030489389095980098,0.07506019171460017,0.005634032380232533,0.001317441463470459,0.02464818675071001,284,284
369,0,0.027150748810045932,0.06850745964639181,0.004693272027202002,0.0008935928344726562,0.026642294600605965,189,189
369,1,0.04213331007551421,0.10570320603320636,0.011173167765698473,0.0011368989944458008,0.02782313898205757,189,189
369,2,0.033024306596311,0.071388557964449,0.005096326208243494,0.002399154007434845,0.02878545969724655,189,189
370,0,0.03073429331621703,0.08211024742024588,0.006742092731413995,0.001266423612833023,0.02462618239223957,170,170
370,1,0.029819791796891128,0.07453587454857902,0.0055555965947215085,0.0022065378725528717,0.027501228265464306,170,170
370,2,0.045273768485468976,0.0988906246704975,0.00977935564772121,0.002990233711898327,0.02900002570822835,170,170
371,0,0.027144380157724732,0.09316826738421417,0.008680326047376428,0.0021818913519382477,0.024596042931079865,147,147
371,1,0.02335338667035103,0.05574793197292056,0.003107831919257378,0.0018851608037948608,0.024768088944256306,147,147
371,2,0.023817437726269368,0.0539485950088923,0.002910450903433479,0.0010301321744918823,0.025235996581614017,147,147
372,0,0.024142458939483857,0.05807787542667507,0.003373039614076388,0.0014323517680168152,0.02523935493081808,283,283
372,1,0.019328717649140965,0.039019697452137014,0.0015225367892563078,0.0012177377939224243,0.02472319547086954,283,283
372,2,0.02310991279004214,0.05268283896823327,0.002775481521752798,0.0012313276529312134,0.025028635747730732,283,283
373,0,0.030304643018655694,0.07159402471288653,0.005125704374589408,0.0016217827796936035,0.026038311421871185,173,173
373,1,0.018853490520807016,0.05575935001302634,0.003109105113875181,0.0010434091091156006,0.0231093131005764,173,173
373,2,0.03822908348624589,0.09969797170324947,0.009939685561741931,0.0019729435443878174,0.02684461884200573,173,173
374,0,0.025836260854409265,0.07242170688625683,0.005244903628318901,0.0012860819697380066,0.02566250693053007,359,359
374,1,0.026248346697694745,0.06497306469892182,0.004221499136370281,0.001857306808233261,0.026343321427702904,359,359
374,2,0.021730435931728246,0.0615305812996256,0.0037860124350698357,0.0013188272714614868,0.024671366438269615,359,359
375,0,0.025578472514024012,0.062366327962253255,0.0038895588634953325,0.0012230128049850464,0.025799183174967766,269,269
375,1,0.029383340556188367,0.0783663441690045,0.006141283898414865,0.001127868890762329,0.02633494697511196,269,269
375,2,0.03921749457356877,0.09987972199635967,0.009975958866070092,0.0012496858835220337,0.026974979788064957,269,269
376,0,0.027403040441333668,0.08143607340314964,0.006631834051323175,0.002607692964375019,0.025482858531177044,308,308
376,1,0.028222923587354554,0.07157261500804324,0.005122639219089577,0.0017926953732967377,0.02459112787619233,308,308
376,2,0.034119381565546204,0.09693634649250672,0.009396655271315321,0.0024368520826101303,0.02584465080872178,308,308
377,0,0.024725801660028916,0.06287331014824489,0.003953053128997394,0.0014747530221939087,0.02752863336354494,179,179
377,1,0.026107806264937923,0.07790279788124001,0.006068845917725332,0.001123141497373581,0.02169469278305769,179,179
377,2,0.029868035426352944,0.09131540007303515,0.008338502290498468,0.001514241099357605,0.025458119809627533,179,179
378,0,0.031240893383644854,0.09115406780220078,0.008309064076888218,0.0013208389282226562,0.025817476212978363,381,381
378,1,0.02818123387842588,0.07834700386463007,0.00613825301456436,0.0013445168733596802,0.025836054235696793,381,381
378,2,0.026520223342116893,0.06593389826823214,0.004347278940845584,0.0019340068101882935,0.02509583719074726,381,381
379,0,0.03169954412692048,0.10135647080922429,0.010273134174901137,0.001657119020819664,0.025753705762326717,396,396
379,1,0.030255110085368006,0.08127374136997144,0.0066054210362730065,0.0013419315218925476,0.024956345558166504,396,396
379,2,0.03773397940794251,0.09987859276990955,0.009975733293697428,0.0027993209660053253,0.027195352595299482,396,396
380,0,0.030249059932875334,0.0808326686188451,0.0065339203160440255,0.002102106809616089,0.024624839425086975,239,239
380,1,0.026429893620405737,0.0887213137599561,0.007871471515292574,0.000800594687461853,0.021284138783812523,239,239
380,2,0.02772530048469931,0.08975842113763778,0.00805657416512154,0.0010675489902496338,0.022312643006443977,239,239
381,0,0.02024792194861937,0.03913704268343582,0.0015317081100050772,0.0016529262065887451,0.025360346771776676,203,203
381,1,0.023691343391323325,0.05567517689280059,0.0030997253220446364,0.001466125249862671,0.02519936114549637,203,203
381,2,0.02876882962515495,0.07316506208686145,0.005353126310174291,0.0015203505754470825,0.02638163510710001,203,203
382,0,0.015912925799770213,0.049386442409445064,0.002439020693861434,0.001575961709022522,0.022172436118125916,301,301
382,1,0.027990654893714526,0.07966744149268579,0.006346901233990514,0.0008379817008972168,0.02328045852482319,301,301
382,2,0.023541785371288707,0.06048965234790474,0.003658998041170377,0.0007885098457336426,0.023772941902279854,301,301
383,0,0.03358669398503811,0.09690343971624173,0.009390276628839294,0.0015172213315963745,0.024097824469208717,357,357
383,1,0.027144475156540462,0.08913586801217985,0.007945202966284747,0.0012370720505714417,0.025192145258188248,357,357
383,2,0.029246242766474643,0.07475792817864323,0.005588747825563179,0.001996457576751709,0.024914903566241264,357,357
384,0,0.02237501937068171,0.06798872115086968,0.004622466203730713,0.0,0.02413691906258464,216,216
384,1,0.026336711533885036,0.07325412044885267,0.005366166162735014,0.0004316270351409912,0.024697548244148493,216,216
384,2,0.03168192151416507,0.09369335278309354,0.008778444355737222,0.0,0.025659068953245878,216,216
385,0,0.022346458930522204,0.058760586879283705,0.003452806570397848,0.002048242837190628,0.026058252900838852,250,250
385,1,0.01807653569802642,0.028527614592073165,0.0008138247943138657,0.0028850212693214417,0.02426203992217779,250,250
385,2,0.025217271257191896,0.07355892825214246,0.0054109159256038415,0.001506902277469635,0.022598540410399437,250,250
386,0,0.037027168571501526,0.08991059940790316,0.008083915885888436,0.0022829100489616394,0.02646224945783615,333,333
386,1,0.02967779873800394,0.06739593821956383,0.004542212488495264,0.003620017319917679,0.02550104260444641,333,333
386,2,0.019291483103535376,0.03700384495041494,0.0013692845411143494,0.0016378611326217651,0.024634376168251038,333,333
387,0,0.02932887908912474,0.0879165875519987,0.0077293263667882525,0.0021947603672742844,0.02473129890859127,372,372
387,1,0.02344441910960301,0.06540916968303952,0.004278359478624656,0.0016326680779457092,0.02419778797775507,372,372
387,2,0.030367742082284342,0.07723710308146207,0.005965570092416398,0.001960989087820053,0.0262661618180573,372,372
388,0,0.02472392501803475,0.06251833624622267,0.003908542366995759,0.0017182230949401855,0.02449717279523611,362,362
388,1,0.020137975034844234,0.07243823851259748,0.0052472983988079615,0.001680176705121994,0.023235737346112728,362,362
388,2,0.02962475672148127,0.07865013212857724,0.006185843283842658,0.0014931857585906982,0.027697959914803505,362,362
389,0,0.020610755713852614,0.04539427217819893,0.0020606399465884053,0.001644916832447052,0.0241467603482306,380,380
389,1,0.020951541469089296,0.05460498196553708,0.0029817040554566297,0.001077987253665924,0.025729374960064888,380,380
389,2,0.037118757256355724,0.10901940183306934,0.011885229976040242,0.002467779442667961,0.026731854770332575,380,380
390,0,0.01879393192552331,0.06015997025431063,0.0036192220209995394,0.00083884596824646,0.02249271236360073,421,421
390,1,0.027591300608408847,0.07588915978740432,0.005759164573238185,0.002190828323364258,0.025730323046445847,421,421
390,2,0.023472880232291663,0.05693164889844644,0.003241212646295977,0.002131044864654541,0.027691550552845,421,421
391,0,0.028880838786990937,0.08218852429428697,0.006754953525672599,0.0016022324562072754,0.02441488951444626,281,281
391,1,0.026673162074302228,0.07067326275698235,0.0049947100687174695,0.0015462040901184082,0.02329760044813156,281,281
391,2,0.027815365716417278,0.06495108980740036,0.004218644067168986,0.002140812575817108,0.026025403290987015,281,281
392,0,0.039973333002611376,0.11345178785021208,0.01287130816640953,0.0017409157007932663,0.024014337919652462,288,288
392,1,0.027063858187628083,0.08008171212312894,0.006413080616571697,0.0016326159238815308,0.025185268372297287,288,288
392,2,0.03850976878634861,0.11109174450485408,0.012341375697131778,0.0015474669635295868,0.022510287817567587,288,288
393,0,0.022753377865331294,0.06491192671929392,0.004213558230410984,0.0007603242993354797,0.021350386552512646,195,195
393,1,0.029406423360491412,0.05718078484283726,0.003269642155242847,0.002958301454782486,0.026653680950403214,195,195
393,2,0.028839616453609405,0.08430987438988082,0.00710815491963748,0.0025061219930648804,0.020919119007885456,195,195
394,0,0.03447450602606657,0.10653298721418591,0.0113492773647779,0.0012168101966381073,0.022745841182768345,166,166
394,1,0.023822431895792126,0.07256898927404108,0.00526625820425589,0.0007659941911697388,0.021739305928349495,166,166
394,2,0.023052981218704617,0.04216989720286513,0.0017783002301002128,0.0017419103533029556,0.026414154563099146,166,166
395,0,0.027804068254834828,0.07001774500566005,0.004902484615677633,0.0012201815843582153,0.02666780911386013,187,187
395,1,0.027663724576645995,0.06812010818528748,0.0046403491391752705,0.0010273382067680359,0.026007593609392643,187,187
395,2,0.02954073175090679,0.06501302734950648,0.004226693725147677,0.001454666256904602,0.028156104497611523,187,187
396,0,0.026052374755298452,0.07042921256930376,0.004960273983132174,0.0010945238173007965,0.02595238760113716,280,280
396,1,0.027311596685155693,0.08430804211345079,0.007107845965003393,0.0009905695915222168,0.024880002718418837,280,280
396,2,0.03140075868328235,0.08895837702461647,0.007913592842853812,0.001405227929353714,0.026936057955026627,280,280
397,0,0.02414959355424482,0.0639700933604823,0.004092172844548822,0.0017859190702438354,0.025651463773101568,368,368
397,1,0.034241468410270856,0.08871093256256495,0.007869629556119946,0.002183651551604271,0.02585082547739148,368,368
397,2,0.032256671614722225,0.09226965271641656,0.008513688812408117,0.0012476220726966858,0.02567121246829629,368,368
398,0,0.03381579137209246,0.08797284413738767,0.007739221305621104,0.0012042075395584106,0.02544305846095085,381,381
398,1,0.029215144809931908,0.08581641618333473,0.007364457286551315,0.0015796273946762085,0.02524385415017605,381,381
398,2,0.02389242950083781,0.06757705713783256,0.0045666586514098865,0.0014629065990447998,0.025100093334913254,381,381
399,0,0.03415232136158089,0.09844874791014906,0.009692155965076079,0.0011012554168701172,0.026214370504021645,233,233
399,1,0.024648210341550507,0.0634818428169548,0.004029944367436557,0.0013103783130645752,0.026698341593146324,233,233
399,2,0.03457799022657549,0.10098221469076295,0.010197407683851339,0.001305893063545227,0.026718998327851295,233,233
400,0,0.022517705825842258,0.05878264577401411,0.003455399444193219,0.0015561357140541077,0.024649748113006353,272,272
400,1,0.019630798790946275,0.052379533981742644,0.0027436155801445327,0.0011458173394203186,0.021666470915079117,272,272
400,2,0.02939411360934815,0.07678494701233922,0.005895928087687741,0.0016423501074314117,0.02511416980996728,272,272
401,0,0.02537846441924663,0.06695110891245741,0.004482450984607734,0.0015782155096530914,0.026830963790416718,327,327
401,1,0.0284647942344097,0.08045915039121836,0.006473674881676693,0.001205161213874817,0.02509747166186571,327,327
401,2,0.031240457119220806,0.08653211587778115,0.007487807078285744,0.0012361928820610046,0.025784725323319435,327,327
402,0,0.026982227996201584,0.08347573663673993,0.006968198607046366,0.0,0.024232573807239532,213,213
402,1,0.022225935130157103,0.05239655116288064,0.0027453985737643685,0.0009557902812957764,0.02614181488752365,213,213
402,2,0.025022631502347372,0.061757904273292,0.0038140387402290986,0.001017838716506958,0.025779955089092255,213,213
403,0,0.02743466184474528,0.05661972353471623,0.0032057930931476994,0.0023264996707439423,0.0246106437407434,340,340
403,1,0.03330625293447691,0.09081789252686785,0.00824788960302172,0.001489635556936264,0.02649958711117506,340,340
403,2,0.026201982690733584,0.062366522116654874,0.0038895830809272014,0.00231834314763546,0.02595333056524396,340,340
404,0,0.023347875158138135,0.06566283573425123,0.00431160799666326,0.001277536153793335,0.02410794422030449,153,153
404,1,0.027484544339814995,0.08193573285345754,0.006713464318233162,0.0018562078475952148,0.025332141667604446,153,153
404,2,0.021582700887366253,0.06315944461985912,0.00398911544468905,0.0011432766914367676,0.021771935746073723,153,153
405,0,0.031125017302110793,0.08328762693340773,0.006936828800198504,0.0003809332847595215,0.028556447476148605,160,160
405,1,0.023432259922265074,0.05498957043899072,0.0030238528570647218,0.0002922043204307556,0.025088742841035128,160,160
405,2,0.03382919416762888,0.0924316959930787,0.00854361842415692,0.0,0.02731367014348507,160,160
406,0,0.029291073286637145,0.0757472567309248,0.005737646902260633,0.001515015959739685,0.027430156245827675,201,201
406,1,0.02395113084502333,0.074172906207474,0.005501620015262734,0.0012835413217544556,0.023100700229406357,201,201
406,2,0.031196978494562023,0.0767466116479428,0.005890042399440151,0.0014510154724121094,0.025465741753578186,201,201
407,0,0.024121381628540266,0.07233234448068003,0.005231968058071762,0.0009098723530769348,0.023538462817668915,332,332
407,1,0.02145093116426773,0.0547021496874729,0.002992325180430691,0.001293618232011795,0.024878937285393476,332,332
407,2,0.035831688928518846,0.1051578080789345,0.011058164599966024,0.0021597780287265778,0.02485547075048089,332,332
408,0,0.020722995235830634,0.06661068160990766,0.00443698290453649,0.0009935498237609863,0.020871620625257492,337,337
408,1,0.031773770415950954,0.08716178376369794,0.007597176548869639,0.0017475336790084839,0.026206213980913162,337,337
408,2,0.023612852017630102,0.05264693071915059,0.0027716993141470416,0.002167612314224243,0.026744645088911057,337,337
409,0,0.01413831297754192,0.02317777465984283,0.0005372092381824525,0.00038439035415649414,0.023415429051965475,142,142
409,1,0.0320733565784676,0.10015256474063543,0.010030536224127171,0.0,0.025886097457259893,142,142
409,2,0.035865708319863805,0.09205372419909413,0.008473888138922888,0.001879315823316574,0.02807754697278142,142,142
410,0,0.04477456486374763,0.10854963103497363,0.01178302239782891,0.002201121300458908,0.027703169733285904,239,239
410,1,0.022393150905840816,0.062034448941325114,0.0038482728554538725,0.0013115108013153076,0.024228857830166817,239,239
410,2,0.02723411904749262,0.07493489935177283,0.005615239140860325,0.0015878826379776,0.023611847311258316,239,239
411,0,0.03694611071284246,0.08274047717052661,0.006845986562406436,0.001524120569229126,0.02525659091770649,261,261
411,1,0.0248548978497185,0.07243680120795006,0.005247090169240074,0.0009418725967407227,0.023189302533864975,261,261
411,2,0.01861425106667011,0.04788239856367227,0.002292724092210364,0.0012813806533813477,0.023978961631655693,261,261
412,0,0.042989930364170245,0.11049776833899552,0.012209756807898322,0.0025930795818567276,0.02917865850031376,280,280
412,1,0.022827962144011896,0.059946691868335907,0.0035936058659572106,0.0011548548936843872,0.02586888102814555,280,280
412,2,0.026521001115906984,0.07947384240271664,0.006316091626251842,0.0014472901821136475,0.02542003383859992,280,280
413,0,0.019560448385858804,0.05945874365359065,0.003535342196863406,0.001493876799941063,0.02513109752908349,178,178
413,1,0.0321442658406044,0.08243985720067386,0.006796330055267498,0.0015454571694135666,0.024720915127545595,178,178
413,2,0.023264506387032483,0.07669725479637193,0.0058824688932995976,0.0010461583733558655,0.023599082604050636,178,178
414,0,0.031867587825301406,0.09125896700190408,0.00832819905825462,0.0019157938659191132,0.026809079572558403,414,414
414,1,0.024809897013440513,0.06937103933096776,0.0048123410978586755,0.001609068363904953,0.023822825402021408,414,414
414,2,0.026169443957435624,0.07530902745951816,0.00567144961689846,0.00222056545317173,0.024460995104163885,414,414
415,0,0.020598199447918245,0.0717943712685171,0.005154431745841673,0.0011770278215408325,0.020659291185438633,272,272
415,1,0.029213802507215673,0.08101323362914298,0.006563144023050103,0.0011107176542282104,0.024504694622009993,272,272
415,2,0.02786718268180266,0.08344399244764056,0.0069628998756018955,0.0010529905557632446,0.02379047917202115,272,272
416,0,0.031826800727942146,0.09058736908687953,0.008206071438082538,0.0016210637986660004,0.023076340556144714,312,312
416,1,0.02183902793480322,0.05631262904094687,0.003171112189503292,0.0012712068855762482,0.025111260823905468,312,312
416,2,0.01807067455807462,0.03456743535314592,0.0011949075868939224,0.0015264376997947693,0.025032388977706432,312,312
417,0,0.02296956969395826,0.057404080357652806,0.003295228441707861,0.001217573881149292,0.02448519878089428,191,191
417,1,0.03410684685734788,0.09819176723128134,0.009641623152002135,0.001182064414024353,0.02332166489213705,191,191
417,2,0.026562012034756038,0.07140906324831299,0.005099254314001565,0.001927010715007782,0.025470848195254803,191,191
418,0,0.023599649506014963,0.06528180154624862,0.004261713613123789,0.001828981563448906,0.021509726997464895,252,252
418,1,0.028020675297796963,0.07842695295824924,0.006150786950315439,0.0012385658919811249,0.025055306497961283,252,252
418,2,0.03069348457372851,0.08312031181325968,0.006908986235933516,0.002431027591228485,0.025168871507048607,252,252
419,0,0.03160361381191196,0.09423097508518918,0.008879476665505544,0.001622915267944336,0.026977676898241043,165,165
419,1,0.020404367950378043,0.03803092254279216,0.001446351069455857,0.0020607560873031616,0.026042988523840904,165,165
419,2,0.021320162214000116,0.04558413435325016,0.0020779133047351614,0.001682281494140625,0.023062093183398247,165,165
420,0,0.03926826314315857,0.10508758194669898,0.011043399879404175,0.00137990340590477,0.02711252821609378,272,272
420,1,0.026593500347457045,0.07842162620538244,0.006149951456696725,0.0020218398422002792,0.02352675748988986,272,272
420,2,0.03256472243297407,0.09194366003299173,0.008453636620262361,0.0017195995897054672,0.02649738546460867,272,272
421,0,0.028727327242355657,0.08583809030779146,0.007368177747688562,0.001318085938692093,0.023745299316942692,270,270
421,1,0.028669813278786562,0.07976939812042423,0.0063631568764947405,0.0017778761684894562,0.02440025983378291,270,270
421,2,0.02031741060523523,0.06214019898370522,0.0038614043297344794,0.0006800442934036255,0.020688080228865147,270,270
422,0,0.03265346031015118,0.09392933001264571,0.008822719036624505,0.00031632184982299805,0.026220340747386217,120,120
422,1,0.03806693801501145,0.10355189544158917,0.010722995049545816,0.0021418947726488113,0.02704822225496173,120,120
422,2,0.01830088972734908,0.04060914009875447,0.0016491022595602682,0.0010786503553390503,0.02552028512582183,120,120
423,0,0.031310015615630654,0.08611502836314082,0.007415798109984548,0.0017211362719535828,0.02534754015505314,329,329
423,1,0.030020953151807868,0.08158357897044811,0.006655880357627345,0.001998990774154663,0.026507463306188583,329,329
423,2,0.02066255123340341,0.06801749384439741,0.004626379468872639,0.0010656565427780151,0.02469291351735592,329,329
424,0,0.0196971123223193,0.06880753085846854,0.0047344763028391,0.0010691583156585693,0.023385819513350725,400,400
424,1,0.024256099490448834,0.07135981134037096,0.005092222674533336,0.001522306352853775,0.023437404073774815,400,400
424,2,0.02688844967400655,0.0667437126214631,0.004454723174496452,0.0013389959931373596,0.02553392155095935,400,400
425,0,0.038370616839064245,0.12124803528065049,0.014701086059417865,0.0009525865316390991,0.024971328675746918,133,133
425,1,0.029256561680003665,0.0879974288640494,0.007743547486683436,0.0008567571640014648,0.026122502982616425,133,133
425,2,0.02567766119789024,0.048104977905155166,0.0023140888992554667,0.0025831758975982666,0.02852417714893818,133,133
426,0,0.03402493162005133,0.09386618478714732,0.008810860646494887,0.0025589540600776672,0.02619813708588481,370,370
426,1,0.030424709105864166,0.0896675831408891,0.00804027546632826,0.0020522531121969223,0.024140942841768265,370,370
426,2,0.026568317982191975,0.06996813417092325,0.0048955397993603175,0.0018731653690338135,0.025692760478705168,370,370
427,0,0.025760962559727457,0.06713221030058875,0.004506733659842473,0.0017073601484298706,0.026456069201231003,253,253
427,1,0.026809881518598602,0.08071769532801437,0.006515346339066154,0.002463042736053467,0.02665548585355282,253,253
427,2,0.022809087523358612,0.05621459201280838,0.0031600803551664995,0.0011387765407562256,0.025258949026465416,253,253
428,0,0.031859484655599214,0.08832945179881281,0.007802092055078797,0.001538693904876709,0.026004983112215996,193,193
428,1,0.01585439019329807,0.026477570516563995,0.000701061740459619,0.0011752545833587646,0.023254571482539177,193,193
428,2,0.0339116694893051,0.08415387415588235,0.007081874535444084,0.003173690289258957,0.027655702084302902,193,193
429,0,0.027506774259646507,0.08357683789693755,0.0069850878328509775,0.0015238616615533829,0.025141319260001183,88,88
429,1,0.02590476049491289,0.06059302444780179,0.003671514611731906,0.0009625554084777832,0.02719626436010003,88,88
429,2,0.01562568579207767,0.023710218547163788,0.0005621744635542698,0.0012827292084693909,0.024511327501386404,88,88
430,0,0.019908151566050948,0.034683920401959105,0.0012029743344494353,0.002212660387158394,0.02415599301457405,160,160
430,1,0.02900833106250502,0.07447152641199054,0.005546008246131803,0.0010527633130550385,0.024174358695745468,160,160
430,2,0.0249074776947964,0.05531800143980728,0.00306008128329452,0.0027553196996450424,0.025412959046661854,160,160
431,0,0.02080687998291553,0.05818071044555642,0.003384995067949678,0.001247592270374298,0.022903294302523136,291,291
431,1,0.036433519897950475,0.10838991660000717,0.01174837402055651,0.0012580081820487976,0.025624383240938187,291,291
431,2,0.0224361349028436,0.06821361206525037,0.004653096870988471,0.0013239085674285889,0.023474527522921562,291,291
432,0,0.026633627363480628,0.06501872485377953,0.0042274345816114885,0.001430358737707138,0.02594131976366043,344,344
432,1,0.03031051449943334,0.08721542067842877,0.007606529604115302,0.0015565082430839539,0.025344323832541704,344,344
432,2,0.030711230959981507,0.07793581728898097,0.006073991616501425,0.002123376354575157,0.024509436916559935,344,344
433,0,0.014833077728118173,0.014626116299578733,0.0002139232780088027,0.0018795132637023926,0.02584148943424225,201,201
433,1,0.036835169799588806,0.10064256401861418,0.010128925692240854,0.0005862116813659668,0.027642523869872093,201,201
433,2,0.03337427949653336,0.08772754442803912,0.007696122051373579,0.0018633753061294556,0.025308918207883835,201,201
434,0,0.025499442509215348,0.046221352176976156,0.0021364133970680588,0.003297381103038788,0.02768811024725437,157,157
434,1,0.026627560608848265,0.07487947671563028,0.005606936033206617,0.0010109543800354004,0.023564357310533524,157,157
434,2,0.025160709194316986,0.07166381603064895,0.0051357025280746975,0.0015599876642227173,0.026755431666970253,157,157
435,0,0.025142432618539157,0.07837505701011913,0.006142649561339423,0.00031757354736328125,0.024831624701619148,161,161
435,1,0.024602406062417148,0.06553093624584293,0.00429430360525673,0.0,0.026516420766711235,161,161
435,2,0.014763307017245278,0.06411246813707258,0.0041104085706271465,0.0,0.019619693979620934,161,161
436,0,0.022234784803636696,0.04555664572059689,0.002075407969311979,0.0013881251215934753,0.026829795446246862,230,230
436,1,0.028114173281937837,0.08510811463792793,0.007243391177222684,0.0012661516666412354,0.02520299982279539,230,230
436,2,0.02719221563766832,0.08533006436765682,0.007281219884988457,0.0014799684286117554,0.02593196788802743,230,230
437,0,0.030430779622263832,0.07810847393786254,0.00610093370090175,0.0018470436334609985,0.027136831544339657,219,219
437,1,0.021239354092304565,0.05480319897186716,0.0030033906175500617,0.0012442618608474731,0.022385356947779655,219,219
437,2,0.03571388638922817,0.08804347973252248,0.007751654323411096,0.0036384370177984238,0.023592070676386356,219,219
438,0,0.030650660901525874,0.0899436397580165,0.008089858332919846,0.0013086497783660889,0.024840449914336205,405,405
438,1,0.020460195605999525,0.06540475852809653,0.004277782438118616,0.0012837052345275879,0.02331751212477684,405,405
438,2,0.025393436654804296,0.07605421778718235,0.0057842440432201644,0.0016004592180252075,0.02670758031308651,405,405
439,0,0.03127399102474252,0.09375472249141409,0.008789947989442068,0.000993490219116211,0.024058453738689423,258,258
439,1,0.027451318504592013,0.07760623105675146,0.006022727098833895,0.001556210219860077,0.026752273086458445,258,258
439,2,0.0361920106657889,0.08804136888594931,0.007751282635311804,0.0035451678559184074,0.026082968804985285,258,258
440,0,0.02570218670033139,0.0758769510981643,0.005757311707953215,0.0010030195116996765,0.02452515484765172,338,338
440,1,0.021440112065060957,0.06642905730866867,0.004412819654918386,0.0013861432671546936,0.02365079615265131,338,338
440,2,0.027030752725160773,0.07281723437467932,0.00530234962197698,0.002033994533121586,0.027304109651595354,338,338
441,0,0.03132592626486731,0.08432357647024569,0.007110465548733372,0.0018109381198883057,0.026611290872097015,359,359
441,1,0.03290627308158738,0.08108689463075268,0.006575084480858787,0.0024769408628344536,0.024579261429607868,359,359
441,2,0.02940248949115987,0.07346670391220143,0.005397356583723073,0.00280177965760231,0.027435428462922573,359,359
442,0,0.02649360818263048,0.07726296078849584,0.005969565109804646,0.0010814741253852844,0.02375123556703329,195,195
442,1,0.02753891733307869,0.07863164421731549,0.0061829354723184834,0.0014257878065109253,0.0255214162170887,195,195
442,2,0.02012898892355271,0.038422244305295526,0.0014762688574558147,0.0011963695287704468,0.026600193232297897,195,195
443,0,0.033401122333057094,0.08919915341867801,0.007956488970608858,0.0019468963146209717,0.026229731738567352,285,285
443,1,0.03443301167796578,0.08884511424372762,0.007893454324981012,0.0021116286516189575,0.027057554572820663,285,285
443,2,0.027405039240655148,0.0780604125632183,0.006093428009539849,0.001417495310306549,0.024934042245149612,285,285
444,0,0.022520662941150228,0.07083417827515885,0.005017480811916986,0.0013644471764564514,0.022862759418785572,267,267
444,1,0.0417344117927808,0.10350436125656405,0.010713152799129318,0.0017581582069396973,0.025483818724751472,267,267
444,2,0.021451439279435058,0.057691982551282744,0.0033283648506975123,0.001346588134765625,0.022007141262292862,267,267
445,0,0.020134902720750993,0.049013733220078695,0.002402346044169046,0.0012390315532684326,0.025473563000559807,369,369
445,1,0.026223306536553352,0.0675125893677363,0.00455794972313658,0.0011328011751174927,0.023283299058675766,369,369
445,2,0.02130493311953496,0.051683051890559835,0.0026711378527223004,0.0012437403202056885,0.02681889757514,369,369
446,0,0.04376114219536676,0.1191992508315517,0.014208461398803177,0.0020561404526233673,0.024212933145463467,170,170
446,1,0.028922214923316942,0.07763469227914106,0.006027145445276925,0.0011219047009944916,0.028204516973346472,170,170
446,2,0.018074891801156543,0.037701690119155036,0.0014214174378407926,0.0010124202817678452,0.02499989839270711,170,170
447,0,0.02503869468205838,0.06619408199446578,0.004381656491090058,0.0009468421339988708,0.02572894934564829,199,199
447,1,0.019797736100253448,0.039219125303739596,0.0015381397895904275,0.0014314427971839905,0.026086914353072643,199,199
447,2,0.022818252074546252,0.06687656289965636,0.004472474665271693,0.0010414719581604004,0.025728322565555573,199,199
448,0,0.04354924814181466,0.11518080356976985,0.013266617510977907,0.0017826687544584274,0.028034003917127848,232,232
448,1,0.024013303192171813,0.06867125897419663,0.00471574180910118,0.0012051835656166077,0.022761486005038023,232,232
448,2,0.016212872117115504,0.05398657688206823,0.002914550483443464,0.0010983385145664215,0.01897729793563485,232,232
449,0,0.02671665217839341,0.08837340580661739,0.007809858853861076,0.00279061496257782,0.023273220285773277,233,233
449,1,0.030423308830596348,0.0870124090530856,0.007571159329221493,0.001301988959312439,0.02478817105293274,233,233
449,2,0.027068810289637726,0.08459978287146148,0.007157123261898427,0.001533210277557373,0.025657258927822113,233,233
450,0,0.028552247186234055,0.07100457063824202,0.0050416490515211,0.003779713064432144,0.026759235188364983,371,371
450,1,0.034272928169936025,0.08969536564832155,0.008045258618786102,0.0019218772649765015,0.0251974668353796,371,371
450,2,0.034705249080559955,0.09114337745099027,0.008307115253173682,0.0023771822452545166,0.025509584695100784,371,371
451,0,0.03189937064822191,0.07274967898352014,0.005292515792205231,0.002810399979352951,0.02775043062865734,482,482
451,1,0.03096858360244278,0.08752764744036655,0.007661089066445106,0.001446608453989029,0.024962914176285267,482,482
451,2,0.030372815403731778,0.08220604905481331,0.006757834501202371,0.0015439167618751526,0.024889313615858555,482,482
452,0,0.03362169160582397,0.09227952607190838,0.00851551093205602,0.0014875680208206177,0.024156630504876375,274,274
452,1,0.02196935082303129,0.06797221285458344,0.004620221720348797,0.0008662119507789612,0.024634114932268858,274,274
452,2,0.032763212113675194,0.08732178955368142,0.007625094930857424,0.0019426420331001282,0.027179751079529524,274,274
453,0,0.03288279015528546,0.08418794331278755,0.007087609799237129,0.0024409331381320953,0.026476743631064892,440,440
453,1,0.029390922277657824,0.09118250009519414,0.008314248323610081,0.0013944152742624283,0.025696592405438423,440,440
453,2,0.025586275485428897,0.06558880918016594,0.00430189188967222,0.00232824869453907,0.025804394856095314,440,440
454,0,0.019081116048143987,0.0734721270772739,0.005398153457259083,0.0008195266127586365,0.018168089911341667,392,392
454,1,0.029237284850120088,0.09306503173308785,0.008661100131480649,0.001230631023645401,0.023899931460618973,392,392
454,2,0.02832492340204059,0.07996788245911779,0.006394862224995278,0.0014034733176231384,0.025417689234018326,392,392
455,0,0.022923592626810454,0.06630254382269105,0.004396027317359866,0.0016041696071624756,0.024642014876008034,313,313
455,1,0.0286426926001954,0.07407935062883711,0.0054877501895901895,0.0025585517287254333,0.026513682678341866,313,313
455,2,0.038147405794146244,0.10148778384849393,0.010299770270478625,0.0026080571115016937,0.026227647438645363,313,313
456,0,0.03234018392890811,0.07468584848853166,0.005577975964451906,0.002344757318496704,0.028297003358602524,249,249
456,1,0.026659456278051597,0.07317674652931674,0.00535483623261587,0.0020747333765029907,0.02335221879184246,249,249
456,2,0.028649479494875216,0.0655789331072609,0.004300596467486599,0.0021939948201179504,0.025484122335910797,249,249
457,0,0.020894175374495057,0.07009244909467383,0.004912951420089442,0.0009447000920772552,0.022398215252906084,290,290
457,1,0.022958648837460526,0.06062382215556347,0.003675247812749388,0.0013332031667232513,0.023565332870930433,290,290
457,2,0.022317399368781982,0.0753319988227967,0.005674910046637845,0.0013846643269062042,0.02355120750144124,290,290
458,0,0.022292075394652784,0.057806993529994986,0.003341648500976882,0.0010412335395812988,0.022223132196813822,200,200
458,1,0.0276488945633173,0.08278617087362952,0.006853550087917785,0.0010788552463054657,0.024939273949712515,200,200
458,2,0.023936833445914088,0.07007408139893906,0.004910376883905137,0.00119815394282341,0.02321483613923192,200,200
459,0,0.0399850086246129,0.10590495644312208,0.011215859799219583,0.002155069261789322,0.025366807356476784,311,311
459,1,0.02823792117980228,0.07621153703030863,0.005808198376522103,0.002024628221988678,0.02581102028489113,311,311
459,2,0.02593999339561083,0.06987364005837682,0.004882325575007602,0.0013866052031517029,0.025056716986000538,311,311
460,0,0.0337317329631376,0.0930607981462694,0.008660312151620699,0.0012231767177581787,0.025675591081380844,419,419
460,1,0.03111683102969196,0.08486664636998012,0.0072023476660872604,0.0024579353630542755,0.024713538587093353,419,419
460,2,0.02644530694202691,0.06513269674042885,0.0042422681846806705,0.0020200908184051514,0.025608783587813377,419,419
461,0,0.03161713830729733,0.08928271502745322,0.007971403202673422,0.002257486805319786,0.027205970138311386,305,305
461,1,0.023759649083262585,0.062317106137223945,0.003883421717318034,0.0010464340448379517,0.02421504445374012,305,305
461,2,0.022363337123247444,0.07283510569193424,0.005304952621155231,0.001609206199645996,0.022938905283808708,305,305
462,0,0.022167117993299516,0.055682096661526695,0.003100495888623602,0.0009784996509552002,0.02443254552781582,331,331
462,1,0.022561838833497008,0.062224697899218896,0.003871913028649057,0.0012553930282592773,0.024971106089651585,331,331
462,2,0.025862549807246088,0.07405265210030769,0.005483795283089205,0.0013181418180465698,0.024852341040968895,331,331
463,0,0.028810690494847822,0.06853227984567653,0.004696673380846122,0.004399403929710388,0.02942252904176712,91,91
463,1,0.036746405464197905,0.0951442254395692,0.009052423634495568,0.0,0.02882018405944109,91,91
463,2,0.0211740938107391,0.06600090439890514,0.0043561193814734165,0.0,0.027792714536190033,91,91
464,0,0.021257803940468212,0.053667477561951005,0.002880198147862515,0.0010955706238746643,0.022538091987371445,220,220
464,1,0.026132070942019876,0.08513099808591629,0.007247286835104282,0.0007694214582443237,0.02367925364524126,220,220
464,2,0.032683301467279144,0.09708434763798714,0.00942537055629354,0.0014874674379825592,0.025172655936330557,220,220
465,0,0.030402917141775385,0.07785088135331138,0.006060759727487364,0.0008256062865257263,0.02544446475803852,208,208
465,1,0.04066771385259926,0.10962787211641982,0.0120182703447741,0.0012741126120090485,0.025686911307275295,208,208
465,2,0.02782664566229169,0.09221521509351688,0.008503645894743582,0.0018789488822221756,0.02374988654628396,208,208
466,0,0.02784255455178074,0.08451187774761669,0.00714225748042811,0.0008026957511901855,0.025104613974690437,173,173
466,1,0.028965775897952517,0.08132844250678122,0.0066143155605788186,0.0013483762741088867,0.02487972378730774,173,173
466,2,0.022745656479429992,0.047259145540267784,0.0022334268371962123,0.0024066567420959473,0.025541257113218307,173,173
467,0,0.030567034209525445,0.09672778637217495,0.009356264656461114,0.0010841041803359985,0.02351338742300868,256,256
467,1,0.022857219857542077,0.06457432800272933,0.004169843837004073,0.0011288821697235107,0.02525256108492613,256,256
467,2,0.021306671975253266,0.05408523967392713,0.002925213150586141,0.0009661465883255005,0.024208772461861372,256,256
468,0,0.027055279726680283,0.06880169373329204,0.004733673060569717,0.001247793436050415,0.026729103177785873,313,313
468,1,0.02283075429832402,0.05931061272930247,0.0035177487823252964,0.0018310323357582092,0.02411028742790222,313,313
468,2,0.027050427583674083,0.07098655627663053,0.0050390911720152335,0.001337498426437378,0.025385547429323196,313,313
469,0,0.024182281378184407,0.07020930092688385,0.004929345936641734,0.001647980883717537,0.02460165088996291,284,284
469,1,0.027378847717609203,0.08337933813240864,0.006952114027398533,0.0013709589838981628,0.02434337930753827,284,284
469,2,0.038306626100191504,0.11806582279930639,0.013939538513277215,0.0023241396993398666,0.026409929618239403,284,284
470,0,0.03331758110400508,0.10054643073602891,0.01010958473375506,0.0010327138006687164,0.025085859466344118,170,170
470,1,0.029747352962765622,0.09394480410668857,0.00882562621864409,0.0,0.025892955716699362,170,170
470,2,0.027238599441069013,0.07280970097223691,0.0053012525556665555,0.0009856969118118286,0.026145974174141884,170,170
471,0,0.026868880043601554,0.08213438793662886,0.0067460576817246435,0.001272149384021759,0.023701453115791082,178,178
471,1,0.02134640658734722,0.06107303727679757,0.0037299158822131054,0.0009446367621421814,0.02462083613499999,178,178
471,2,0.020728396628512426,0.06711270416617887,0.0045041150604970435,0.0013387352228164673,0.022786143235862255,178,178
472,0,0.02083571102241231,0.06838967681767799,0.004677147895226443,0.0008963048458099365,0.02316718827933073,179,179
472,1,0.02390432614812305,0.06570807511574812,0.004317551135416799,0.0007634609937667847,0.02481404971331358,179,179
472,2,0.034234342537300046,0.07495657781481328,0.005618488557708159,0.001977914944291115,0.028704031370580196,179,179
473,0,0.03270608509689221,0.08268668824009585,0.0068370884121148065,0.0013976916670799255,0.027285694144666195,171,171
473,1,0.01757844023362935,0.05052357617086698,0.002552631749093398,0.0014255046844482422,0.022886354476213455,171,171
473,2,0.032518784586361975,0.08766769522029683,0.007685624785238855,0.00087786465883255,0.026535463519394398,171,171
474,0,0.02504748274867613,0.062081228837757546,0.0038540789740060194,0.0018705837428569794,0.025969822891056538,372,372
474,1,0.030116637355037112,0.08532981426008897,0.007281177201661282,0.0013307370245456696,0.025650335010141134,372,372
474,2,0.022686291365854202,0.0679927104796095,0.004623008678363999,0.0010150820016860962,0.02456590672954917,372,372
475,0,0.03219833079398283,0.08272841267376209,0.00684399026352028,0.0027305837720632553,0.026589832734316587,370,370
475,1,0.024733936137242896,0.079529815018521,0.006324991476880167,0.001213718205690384,0.023921921383589506,370,370
475,2,0.029409491523747913,0.08750225074964725,0.007656643886254143,0.001282544806599617,0.025795452296733856,370,370
476,0,0.03433040645904839,0.10885208354545599,0.011848776092186932,0.0,0.026240292005240917,196,196
476,1,0.02790784289376164,0.06473042678923897,0.004190028152317026,0.0015550311654806137,0.02665739879012108,196,196
476,2,0.02266244388337494,0.054918011112617064,0.003015987944565531,0.0,0.027679001912474632,196,196
477,0,0.02220054041750938,0.05131886614349571,0.0026336260222540302,0.0015275217592716217,0.026324959006160498,214,214
477,1,0.023129500448703766,0.04880988078464246,0.0023824044622110093,0.00046265125274658203,0.026131990365684032,214,214
477,2,0.01730754561983397,0.03304066147728302,0.001091685310856414,0.001073010265827179,0.024697945918887854,214,214
478,0,0.027820046668528844,0.06579651586123489,0.004329181499477735,0.0014365129172801971,0.025167828425765038,179,179
478,1,0.02614448591546473,0.09125285280824405,0.008327083145643054,0.0009275823831558228,0.021842919290065765,179,179
478,2,0.027298253560282666,0.07468376935213235,0.005577665404642503,0.0011922866106033325,0.026311341673135757,179,179
479,0,0.02203593246350196,0.05018756269642084,0.0025187914494071728,0.0010830014944076538,0.025867637246847153,284,284
479,1,0.02131956654049876,0.05957491117309438,0.0035491700412820853,0.001040339469909668,0.023017975501716137,284,284
479,2,0.025534651678344105,0.08097890383829495,0.0065575828668518205,0.001192241907119751,0.022227018140256405,284,284
480,0,0.017365364220581558,0.027917699485474463,0.0007793979445612612,0.0015687085688114166,0.023535015992820263,190,190
480,1,0.03690229585198195,0.10233029180748915,0.010471488621405881,0.002660071477293968,0.024888808373361826,190,190
480,2,0.02381217172369361,0.06310637814087103,0.003982414962058605,0.001787666231393814,0.025057734921574593,190,190
481,0,0.02774909839210828,0.08374100831200455,0.0070125564731112165,0.0016820132732391357,0.022004809696227312,274,274
481,1,0.032421860072326704,0.09064860806064037,0.008217170143331594,0.002462366595864296,0.025203291792422533,274,274
481,2,0.02454664701779448,0.06850372472102895,0.004692760300654513,0.001377895474433899,0.023221400566399097,274,274
482,0,0.02099314015594963,0.0635134778115663,0.004033961863720324,0.0018581151962280273,0.024758432060480118,473,473
482,1,0.02530893596208184,0.072970386098386,0.005324677247347526,0.0016460120677947998,0.025240227580070496,473,473
482,2,0.03133059956574415,0.07526362002591067,0.00566461249940466,0.0014781653881072998,0.026889218017458916,473,473
483,0,0.02718976622098963,0.07356881388195056,0.005412370375997081,0.0013093724846839905,0.026206795126199722,556,556
483,1,0.03210720990821317,0.08217645357233361,0.0067529695217259005,0.0016779564321041107,0.027134533040225506,556,556
483,2,0.03082095928449961,0.08220539375221146,0.006757726761956127,0.0015195980668067932,0.026497076731175184,556,556
484,0,0.024073419828062593,0.06893972420623475,0.0047526855736317085,0.0012797638773918152,0.022626865189522505,236,236
484,1,0.02677617067771064,0.07243190745521988,0.005246381217601536,0.001397833228111267,0.02453351952135563,236,236
484,2,0.029268464925935714,0.06966145737950757,0.004852718644236951,0.0027967821806669235,0.026482859160751104,236,236
485,0,0.024329762653098008,0.05749618731458863,0.0033058115557142624,0.001455545425415039,0.023997444659471512,269,269
485,1,0.03188861390492675,0.09106954633814286,0.008293662270235149,0.0016103386878967285,0.024170011281967163,269,269
485,2,0.03570189827976949,0.07882236162019533,0.006212964691384842,0.0033500269055366516,0.026918472722172737,269,269
486,0,0.030596998419170664,0.08396690648015262,0.007050441383846696,0.0009112060070037842,0.024332143366336823,295,295
486,1,0.025327423764234882,0.07414735867331719,0.005497830798229545,0.003036852926015854,0.027202092111110687,295,295
486,2,0.019458794694835857,0.06407488417277515,0.004105590781754553,0.0013559311628341675,0.022364944219589233,295,295
487,0,0.019683947912462273,0.0630166263592856,0.003971095197705808,0.001047082245349884,0.022258136421442032,311,311
487,1,0.021394092585124865,0.061109843112501894,0.003734412925234595,0.001339048147201538,0.024070183746516705,311,311
487,2,0.03249841342138132,0.0917108892148232,0.008410887200573576,0.001357749104499817,0.024237558245658875,311,311
488,0,0.03103041715106704,0.087293072824586,0.007620080563158473,0.0014572648797184229,0.02416475024074316,142,142
488,1,0.024218827387659063,0.07447942359771377,0.005547184539447684,0.002198701724410057,0.02614086400717497,142,142
488,2,0.02586289580491647,0.0673838305930188,0.0045405806253886564,0.0015116557478904724,0.025905863847583532,142,142
489,0,0.03012457405156184,0.07435762956308607,0.005529057074241131,0.0018284991383552551,0.026527710258960724,291,291
489,1,0.02502708397229615,0.06886202780428123,0.004741978873317602,0.001105763018131256,0.02459266409277916,291,291
489,2,0.036662264267795584,0.099409269653895,0.00988220289312081,0.0016085896641016006,0.023912547156214714,291,291
490,0,0.019554433309369616,0.05463514806748407,0.002984999404355908,0.0011465400457382202,0.02198181487619877,153,153
490,1,0.029044566633411092,0.08649203026810985,0.0074808712998996295,0.001003652811050415,0.02535482868552208,153,153
490,2,0.02324052797204334,0.041191561927820426,0.0016967447740534652,0.0022162944078445435,0.027226272970438004,153,153
491,0,0.020331028898191803,0.053769132318537666,0.0028911195902884116,0.0015341639518737793,0.02447989024221897,340,340
491,1,0.021758609766359713,0.05814903521374905,0.0033813102962898267,0.0009362772107124329,0.022867634892463684,340,340
491,2,0.02917400174911189,0.0799250254567198,0.006388009694257307,0.0010152868926525116,0.024776976089924574,340,340
492,0,0.026236648791366154,0.07430689345335854,0.005521514414688779,0.001086205244064331,0.02501682937145233,225,225
492,1,0.025460074105196528,0.06641191309756204,0.004410542201278134,0.0011614412069320679,0.022887425497174263,225,225
492,2,0.028409780665404265,0.06867688960694349,0.004716515166084302,0.002208627760410309,0.02468290366232395,225,225
493,0,0.02831578321825221,0.07768923358394118,0.006035617014860174,0.001640617847442627,0.023946672677993774,265,265
493,1,0.027098535994102932,0.07933707212754154,0.006294371013770729,0.0013728141784667969,0.026734484359622,265,265
493,2,0.03488862477594389,0.09323165151607211,0.008692140844414312,0.002065300941467285,0.024242641404271126,265,265
494,0,0.023695733584463596,0.04675775742548944,0.002186287879460913,0.001843869686126709,0.028406699188053608,95,95
494,1,0.03757065521847261,0.13268486131187435,0.01760527242135133,0.0011668503284454346,0.027410032227635384,95,95
494,2,0.024476645994735393,0.06485771393987781,0.004206523057507021,0.0007919818162918091,0.026201209984719753,95,95
495,0,0.02500198544016336,0.05954688645910528,0.0035458316869735763,0.003322640433907509,0.024342781864106655,351,351
495,1,0.0210131134285971,0.05747653584188156,0.0033035521723830956,0.0010449141263961792,0.02437283843755722,351,351
495,2,0.02597961015070648,0.06066631022008962,0.0036804011957201504,0.003596952185034752,0.026444208808243275,351,351
496,0,0.02818168747718587,0.07393839807194127,0.00546688670944485,0.0017929300665855408,0.026277936063706875,231,231
496,1,0.025787620446382664,0.07533430394797286,0.0056752573513255584,0.0012691766023635864,0.02239075116813183,231,231
496,2,0.027564213236237502,0.0606116176717073,0.0036737681967812207,0.001618117094039917,0.024731673300266266,231,231
497,0,0.02565668472770329,0.07621596244706756,0.005808872931732812,0.0008680485188961029,0.023448622319847345,328,328
497,1,0.02294260973718426,0.06659036429278052,0.004434276616645218,0.0010290630161762238,0.023615911602973938,328,328
497,2,0.026469102739810763,0.07021982683855953,0.004930824081237285,0.0018385723233222961,0.02725617215037346,328,328
498,0,0.02555694995706022,0.0747454440487905,0.00558688140605087,0.001092471182346344,0.02460020501166582,231,231
498,1,0.030156452426469173,0.09152353568880739,0.0083765575849804,0.0019438788294792175,0.025360411033034325,231,231
498,2,0.02785576931583933,0.07822455023833404,0.006119080259989645,0.001426979899406433,0.02674207277595997,231,231
499,0,0.0273063999765753,0.08733005279087655,0.007626538120457285,0.0012833401560783386,0.026127194054424763,395,395
499,1,0.02594393222486671,0.07344124247559604,0.0053936160963592925,0.0011469870805740356,0.024923691526055336,395,395
499,2,0.02504103905226611,0.06648610222241748,0.0044204017887297465,0.00117453932762146,0.0235258424654603,395,395
500,0,0.03228202993285995,0.07869203901109813,0.0061924370037241905,0.003754718229174614,0.027297076303511858,316,316
500,1,0.03133041620596395,0.08932670339272651,0.007979259939012138,0.0011645667254924774,0.026156043633818626,316,316
500,2,0.023854340712504484,0.06640868731571566,0.0044101137509964935,0.0013877637684345245,0.024384274147450924,316,316
501,0,0.032345921619950486,0.09317996136804725,0.008682505200550777,0.001165386289358139,0.025148536544293165,240,240
501,1,0.027468488400336354,0.08114141039506544,0.006583928480900434,0.0008394196629524231,0.02503810077905655,240,240
501,2,0.048419635187989724,0.13022562401206753,0.01695871314933238,0.0011476501822471619,0.02598203858360648,240,240
502,0,0.03611783880763982,0.08726230179626689,0.007614709314782763,0.00240500271320343,0.030056499876081944,158,158
502,1,0.03232533406890646,0.07549446480904302,0.005699414216803835,0.0010334663093090057,0.027341796085238457,158,158
502,2,0.027077221152478757,0.0779673271556865,0.006078904103801849,0.0010611042380332947,0.025828544050455093,158,158
503,0,0.035104903417292256,0.0935368241463106,0.008749137471377831,0.0015916600823402405,0.025753740221261978,169,169
503,1,0.024058156649543513,0.07961011226725381,0.006337769975204756,0.0,0.02409590221941471,169,169
503,2,0.01717153247776469,0.023437762983103218,0.0005493287336521234,0.0003705024719238281,0.0260227732360363,169,169
504,0,0.03098095615966878,0.07465353180818066,0.00557314981143504,0.0007323101162910461,0.027196230832487345,218,218
504,1,0.027634462593721414,0.07094389197130145,0.0050330358080356895,0.0004876181483268738,0.024702690076082945,218,218
504,2,0.025707128278295927,0.08963293123357036,0.008034062361521953,0.0,0.02298955526202917,218,218
505,0,0.03266497430069229,0.0847891397238623,0.007189198215112644,0.002696804702281952,0.02666010009124875,416,416
505,1,0.03729289147528247,0.08831570538303726,0.007799663817303436,0.00287698395550251,0.028649640269577503,416,416
505,2,0.02740172704775782,0.0692753344493755,0.004799071963072833,0.0018721818923950195,0.02618549019098282,416,416
506,0,0.018995312286605094,0.059581366035085036,0.003549939178606785,0.0011412203311920166,0.021972037851810455,145,145
506,1,0.015091406354873344,0.012829678580157758,0.00016460065247015878,0.001679062843322754,0.025461003184318542,145,145
506,2,0.03076794014537129,0.059996586188802783,0.003599590354310441,0.001928970217704773,0.028656233102083206,145,145
507,0,0.022475037860266608,0.058284184691799766,0.003397046185187826,0.0021714046597480774,0.025957393925637007,232,232
507,1,0.03155123278225676,0.08674583034930969,0.007524839082991218,0.0018107853829860687,0.02413337305188179,232,232
507,2,0.031199857116885613,0.0740723382281885,0.005486711290591155,0.002077546902000904,0.026497861370444298,232,232
508,0,0.025672999359163885,0.07547769399816714,0.005696882291280956,0.0011822804808616638,0.026038924232125282,185,185
508,1,0.02946024675526329,0.08881729347553811,0.007888511620319866,0.001713588833808899,0.024041853845119476,185,185
508,2,0.03161680983329142,0.07338488983385874,0.005385342055927584,0.001438423991203308,0.02814856544137001,185,185
509,0,0.020250564263690086,0.04903132058946255,0.0024040703987466545,0.0021380968391895294,0.023313975892961025,147,147
509,1,0.018379507263248065,0.04173491717733647,0.0017418033117991348,0.0008604824542999268,0.024270035326480865,147,147
509,2,0.021954078832324468,0.06765653136402738,0.0045774062362116215,0.0012658089399337769,0.021961092017591,147,147
510,0,0.027224997850829987,0.06584803742763569,0.00433596403307131,0.0011717267334461212,0.025974899996072054,134,134
510,1,0.02614360103911873,0.05588036317107169,0.003122614988130865,0.0019499752670526505,0.026778364554047585,134,134
510,2,0.05338408601984604,0.12991482004748767,0.016877860467971104,0.0024613961577415466,0.026876297779381275,134,134
511,0,0.029946239290241237,0.07943571472946094,0.0063100327745802985,0.0020827949047088623,0.024247951805591583,313,313
511,1,0.025356997060366333,0.07129757048513087,0.005083343557082205,0.001480191946029663,0.024303436279296875,313,313
511,2,0.022044548349746597,0.05540383523680768,0.0030695849589473323,0.0021866261959075928,0.024622896686196327,313,313
512,0,0.032126701473787746,0.08634477691784183,0.007455420500991872,0.0018997322767972946,0.024575079325586557,278,278
512,1,0.025459108653096415,0.05818228084974406,0.0033851778048784946,0.0013216063380241394,0.025317544117569923,278,278
512,2,0.020476191421876924,0.0638143904372092,0.004072276426872577,0.0012387260794639587,0.024706467520445585,278,278
513,0,0.017380512136136003,0.03337542817535918,0.0011139192058885593,0.0017392337322235107,0.02445046417415142,193,193
513,1,0.029753673083385345,0.07469384101481147,0.005579169885545931,0.002352207899093628,0.025655904784798622,193,193
513,2,0.030664504414009308,0.08631349244411061,0.007450018977899541,0.0012968480587005615,0.024215437471866608,193,193
514,0,0.022738918733472627,0.05707733773163234,0.0032578224825308205,0.0015039853751659393,0.025595701299607754,300,300
514,1,0.025053455932065843,0.04833986238860145,0.002336742295748925,0.003990008495748043,0.024541568011045456,300,300
514,2,0.030262176276495058,0.07584167304379939,0.005751959370082568,0.0013043582439422607,0.024770759511739016,300,300
515,0,0.019338646093788353,0.034790216458336305,0.0012103591612178945,0.0019486546516418457,0.026888589840382338,230,230
515,1,0.03277528416365385,0.09742648051311388,0.009491919105172159,0.0014511160552501678,0.022994516417384148,230,230
515,2,0.03313490817444804,0.084401967047002,0.007123692041403211,0.0024616997689008713,0.026534740813076496,230,230
516,0,0.02866576436770566,0.07427623204897685,0.005516958647393455,0.0014128424227237701,0.026963772252202034,232,232
516,1,0.02443938603994019,0.0617021705586813,0.0038071578516525977,0.0010569170117378235,0.026716663502156734,232,232
516,2,0.02605571076755637,0.0680492836431304,0.004630705004343215,0.0012819208204746246,0.024848903995007277,232,232
517,0,0.02619548122782041,0.07680467744849984,0.005898958477968099,0.0014951787889003754,0.023843165952712297,136,136
517,1,0.02335281007210998,0.06006666679975183,0.003608004460432409,0.0011811032891273499,0.02373904548585415,136,136
517,2,0.024998815326184472,0.0701792805661664,0.004925131420784701,0.002299787476658821,0.024775997269898653,136,136
518,0,0.03954946201567243,0.10317326475373538,0.010644722559944376,0.0011135339736938477,0.02766335941851139,205,205
518,1,0.02937899962431047,0.07148025809326969,0.005109427297080446,0.0015758424997329712,0.027451079338788986,205,205
518,2,0.03928553135384147,0.09188918294861134,0.008443621942963365,0.0032492727041244507,0.02878064289689064,205,205
519,0,0.018721953505069337,0.039066524250766316,0.001526193317035713,0.0017739664763212204,0.023566379211843014,186,186
519,1,0.0197754017558069,0.0576196495562622,0.003320024014986467,0.0006082579493522644,0.02378845401108265,186,186
519,2,0.02023651133421608,0.04376263828337194,0.0019151685095212512,0.0013626441359519958,0.023868048563599586,186,186
520,0,0.036936907613700304,0.09333683239129534,0.008711764280840759,0.002408018335700035,0.027131452690809965,296,296
520,1,0.033027040668310144,0.087875332512435,0.007722074064171016,0.0019897446036338806,0.025387961883097887,296,296
520,2,0.020745020447852643,0.07082896008478048,0.005016741586691427,0.0010483935475349426,0.018576471135020256,296,296
521,0,0.0244432309145234,0.08185340872859918,0.0066999805204911176,0.0012158527970314026,0.022488840855658054,251,251
521,1,0.018118695893966818,0.061908644571020875,0.0038326802726209924,0.0012895166873931885,0.016762576065957546,251,251
521,2,0.043065943065066024,0.10763597596005485,0.011585503320873507,0.0017233006656169891,0.025929201394319534,251,251
522,0,0.021986003749684166,0.04384979624926517,0.0019228046311020697,0.0006546825170516968,0.02644981862977147,134,134
522,1,0.02298610251911207,0.0711483040026088,0.00506208116244764,0.0015719719231128693,0.022305486258119345,134,134
522,2,0.030492323075435056,0.06243039532409558,0.003897554260322856,0.003229395719245076,0.029984751250594854,134,134
523,0,0.03170912475729166,0.06896363388002122,0.00475598279793761,0.0036935750395059586,0.02738211490213871,219,219
523,1,0.03122904528884991,0.08004886524887454,0.006407820827632475,0.0010849535465240479,0.026305674575269222,219,219
523,2,0.025079791468130126,0.06399841725171468,0.0040957974107245715,0.0016018450260162354,0.025700263679027557,219,219
524,0,0.02683742328118237,0.07937058643792577,0.006299689991500246,0.0020603127777576447,0.02247783401980996,252,252
524,1,0.015449950781961283,0.043764011104473234,0.0019152886679524568,0.0012387707829475403,0.020126232877373695,252,252
524,2,0.029011633350617357,0.07938182110632122,0.006301473522155986,0.0012431545183062553,0.025759747251868248,252,252
525,0,0.03657347348434004,0.09479641791842289,0.008986360850164287,0.002169393002986908,0.026693692430853844,275,275
525,1,0.025564459772272542,0.07111796763715383,0.005057765320839259,0.0019866637885570526,0.02519320510327816,275,275
525,2,0.0257095282998952,0.07411640642216577,0.005493241700935656,0.0012692585587501526,0.024148386903107166,275,275
526,0,0.020009321607139013,0.03948161322304365,0.0015587977826940153,0.0025710780173540115,0.025274799671024084,146,146
526,1,0.027802522421801742,0.08529829065853604,0.007275798389268097,0.0015071742236614227,0.02562976535409689,146,146
526,2,0.042351239986003264,0.09576000695655548,0.009169978932319555,0.003955100197345018,0.025799026247113943,146,146
527,0,0.03148137337782166,0.08907600125867379,0.007934534000235256,0.0013573914766311646,0.022946812212467194,209,209
527,1,0.02932466296523667,0.06978887219224518,0.004870486681865532,0.0026778727769851685,0.026923801749944687,209,209
527,2,0.025272417702137284,0.06859428950540933,0.004705176552751908,0.0013709962368011475,0.023503711447119713,209,209
528,0,0.038851129159945805,0.10278874045217563,0.010565525163744727,0.0038159191608428955,0.027040457352995872,97,97
528,1,0.023142450892356867,0.07145276606610566,0.005105497778497622,0.0012521892786026,0.021549170836806297,97,97
528,2,0.0640918264434356,0.12948981805684864,0.016767612980395766,0.006246112287044525,0.031072011217474937,97,97
529,0,0.027831301859325985,0.06684618465488708,0.004468412402915261,0.0020317863672971725,0.025488807819783688,220,220
529,1,0.021938062653961508,0.069588511822509,0.004842560977671475,0.0016226805746555328,0.021613695193082094,220,220
529,2,0.032503798637877813,0.089577765852733,0.008024176135167059,0.0039618127048015594,0.023632096592336893,220,220
530,0,0.0288655664903338,0.08327580484055483,0.0069348596718421755,0.001759462058544159,0.025475215166807175,354,354
530,1,0.030812700121205742,0.09585755525908322,0.009188670900248195,0.0017684027552604675,0.024072956759482622,354,354
530,2,0.019716973545419125,0.04860033918605769,0.0023619929689998546,0.0012455172836780548,0.0256382473744452,354,354
531,0,0.025629992834084733,0.06590644394767171,0.004343659353827594,0.0037566572427749634,0.02250088006258011,157,157
531,1,0.024298089040312797,0.0566478554643325,0.003208979528707906,0.001203984022140503,0.024814628064632416,157,157
531,2,0.033234957679750245,0.0845763862307062,0.007153165107845589,0.0029255077242851257,0.023883843794465065,157,157
532,0,0.037603093662633084,0.09396118224539644,0.008828703768952605,0.004284154623746872,0.02887207269668579,265,265
532,1,0.027065315122171394,0.06439746322520398,0.004147033269841499,0.0037163682281970978,0.02422124706208706,265,265
532,2,0.031169237518015334,0.08465079104415467,0.007165756424401136,0.001408696174621582,0.025444192811846733,265,265
533,0,0.031832274295117306,0.08448863677923928,0.007138329744814225,0.0026107337325811386,0.02688517514616251,383,383
533,1,0.024544084758325126,0.06805638192427191,0.004631671120622365,0.0015144199132919312,0.025265920907258987,383,383
533,2,0.025092364118650907,0.06556618769200345,0.004298924968463024,0.0014652460813522339,0.023129647597670555,383,383
534,0,0.017297022715210914,0.049276424982615946,0.0024281660590673767,0.0006460398435592651,0.02471135836094618,175,175
534,1,0.023122362419962884,0.06789839816775255,0.004610192473746662,0.0013748854398727417,0.026084800250828266,175,175
534,2,0.029970626421272753,0.07627851379794688,0.005818411667223573,0.0007636696100234985,0.026870502158999443,175,175
535,0,0.019975166677175898,0.03892368349779049,0.0015150531370361677,0.001078180968761444,0.02544496115297079,226,226
535,1,0.032795955323968576,0.08309631776447347,0.00690499802601435,0.001669337972998619,0.027676886413246393,226,226
535,2,0.035437691272689704,0.09273305647410295,0.008599419763029166,0.0015070866793394089,0.02676021307706833,226,226
536,0,0.02523074222276103,0.08211915453349877,0.0067435555412966525,0.001189589500427246,0.023532068356871605,177,177
536,1,0.022403607071287888,0.06510687652824801,0.004238905371264531,0.0009467899799346924,0.024328483268618584,177,177
536,2,0.027508950434456773,0.061438798065655116,0.003774725907752347,0.001956045627593994,0.026075080037117004,177,177
537,0,0.020303236704100582,0.05530388850606138,0.003058520083890868,0.0012179799377918243,0.023313709069043398,306,306
537,1,0.027157430299649052,0.07378312399297601,0.005443949386162872,0.0015722475945949554,0.02523128129541874,306,306
537,2,0.02522468140494882,0.07314669791880182,0.005350439416424446,0.0012109242379665375,0.02363259671255946,306,306
538,0,0.023303608964171323,0.06656433053118584,0.004430810099064959,0.0012857690453529358,0.022395920008420944,179,179
538,1,0.02215734668409025,0.0653734522358095,0.004273688257227666,0.0009702742099761963,0.02449139766395092,179,179
538,2,0.016090233097446033,0.019078727111005354,0.00036399782817621073,0.00215844064950943,0.025407913140952587,179,179
539,0,0.01694517325482924,0.03674920174608875,0.0013505038289747323,0.0010709837079048157,0.023652273695915937,264,264
539,1,0.033354079647159036,0.09230400210930213,0.008520028805394052,0.0024735555052757263,0.024908650666475296,264,264
539,2,0.026803825499496958,0.08151022554911541,0.006643916869067667,0.00205422006547451,0.02374036330729723,264,264
540,0,0.02338111091527965,0.06996428971229775,0.004895001834946332,0.0004364773631095886,0.024280548095703125,182,182
540,1,0.030629772477998182,0.07196653614377199,0.005179182324532841,0.004239950329065323,0.027775458060204983,182,182
540,2,0.030405003142512436,0.0938324341277459,0.008804525694337775,0.0005101636052131653,0.026566758286207914,182,182
541,0,0.020736991177217112,0.061333536851291275,0.003761802742688705,0.0009017288684844971,0.025037184357643127,301,301
541,1,0.025379864913581615,0.06603029600772817,0.004359999990868202,0.0010054409503936768,0.02574044093489647,301,301
541,2,0.03105684288737188,0.08717325484842249,0.007599176360868016,0.0023333951830863953,0.026362169533967972,301,301
542,0,0.03338256814870341,0.09747867830371201,0.009502092723838574,0.0010780096054077148,0.026618527248501778,145,145
542,1,0.04331409261594045,0.11523884757684176,0.013279991990838567,0.001742437481880188,0.025210833176970482,145,145
542,2,0.025227065223815112,0.06995553729106438,0.004893777197681499,0.0009776949882507324,0.02359904907643795,145,145
543,0,0.02801320393632908,0.08767963270731217,0.007687717991689167,0.0008940473198890686,0.020831176545470953,236,236
543,1,0.021971250185742974,0.07086829458317005,0.0050223151771269705,0.0008742362260818481,0.020638094749301672,236,236
543,2,0.035999760564448216,0.09075902313125037,0.008237200279738838,0.0025315899401903152,0.025949907023459673,236,236
544,0,0.025528691444422266,0.06202156426461516,0.003846674433829788,0.001698814332485199,0.025895988568663597,271,271
544,1,0.02756237560484517,0.08322108072262183,0.006925748276641139,0.0007899105548858643,0.02403564192354679,271,271
544,2,0.021324483121013288,0.06218878188987655,0.003867444592946638,0.0010759979486465454,0.0233996557071805,271,271
545,0,0.040061367980132885,0.11676979725061945,0.013635185549950773,0.0009177252650260925,0.02543236082419753,156,156
545,1,0.03346150983363772,0.08264245682191138,0.006829775669561487,0.0012958385050296783,0.027640378568321466,156,156
545,2,0.021342378748485293,0.05764011242924056,0.0033223825608554923,0.001625794917345047,0.026014366187155247,156,156
546,0,0.023954783273380128,0.06530552042063795,0.004264810997410359,0.002041793428361416,0.024417181964963675,186,186
546,1,0.013598445126967083,0.024127896658676977,0.0005821553971717957,0.0010164082050323486,0.021915421821177006,186,186
546,2,0.031800509029899234,0.0815496006494927,0.006650337366091739,0.0013375207781791687,0.024890152737498283,186,186
547,0,0.03387721294770876,0.08795855222821011,0.007736706910082767,0.0025020577013492584,0.027242330834269524,271,271
547,1,0.04133333281933491,0.09130613070913647,0.008336809505073914,0.0024219024926424026,0.02542901411652565,271,271
547,2,0.02495890931394707,0.06775560723614793,0.004590822311939142,0.001806505024433136,0.02554187923669815,271,271
548,0,0.024271848772483683,0.05991731852298443,0.0035900850589847735,0.001181967556476593,0.024898990988731384,298,298
548,1,0.03580928176028916,0.09803464729684594,0.009610792070616983,0.00211239792406559,0.0256507215090096,298,298
548,2,0.026868295127638435,0.07910790712076551,0.006258060969027663,0.001736050471663475,0.02509636292234063,298,298
549,0,0.021222670339985088,0.05988576137262409,0.0035863044151788754,0.001466400921344757,0.024575067218393087,318,318
549,1,0.03400200259514481,0.11278738486962972,0.012720994185729978,0.001251131296157837,0.023186595179140568,318,318
549,2,0.027490652043302106,0.0772726431678658,0.005971061382148319,0.0013166926801204681,0.02539915544912219,318,318
550,0,0.02342853755416239,0.08155900664100094,0.006651871564266834,0.0,0.023234210908412933,221,221
550,1,0.020048580890968105,0.058583222295417105,0.0034319939345142554,0.0,0.025206565856933594,221,221
550,2,0.02299911103198701,0.059745928257010715,0.003569575943291871,0.0,0.02570229023694992,221,221
551,0,0.02580105498343808,0.06295870213853279,0.003963798174968493,0.002000005915760994,0.02399381622672081,292,292
551,1,0.03137442982143225,0.09801744613258435,0.009607419746354076,0.001451240386813879,0.021808576304465532,292,292
551,2,0.04078438694346441,0.10488360548193933,0.011000570698891092,0.00252532958984375,0.027262735180556774,292,292
552,0,0.022198892198503017,0.07075455707461599,0.005006207346825092,0.001142457127571106,0.02220850344747305,247,247
552,1,0.027148775671522022,0.06896737392775903,0.0047564986664913374,0.0030024759471416473,0.02571962308138609,247,247
552,2,0.03882117465002696,0.12926937217764356,0.016710570583202126,0.001699194312095642,0.02415528427809477,247,247
553,0,0.02284308590321085,0.06470499032725995,0.004186735773250802,0.0020132064819335938,0.026695815846323967,217,217
553,1,0.03676592148754591,0.09733762243851915,0.009474612741983707,0.002781875431537628,0.028207849711179733,217,217
553,2,0.02987247535289364,0.08319424752492333,0.006921282821238211,0.0008728504180908203,0.02698705904185772,217,217
554,0,0.03831769421127979,0.10231340603105245,0.010468033053674998,0.0007787942886352539,0.02562315110117197,226,226
554,1,0.028145147223783806,0.09134080644946452,0.00834314292283854,0.00120505690574646,0.02187790535390377,226,226
554,2,0.0325691386793567,0.08546367537364241,0.007304039808371333,0.0020840950310230255,0.026511725038290024,226,226
555,0,0.03708294612874171,0.09900286380118375,0.009801567040835742,0.0019457042217254639,0.02733875159174204,167,167
555,1,0.025439996263960343,0.07987628827156194,0.006380221428041663,0.0017143338918685913,0.023672623559832573,167,167
555,2,0.03355332601726234,0.083097048714655,0.006905119505085746,0.0015877187252044678,0.02690529264509678,167,167
556,0,0.03058484019090732,0.0728680502517887,0.005309752747497205,0.0006197728216648102,0.027512894943356514,150,150
556,1,0.024888963606208563,0.06753844663894709,0.004561441774401903,0.0006843134760856628,0.02486427640542388,150,150
556,2,0.040493329763412474,0.10544835326907973,0.011119355207160637,0.0018672682344913483,0.027642277535051107,150,150
557,0,0.028850604456709457,0.06965865508586233,0.004852328228371133,0.0012890994548797607,0.026890266686677933,193,193
557,1,0.03924856757638986,0.10467154433301787,0.010956132193058925,0.0010960400104522705,0.02503293752670288,193,193
557,2,0.024467772229965486,0.09421431548676601,0.008876337242639877,0.0008004903793334961,0.019081659615039825,193,193
558,0,0.024724321207031608,0.07727642312533094,0.005971645571045182,0.0009855665266513824,0.025914672762155533,172,172
558,1,0.029334036801226957,0.08450539339590181,0.007141161512996126,0.0011388733983039856,0.024867745116353035,172,172
558,2,0.02243729224320241,0.050852713171471164,0.002585998436899917,0.000619448721408844,0.02553152572363615,172,172
559,0,0.023854513363004093,0.06955297636741414,0.004837616521566071,0.0014930889010429382,0.026393514592200518,164,164
559,1,0.03349449461689446,0.08993392120687303,0.008088110183644047,0.0016704201698303223,0.026474363636225462,164,164
559,2,0.042932093941334,0.11112738626894383,0.012349295978967048,0.0018327757716178894,0.02681404910981655,164,164
560,0,0.019210104124042494,0.05697921119697569,0.0032466305086295594,0.0008338168263435364,0.024930475745350122,174,174
560,1,0.02641982531132198,0.07532752964611635,0.005674236722586537,0.0010325759649276733,0.025937169790267944,174,174
560,2,0.041704269436498485,0.11530352079684603,0.013294901908148703,0.002299230545759201,0.02678745985031128,174,174
561,0,0.03216340394756762,0.0862318166685765,0.007435926205962989,0.0013263560831546783,0.024980735033750534,338,338
561,1,0.028636136862377707,0.08566617893943092,0.007338694214082598,0.0015028826892375946,0.02445029793307185,338,338
561,2,0.023496388917866016,0.06777052930338405,0.004592844642060836,0.0014030113816261292,0.024584845174103975,338,338
562,0,0.025865976764630955,0.07044641430338018,0.004962697288203488,0.0018736980855464935,0.02632237644866109,226,226
562,1,0.028383437593558193,0.07273104337578992,0.005289804670531036,0.0029582716524600983,0.02607113542035222,226,226
562,2,0.02891313386009594,0.07878416883339567,0.006206945258768993,0.0012373439967632294,0.025798055343329906,226,226
563,0,0.01756368321164147,0.04598646088024185,0.002114754584290014,0.000995248556137085,0.019783911295235157,230,230
563,1,0.018406979460269212,0.06597154832539749,0.004352245188450257,0.0011043772101402283,0.018456495832651854,230,230
563,2,0.0246186851159386,0.06187936074714738,0.003829055286475604,0.000943399965763092,0.02586044790223241,230,230
564,0,0.029230053707336386,0.09635056579386109,0.009283431528797154,0.0011614449322223663,0.02313458826392889,240,240
564,1,0.033147190767340365,0.08101527074336055,0.0065634740936200125,0.0010502561926841736,0.025533435866236687,240,240
564,2,0.028538566497930636,0.06900476577135081,0.004761657699158989,0.001518096774816513,0.024281621910631657,240,240
565,0,0.030186302547237115,0.08605042131638084,0.007404675008726651,0.001324753277003765,0.02483840472996235,167,167
565,1,0.032043319675112196,0.08488281697402221,0.007205092617445352,0.000994861125946045,0.0254171472042799,167,167
565,2,0.02562085185534583,0.06746632202059054,0.004551704606986021,0.0022200625389814377,0.02583927381783724,167,167
566,0,0.02764681990436734,0.07011991353774151,0.004916802274540345,0.0014307349920272827,0.02640964323654771,470,470
566,1,0.02061581414668484,0.05045373908080551,0.002545579787234001,0.0012910962104797363,0.026046120561659336,470,470
566,2,0.02472846755916451,0.0675051082080735,0.004556939634183712,0.0015741437673568726,0.024934571236371994,470,470
567,0,0.02313311852528696,0.0680390431675169,0.004629311395151228,0.001734815537929535,0.024333280511200428,267,267
567,1,0.02796816750872559,0.07002386140980121,0.004903341166739048,0.0016465261578559875,0.025641251355409622,267,267
567,2,0.026099470827714556,0.07920760141707078,0.006273844122245555,0.0011396706104278564,0.026344464160501957,267,267
568,0,0.019714774574552264,0.057477943720695195,0.003303714014359404,0.0012322235852479935,0.02265043370425701,175,175
568,1,0.018306084115590367,0.04924335870118258,0.002424908376173334,0.001429915428161621,0.0221367459744215,175,175
568,2,0.02787690390433584,0.07020774891588492,0.004929128007835941,0.0013614371418952942,0.02470722794532776,175,175
569,0,0.03192977061118154,0.09386847588866293,0.008811290765660494,0.0018487200140953064,0.02366763073951006,331,331
569,1,0.028473259180536625,0.08033862499491438,0.006454294666073481,0.0015672668814659119,0.02540142834186554,331,331
569,2,0.032916617606487966,0.11753465268945507,0.013814394582830826,0.0006316602230072021,0.022221924737095833,331,331
570,0,0.034649284556508064,0.09314664753219444,0.008676297946486866,0.0023179352283477783,0.023624472320079803,195,195
570,1,0.018306732879808316,0.053214331638892755,0.0028317650917740623,0.0011027827858924866,0.022476146928966045,195,195
570,2,0.026109656419318457,0.07354145237099535,0.005408345216835377,0.0017018802464008331,0.026642775163054466,195,195
571,0,0.03005538610431993,0.09205607418896578,0.00847432079508437,0.001608729362487793,0.02361434418708086,331,331
571,1,0.017708777033602904,0.04532017533835665,0.002053918292699391,0.0010228082537651062,0.022934497334063053,331,331
571,2,0.032275948469496114,0.08649570188521036,0.007481506444615182,0.0024685487151145935,0.024212930351495743,331,331
572,0,0.030637603806786415,0.08150989359899166,0.006643862754518941,0.0028260722756385803,0.02510042116045952,381,381
572,1,0.032697621329621535,0.08518727952341235,0.007256872592599988,0.002018444240093231,0.027325738221406937,381,381
572,2,0.028470470191143318,0.07196419202738608,0.005178844934154498,0.0038154907524585724,0.027413129806518555,381,381
573,0,0.025418137947534336,0.0639989331330799,0.004095863442172432,0.0012249499559402466,0.025765220168977976,324,324
573,1,0.020491458495710917,0.062390957766351826,0.0038926316110026974,0.0013969726860523224,0.025481555610895157,324,324
573,2,0.04437413170249604,0.11291819754729009,0.01275051933732883,0.0013886988162994385,0.026003729086369276,324,324
574,0,0.017216202843060906,0.052963857222075396,0.002805170171840388,0.0007603317499160767,0.02169332280755043,209,209
574,1,0.033967500917934344,0.0927667907268076,0.008605677461751317,0.0017042160034179688,0.027037734165787697,209,209
574,2,0.02828169966998853,0.0759393099330309,0.005766778793104926,0.001023411750793457,0.02521393820643425,209,209
575,0,0.023655091955393646,0.06055863633945802,0.003667348435294726,0.0015238597989082336,0.026592490263283253,319,319
575,1,0.037310364825481716,0.09617893004932768,0.009250386585433467,0.003293764777481556,0.025076592341065407,319,319
575,2,0.02961459149807972,0.07658648958917887,0.005865490387593404,0.002843424677848816,0.026715111918747425,319,319
576,0,0.028629139865584234,0.06791838408277341,0.004612906896415128,0.0027659647166728973,0.026641229167580605,255,255
576,1,0.03913372608960843,0.111567910668854,0.012447398691013389,0.0013871267437934875,0.025113556534051895,255,255
576,2,0.025466512654926263,0.07353337014952008,0.005407156525546331,0.000918164849281311,0.02488215360790491,255,255
577,0,0.02383326393106139,0.05808408403945356,0.003373760818702304,0.0010557174682617188,0.023692538030445576,284,284
577,1,0.022818033465407263,0.0661986391427317,0.00438225982434961,0.0011981576681137085,0.022343421820551157,284,284
577,2,0.01672236993089056,0.03798434725474128,0.0014428106363687711,0.0012162476778030396,0.021177463699132204,284,284
578,0,0.01388905440288329,0.0229304513431254,0.0005258055987994414,0.0011154040694236755,0.024314050562679768,171,171
578,1,0.024288297622677004,0.08245291820844135,0.0067984837210879195,0.001063913106918335,0.023882804438471794,171,171
578,2,0.02173617592201247,0.04842508755942969,0.002344989105138432,0.0009939149022102356,0.025045068003237247,171,171
579,0,0.0395454741411016,0.10569018272114375,0.011170414723628752,0.0010158717632293701,0.02518927352502942,142,142
579,1,0.028264373688447014,0.07279973615167294,0.005299801583753196,0.0020372867584228516,0.02620163094252348,142,142
579,2,0.041114253844593614,0.10948015691417298,0.01198590475795194,0.0019015409052371979,0.028501279186457396,142,142
580,0,0.02802101801765167,0.07627674383862279,0.005818141650622881,0.0010227560997009277,0.026148836128413677,295,295
580,1,0.03020016465146663,0.09071868552086199,0.008229879902633054,0.0017248019576072693,0.0239279605448246,295,295
580,2,0.03035700861996008,0.08875007229978962,0.007876575333217886,0.001259826123714447,0.025211172178387642,295,295
581,0,0.029128791933294897,0.0895922480250763,0.008026770906186788,0.002216196618974209,0.026744397822767496,204,204
581,1,0.022482734283103663,0.05538692969856874,0.0030677119814341955,0.001921962946653366,0.024511962197721004,204,204
581,2,0.030919450716407716,0.07984318593035995,0.006374934339510029,0.0023016128689050674,0.028203532099723816,204,204
582,0,0.035404040355767524,0.09326330124193809,0.00869804335854449,0.0012802407145500183,0.02674304274842143,350,350
582,1,0.03520199595551406,0.10693132531082664,0.011434308332729832,0.0018018074333667755,0.02378496015444398,350,350
582,2,0.028856279609192695,0.07997967649406659,0.006396748652095549,0.0020022541284561157,0.025959328282624483,350,350
583,0,0.025365859175290533,0.07314765604107759,0.005350579584303796,0.001625262200832367,0.024020129814743996,167,167
583,1,0.026676508542261796,0.09541287231594153,0.009103616203578163,0.001131109893321991,0.026053695008158684,167,167
583,2,0.026764670314412275,0.06537399596622219,0.004273759348591635,0.0013551563024520874,0.028428559191524982,167,167
584,0,0.027346298039566338,0.08856569283721111,0.007843881947735226,0.0017715990543365479,0.025053121149539948,221,221
584,1,0.021380801756794635,0.04209191556178035,0.0017717293556600469,0.002652488648891449,0.02655763365328312,221,221
584,2,0.028011294484256485,0.08111459508519786,0.006579577535835605,0.0014214813709259033,0.025342397391796112,221,221
585,0,0.025760098046364165,0.06899628404733205,0.004760487212340127,0.0013621598482131958,0.02516610361635685,169,169
585,1,0.04681022003425296,0.12003930060856946,0.014409433690594504,0.0022334009408950806,0.024271642789244652,169,169
585,2,0.03343361764374746,0.10341388216949196,0.010694431025365566,0.0014444291591644287,0.023981986567378044,169,169
586,0,0.01768420166905304,0.03752650715595665,0.0014082387393260657,0.0010742321610450745,0.0226350836455822,319,319
586,1,0.022047756598871142,0.05982242111685657,0.0035787220682825267,0.0013754628598690033,0.0237798523157835,319,319
586,2,0.030747814927261825,0.09027347448600204,0.00814930019577486,0.0013343319296836853,0.024538690224289894,319,319
587,0,0.01784717046690208,0.05337350315465317,0.0028487308389997714,0.0,0.023284945636987686,162,162
587,1,0.02969079744645659,0.076492370108098,0.005851082684754246,0.0008321329951286316,0.02624646481126547,162,162
587,2,0.031013378456671847,0.07799979163711217,0.006083967495432913,0.0011922791600227356,0.025949135422706604,162,162
588,0,0.023699712569525997,0.07021085857989448,0.004929564662525943,0.0007002651691436768,0.024707009084522724,224,224
588,1,0.03920141259940075,0.12417856401813261,0.01542031576160546,0.0,0.02590387687087059,224,224
588,2,0.02546140867343638,0.07680256662243712,0.005898634239793891,0.0,0.025786353275179863,224,224
589,0,0.026281955426163746,0.0802627002482771,0.0064421010511447815,0.0011560842394828796,0.022343223448842764,396,396
589,1,0.028708560422834272,0.08147939918742714,0.006638892491944102,0.0015177540481090546,0.022074703592807055,396,396
589,2,0.0371173499598911,0.10252897346141462,0.010512190399051463,0.002072291448712349,0.027320923283696175,396,396
590,0,0.028194131080325195,0.07730225917446275,0.005975639273475811,0.0018286686390638351,0.02476435713469982,254,254
590,1,0.021848887982448256,0.07829632634500404,0.006130314719123373,0.001097220927476883,0.021472191903740168,254,254
590,2,0.031213885017828357,0.08542483237183526,0.007297401985756154,0.0025511430576443672,0.023071208968758583,254,254
591,0,0.026978828690612945,0.09272407754853926,0.008597754557227522,0.000864274799823761,0.02526999032124877,246,246
591,1,0.02354418496199982,0.07703210179995004,0.005933944707717866,0.0011803805828094482,0.021075114142149687,246,246
591,2,0.02363249552398314,0.06751359476496685,0.00455808547808816,0.0007664188742637634,0.023825292009860277,246,246
592,0,0.020470096627439094,0.06075852142041293,0.0036915979251947767,0.0011535175144672394,0.023051752243191004,296,296
592,1,0.026282685796251974,0.07484019352190366,0.005601054566395989,0.0010248087346553802,0.024837588891386986,296,296
592,2,0.02271991906643568,0.06257139435104049,0.003915179391033422,0.001264810562133789,0.023458612617105246,296,296
593,0,0.029607072944360737,0.1032115169301261,0.010652617227017708,0.0013904012739658356,0.024437411222606897,152,152
593,1,0.04161074174273955,0.11064566594033558,0.012242463391380336,0.0019221790134906769,0.027044152840971947,152,152
593,2,0.024050124792235072,0.04805986571284587,0.0023097506923367784,0.0030127540230751038,0.025894553400576115,152,152
594,0,0.03857695563109936,0.1218872011854012,0.014856489812810467,0.0014483928680419922,0.026567960157990456,297,297
594,1,0.03527056158956153,0.09331117340226844,0.008706975081708208,0.001664966344833374,0.026204561814665794,297,297
594,2,0.0251897175071968,0.06991164116630234,0.00488763757056582,0.0017737895250320435,0.023792658001184464,297,297
595,0,0.03380512748027972,0.08939448733766367,0.00799137436636371,0.0012009963393211365,0.02515138778835535,228,228
595,1,0.02956838373160153,0.07483670263146543,0.005600532060750385,0.0008596703410148621,0.026208065450191498,228,228
595,2,0.026974962493241356,0.06990937726733003,0.00488732102990588,0.0,0.02469677897170186,228,228
596,0,0.021768783449138306,0.06196585292736189,0.0038397669290154445,0.0013543814420700073,0.02487814612686634,245,245
596,1,0.03194388084835848,0.0842630493703284,0.007100261489186402,0.0010814070701599121,0.027632026001811028,245,245
596,2,0.031875934394798716,0.07908118363960234,0.006253833605840508,0.0015020966529846191,0.026720283553004265,245,245
597,0,0.022013054243271494,0.05563636299046942,0.003095404886807276,0.0020686760544776917,0.025990668684244156,267,267
597,1,0.026854063931866533,0.07699123062417382,0.005927649593024721,0.0017885342240333557,0.024051859974861145,267,267
597,2,0.020508207009289035,0.04228044177113195,0.0017876357563620794,0.001779504120349884,0.024520399048924446,267,267
598,0,0.028364456416184198,0.08641650714171902,0.007467812706574774,0.0010461360216140747,0.025287620723247528,207,207
598,1,0.029662686364122347,0.08408080965572147,0.0070695825523616656,0.0015278607606887817,0.026519483886659145,207,207
598,2,0.026871072636818254,0.0795835830526575,0.0063335466914992335,0.0015266090631484985,0.026572274044156075,207,207
599,0,0.02765088593465272,0.09813252085889211,0.009629991650120896,0.0009769201278686523,0.025309154763817787,229,229
599,1,0.03828691740776514,0.1006191506647743,0.01012421348050055,0.0015778541564941406,0.02734096720814705,229,229
599,2,0.02396880242745819,0.05998586308536406,0.0035983037700960427,0.0022168755531311035,0.023646557703614235,229,229
600,0,0.025363420066314403,0.07910404173554723,0.006257449418899199,0.0012431740760803223,0.02310996875166893,213,213
600,1,0.028927734906527218,0.07594878729176763,0.005768218291090164,0.0015366822481155396,0.02653825469315052,213,213
600,2,0.03572382019754027,0.09505908685754018,0.009036229994189368,0.001246809959411621,0.026390312239527702,213,213
601,0,0.025010464103182868,0.0654528722001071,0.004284078479243553,0.0009762793779373169,0.025258108042180538,168,168
601,1,0.03239647454271714,0.08922543378139251,0.00796117803347766,0.0009450539946556091,0.026583950966596603,168,168
601,2,0.04895400252592351,0.11665872201655232,0.013609257422535229,0.003690045326948166,0.02910913247615099,168,168
602,0,0.025144175879058227,0.06950068730899968,0.004830345536423348,0.0017692595720291138,0.02499267179518938,199,199
602,1,0.01705021205259927,0.05300704807348781,0.0028097471454650476,0.0009437277913093567,0.02344248816370964,199,199
602,2,0.03433105466658034,0.07964987315519031,0.006344102293637907,0.0019181445240974426,0.02553644683212042,199,199
603,0,0.021054309147175834,0.0565410828530328,0.0031968940501935195,0.001052260398864746,0.024644755758345127,163,163
603,1,0.017737917962021257,0.04959171402676639,0.002459338100112578,0.001147981733083725,0.023371619172394276,163,163
603,2,0.02761331714826859,0.0890790340875039,0.00793507431396268,0.0009111464023590088,0.02467521745711565,163,163
604,0,0.021996086481242225,0.0650980155977013,0.004237751634758561,0.0011411234736442566,0.02492524916306138,156,156
604,1,0.024591856677897084,0.060935984179144864,0.0037131941678809934,0.0013259276747703552,0.025226132944226265,156,156
604,2,0.024636820000476945,0.07208456211553073,0.005196184095387807,0.0009614899754524231,0.02407652558758855,156,156
605,0,0.019318421193234184,0.028334860039544295,0.000802864293460564,0.0020544230937957764,0.026255810167640448,68,68
605,1,0.032613466315738415,0.05487074440014015,0.003010798591025512,0.0021736174821853638,0.028734096325933933,68,68
605,2,0.020526956232702908,0.05358274294401494,0.0028711103414043827,0.0008043795824050903,0.025823824107646942,68,68
606,0,0.031123500774874416,0.07580579901922678,0.005746519164943404,0.0015059169381856918,0.02578942896798253,172,172
606,1,0.03205037837696457,0.10203710276827671,0.010411570341343863,0.0011647790670394897,0.02351045375689864,172,172
606,2,0.03151372643620815,0.07540308482864187,0.005685625201675362,0.002183441072702408,0.02814889093860984,172,172
607,0,0.022670196635034227,0.06626179861320836,0.004390625955457381,0.0,0.02511305082589388,191,191
607,1,0.027657773479799794,0.06519271720935062,0.00425009037713836,0.0,0.026678312569856644,191,191
607,2,0.02912005017565183,0.07624853469059854,0.005813839042463409,0.0,0.025032703764736652,191,191
608,0,0.026384650806623295,0.07411155012596374,0.005492521862073236,0.0012023001909255981,0.02648447547107935,399,399
608,1,0.028646301452471948,0.0719409077371926,0.005175494206051257,0.0013818591833114624,0.027034886181354523,399,399
608,2,0.03192816433125645,0.08857798714747046,0.007846059807097442,0.0019106976687908173,0.02415461465716362,399,399
609,0,0.019863451689933285,0.07214105615752917,0.005204331983523777,0.0006002485752105713,0.019915830343961716,165,165
609,1,0.02309959510510618,0.06593244495817456,0.004347087298162719,0.0015212595462799072,0.023132529109716415,165,165
609,2,0.0361994555191786,0.10274584177252205,0.010556708001544136,0.002943728119134903,0.02714134380221367,165,165
610,0,0.04470980220825457,0.12102097829931817,0.014646077188524039,0.002008393406867981,0.028096471913158894,183,183
610,1,0.031004650548833314,0.09233523275035405,0.008525795207062054,0.0009912997484207153,0.02423599548637867,183,183
610,2,0.027079318202217744,0.06746687286754875,0.004551778934525986,0.000998377799987793,0.025727580301463604,183,183
611,0,0.03376038724512566,0.10198434959723116,0.010400807562770262,0.0014354325830936432,0.023425507824867964,254,254
611,1,0.02858127574033038,0.06133839029965508,0.00376239812455282,0.0015011206269264221,0.027150727342814207,254,254
611,2,0.029898713177847345,0.08222021971039764,0.006760164529226061,0.0020229313522577286,0.025769360829144716,254,254
612,0,0.03693288750946522,0.10950310328461677,0.011990929628961446,0.0016545318067073822,0.025425223167985678,160,160
612,1,0.027454819343984128,0.08599213942004084,0.007394648042035741,0.0016869381070137024,0.023156235460191965,160,160
612,2,0.03517017322010361,0.09870869045664504,0.009743405571665767,0.0012410283088684082,0.02538804616779089,160,160
613,0,0.03682302290731123,0.09509438832547755,0.00904294269099672,0.0010318085551261902,0.02674173377454281,142,142
613,1,0.028405575704773967,0.08369931553199518,0.007005575420524489,0.0013302862644195557,0.027296717278659344,142,142
613,2,0.030121105277097562,0.06614305112490217,0.004374903212111422,0.0010435022413730621,0.028262988664209843,142,142
614,0,0.03235737268119101,0.09392940457063326,0.0088227330429937,0.002680830657482147,0.024433286860585213,251,251
614,1,0.020660850768574917,0.07195336657093943,0.005177286960891984,0.0009353607892990112,0.021674145944416523,251,251
614,2,0.02359963644229143,0.08219781983534358,0.006756481585683603,0.001241438090801239,0.022035096772015095,251,251
615,0,0.02606700062093259,0.07787855956060803,0.006065070039235173,0.0,0.02546196011826396,198,198
615,1,0.03601585613620101,0.0994438470999205,0.009889078726032369,0.0006226897239685059,0.025897869374603033,198,198
615,2,0.026430534932649498,0.06407843707515108,0.0041060460979940976,0.0013179630041122437,0.026754147838801146,198,198
616,0,0.031016418149726836,0.08981317403902614,0.008066406230964399,0.0015353336930274963,0.027286341413855553,407,407
616,1,0.02741229388615716,0.07742077654499631,0.005993976640830251,0.0017307400703430176,0.027011471800506115,407,407
616,2,0.018507387672141377,0.04692169213259201,0.0022016451925857467,0.0015358850359916687,0.02497770544141531,407,407
617,0,0.030992934683171828,0.07846405216971113,0.0061566074828911495,0.0029813293367624283,0.026905660051852465,202,202
617,1,0.02348732549724824,0.05521823365675641,0.003049053328172147,0.0008990094065666199,0.026530619710683823,202,202
617,2,0.026489912748963822,0.0782550987329114,0.0061238604776977104,0.0010722428560256958,0.02681794110685587,202,202
618,0,0.02819972207417359,0.07401768170159853,0.005478617204479154,0.0007641613483428955,0.0263943113386631,185,185
618,1,0.02126790363140203,0.047444584381213226,0.002250988587106062,0.0006928443908691406,0.023220155388116837,185,185
618,2,0.03619012728937574,0.09574140572594333,0.009166416770379696,0.0013571977615356445,0.02616727538406849,185,185
619,0,0.03121842148224103,0.08853411999749068,0.00783829040373008,0.0014369376003742218,0.025973878800868988,194,194
619,1,0.021552565627606567,0.05494473851067484,0.003018924290006435,0.0016905441880226135,0.025208028964698315,194,194
619,2,0.02219822192948657,0.04901812298281627,0.002402776380758501,0.0017580240964889526,0.02565315878018737,194,194
620,0,0.03210196139643321,0.08824366584560202,0.007786944561870267,0.001825481653213501,0.025761093944311142,185,185
620,1,0.02574704967791567,0.08063318988361722,0.0065017113108074695,0.001103818416595459,0.02309899404644966,185,185
620,2,0.040035855533504805,0.11739970238536765,0.0137826901201729,0.0024277567863464355,0.025046097114682198,185,185
621,0,0.03520242043603689,0.0998674884217262,0.009973515243663616,0.0021407492458820343,0.02393037313595414,390,390
621,1,0.03384400046406648,0.08932290667134582,0.007978581656217955,0.0014406032860279083,0.026694636326283216,390,390
621,2,0.027720726707663675,0.07566808808509168,0.0057256595544531936,0.0016156099736690521,0.024955422151833773,390,390
622,0,0.03303581429898496,0.07653300682428923,0.005857301133566702,0.003988955169916153,0.02525903331115842,368,368
622,1,0.0289386491475971,0.08577177435411511,0.007356797275853239,0.001693081110715866,0.025357968639582396,368,368
622,2,0.021018601270675983,0.05321878886344739,0.0028322394880921924,0.0012101493775844574,0.023614103440195322,368,368
623,0,0.035042730657992384,0.0830753416772279,0.006901512394788158,0.0023302119225263596,0.02585505973547697,202,202
623,1,0.024388468128140314,0.0671555724994847,0.004509870917733545,0.0011339746415615082,0.02417388278990984,202,202
623,2,0.029804521237988726,0.08538971880137658,0.007291404076978165,0.0017927810549736023,0.02515710098668933,202,202
624,0,0.02861007726751268,0.08169665438278698,0.006674343337340547,0.0008566342294216156,0.02553949225693941,140,140
624,1,0.02865041222290269,0.09194437449350264,0.008453768001001458,0.0006657019257545471,0.026677892543375492,140,140
624,2,0.027373883693612048,0.07120420068400969,0.005070038195048725,0.0011421330273151398,0.02735054399818182,140,140
625,0,0.02194331197558265,0.058979795492723426,0.0034786162763634785,0.0018517784774303436,0.02394622564315796,475,475
625,1,0.024617371341507686,0.0761751937878211,0.0058026601486120995,0.0009630918502807617,0.025490124709904194,475,475
625,2,0.022722733603104166,0.06682302703343689,0.004465316941911437,0.0009407401084899902,0.024063714779913425,475,475
626,0,0.028468172782831053,0.07182390966204161,0.0051586739991411135,0.0009439736604690552,0.025759335607290268,139,139
626,1,0.02523242702989055,0.06516363721506295,0.004246299615096337,0.0021176375448703766,0.02804291993379593,139,139
626,2,0.01554814879212984,0.030055944051012643,0.0009033597727976023,0.0005894750356674194,0.023750697262585163,139,139
627,0,0.03348255468921125,0.09327412682437124,0.00870006273484889,0.0017987042665481567,0.024200119078159332,369,369
627,1,0.01819628770879614,0.038233300542221856,0.001461785270351862,0.0013058483600616455,0.022629698738455772,369,369
627,2,0.025503520648118845,0.07165192735679785,0.0051339986939438345,0.0011621713638305664,0.023043587803840637,369,369
628,0,0.02364901439951999,0.07374806907899147,0.005438777692879697,0.0011707469820976257,0.023318075574934483,371,371
628,1,0.029344951919709254,0.08933134698082072,0.007980089553407788,0.0013055652379989624,0.023899491876363754,371,371
628,2,0.04502877085457112,0.11000118355961702,0.012100260384516557,0.005141235888004303,0.02667943574488163,371,371
629,0,0.02800046070695108,0.07660730737499466,0.005868679543246911,0.0016072243452072144,0.02664376888424158,323,323
629,1,0.029366617811837987,0.09259881156488332,0.00857453990322877,0.001134425401687622,0.024667594581842422,323,323
629,2,0.024423137062082167,0.05519379612518654,0.0030463551307086563,0.0015732496976852417,0.02649658638983965,323,323
630,0,0.03443777982822873,0.07708819133018982,0.005942589242559954,0.0017002932727336884,0.025747674517333508,110,110
630,1,0.024739229704507374,0.07002058652669164,0.004902882537541911,0.0,0.026844226755201817,110,110
630,2,0.026122341152619234,0.0777731509365438,0.006048663006598424,0.0006816089153289795,0.028315009083598852,110,110
631,0,0.03238945268743545,0.08905114314675515,0.007930106095743876,0.0016126222908496857,0.02331271767616272,287,287
631,1,0.025219104359841513,0.07276047297883617,0.005294086428103949,0.003111753612756729,0.025094620883464813,287,287
631,2,0.0256141711623515,0.07522260233076349,0.005658439901412184,0.0009264275431632996,0.0234689274802804,287,287
632,0,0.033158169583078816,0.09614155298535078,0.00924319821043501,0.002216530963778496,0.025840995833277702,176,176
632,1,0.025258521110200407,0.06826477276569856,0.00466007920075246,0.001359991729259491,0.02530837617814541,176,176
632,2,0.03790902127300135,0.10617042281920401,0.011272158681608557,0.0013094544410705566,0.024772151838988066,176,176
633,0,0.031707766324185246,0.0883576194550607,0.007807068915765321,0.001735970377922058,0.024792207404971123,309,309
633,1,0.01791107227489304,0.05788755309148284,0.003350968802919245,0.0016475915908813477,0.017301103100180626,309,309
633,2,0.027811608066282033,0.0761523408055777,0.005799179010168854,0.001570284366607666,0.02429155819118023,309,309
634,0,0.026012452091899275,0.07513916992467862,0.005645894856969728,0.000926971435546875,0.026844913139939308,213,213
634,1,0.03432849774950407,0.09407496916844268,0.008850099824043443,0.0026374012231826782,0.025602171197533607,213,213
634,2,0.0250751531591088,0.06881836947466377,0.0047359679771513345,0.0011497139930725098,0.026015223935246468,213,213
635,0,0.04207914294180485,0.11055287162701048,0.01222193742497826,0.0020722774788737297,0.026309536769986153,226,226
635,1,0.03290588170520763,0.09554637049196367,0.009129108914187585,0.0015005692839622498,0.023567814845591784,226,226
635,2,0.0273877467333743,0.08112571029034955,0.006581380870113728,0.0015663504600524902,0.024219511076807976,226,226
636,0,0.03415637491100015,0.08916140272847112,0.007949755736508617,0.002138485200703144,0.027652298100292683,218,218
636,1,0.022771455198013726,0.059306930608514614,0.0035173120182031676,0.0019765738397836685,0.02611135970801115,218,218
636,2,0.03500301670283079,0.09823850855513748,0.00965080456313782,0.002605050802230835,0.02715259464457631,218,218
637,0,0.016431574973819862,0.05976577489596392,0.0035719478489150314,0.0009236931800842285,0.01846744678914547,201,201
637,1,0.023503459512779667,0.08204518632859235,0.006731412599693438,0.0010247230529785156,0.01863102987408638,201,201
637,2,0.02328373031662916,0.051762188277263234,0.0026793241352508473,0.001105278730392456,0.025039438158273697,201,201
638,0,0.027554334225979717,0.04713175802213276,0.0022214026142568758,0.004866602830588818,0.02880678791552782,143,143
638,1,0.034037266362953435,0.08955529535472746,0.00802015092607247,0.0,0.027529900893568993,143,143
638,2,0.030836367048323154,0.07449451299612982,0.005549432466530554,0.00010626018047332764,0.026576552540063858,143,143
639,0,0.03071267038102159,0.08876378838627218,0.007879010128682907,0.0015340745449066162,0.026319037191569805,263,263
639,1,0.034047227083730154,0.09870173771545662,0.009742033028050791,0.0010526180267333984,0.026242347434163094,263,263
639,2,0.029780855264245558,0.06688375492439187,0.004473436672786115,0.0024074167013168335,0.02661827113479376,263,263
640,0,0.02718689010712187,0.07637085480943213,0.005832507464323364,0.0017387047410011292,0.025679088197648525,291,291
640,1,0.0340678575320675,0.09860004858518683,0.009721969581001202,0.002213813364505768,0.02426705975085497,291,291
640,2,0.030276826762072613,0.07335447922214632,0.005380879621952296,0.0033907797187566757,0.024936318397521973,291,291
641,0,0.04057321167273218,0.08754638528569653,0.007664369576591621,0.0088051063939929,0.027875717729330063,57,57
641,1,0.01913968841300199,0.0565368985661457,0.0031964208994786475,0.0,0.025082744657993317,57,57
641,2,0.023261958994624906,0.03712323480218278,0.0013781345621779945,0.0008587241172790527,0.02861073426902294,57,57
642,0,0.022655271798444603,0.06429691219929735,0.004134092918364153,0.0015338435769081116,0.024486434645950794,103,103
642,1,0.06064614845277036,0.1272860039614404,0.016201726804471826,0.0037618279457092285,0.028887840919196606,103,103
642,2,0.01786353325163855,0.05614631420312989,0.0031524085985965853,0.0012528374791145325,0.019872494973242283,103,103
643,0,0.03732895886011943,0.10989718232798723,0.01207739068363087,0.0016168532893061638,0.025865938514471054,243,243
643,1,0.017299299944698074,0.047088446177273875,0.0022173217633900187,0.0013628378510475159,0.02451725210994482,243,243
643,2,0.0268610700382372,0.06807956211721118,0.004634826778071216,0.0015465691685676575,0.025714239105582237,243,243
644,0,0.04326315063609338,0.10673679318271616,0.011392743018929922,0.0019589848816394806,0.026969527825713158,279,279
644,1,0.033666753171739505,0.09273616838821457,0.008599996927327287,0.0019891709089279175,0.02539782878011465,279,279
644,2,0.0243928645366943,0.08109074367287245,0.006575708709419503,0.000940367579460144,0.02334691770374775,279,279
645,0,0.03389337860351922,0.09613494708929816,0.009241928051862157,0.0013953447341918945,0.02537437342107296,294,294
645,1,0.03611149481453356,0.0912880678851635,0.00833351133820622,0.0024469364434480667,0.027398914098739624,294,294
645,2,0.045396411435070394,0.11351060788376417,0.012884658102141665,0.002142487093806267,0.02537387376651168,294,294
646,0,0.02842649240847095,0.07983732818720245,0.006373998972071071,0.0048134587705135345,0.025388413108885288,256,256
646,1,0.020996447026846,0.05841656342170758,0.0034124948820023846,0.001300513744354248,0.022766307462006807,256,256
646,2,0.030351526951562846,0.07584783877875942,0.005752894647408682,0.0012943651527166367,0.024136334657669067,256,256
647,0,0.019316249012724676,0.0622683824197734,0.003877351449175145,0.001141384243965149,0.022088112775236368,268,268
647,1,0.022985217296136125,0.07575431068483972,0.0057387155873352205,0.00111442431807518,0.022137247025966644,268,268
647,2,0.025478458817381023,0.07423724471419886,0.005511168502755848,0.0011357367038726807,0.024041254073381424,268,268
648,0,0.021598672018183444,0.04427614235527116,0.0019603767818642368,0.0010624006390571594,0.024578512646257877,312,312
648,1,0.0217213391024882,0.052486374066030204,0.002754819462599248,0.001103416085243225,0.025623737834393978,312,312
648,2,0.02208532789686265,0.0726013173422161,0.005270951279825169,0.0008093118667602539,0.02281832555308938,312,312
649,0,0.026209466156017568,0.08524720580419523,0.007267086097422818,0.0011955797672271729,0.022017465438693762,280,280
649,1,0.027280411051054086,0.0658354008309972,0.004334300002578067,0.0009091198444366455,0.026354424189776182,280,280
649,2,0.020144580633911703,0.052370300469449974,0.002742648371260472,0.000919535756111145,0.02435737568885088,280,280
650,0,0.03765466270208173,0.10001257912848202,0.010002515983930878,0.0018976852297782898,0.02632693201303482,321,321
650,1,0.020566097475193744,0.037622319397133265,0.00141543891681991,0.001135498285293579,0.025490399450063705,321,321
650,2,0.02102978255112316,0.06176904642366769,0.0038154150960892147,0.0017249584197998047,0.02297533117234707,321,321
651,0,0.030766605985710363,0.0927479941064699,0.008602190410773775,0.0006860271096229553,0.024202630389481783,228,228
651,1,0.03494376789680437,0.11620057511461243,0.013502573656966686,0.0003626197576522827,0.02642232645303011,228,228
651,2,0.024579464131149285,0.061061990094649084,0.0037285666343190227,0.0006205439567565918,0.02480305079370737,228,228
652,0,0.03565466927132711,0.10145183939026109,0.010292475715667332,0.001109480857849121,0.024822818115353584,217,217
652,1,0.02767410938743897,0.08352013244426283,0.006975612523507205,0.0010534822940826416,0.023294685408473015,217,217
652,2,0.01659863874796898,0.05819789451318312,0.00338699492576759,0.0012551844120025635,0.017427166923880577,217,217
653,0,0.040017103989941814,0.10263208157697759,0.010533344168823384,0.001622706651687622,0.030259879305958748,109,109
653,1,0.034854429650094804,0.09145167852566213,0.008363409505161052,0.0011082589626312256,0.028436893597245216,109,109
653,2,0.026999164065089794,0.0693270712663155,0.004806242810364788,0.0008296966552734375,0.025906287133693695,109,109
654,0,0.01907978865682431,0.059646568129549334,0.0035577130896329704,0.0011666230857372284,0.02267191233113408,230,230
654,1,0.025508396001532672,0.07492458280890468,0.005613693109088415,0.0015100091695785522,0.022151197772473097,230,230
654,2,0.022417609399670493,0.04999474095015442,0.0024994741226730473,0.0026010647416114807,0.026229660492390394,230,230
655,0,0.02144386565100543,0.05069987904694079,0.0025704777353744252,0.0018704663962125778,0.025210303720086813,316,316
655,1,0.024978602246110197,0.07037115113997888,0.004952098912765752,0.0014388877898454666,0.022993285208940506,316,316
655,2,0.028904397960139227,0.07448578543654125,0.005548132232098461,0.0018501635640859604,0.026022566948086023,316,316
656,0,0.026648487810415167,0.07909003733805373,0.006255234006134732,0.0017421133816242218,0.02562917396426201,262,262
656,1,0.035054408893600564,0.11178735094162365,0.012496411830545727,0.0010437555611133575,0.026049458887428045,262,262
656,2,0.03224372411615976,0.09481652162431078,0.008990172772933396,0.0019302517175674438,0.02382875932380557,262,262
657,0,0.0282211732657918,0.08509876654900125,0.007241800068161414,0.000977829098701477,0.024977603927254677,415,415
657,1,0.03329809814781309,0.09832070751324706,0.009666961525905477,0.0011016800999641418,0.025128536857664585,415,415
657,2,0.02915447975946478,0.0784302943382479,0.0061513110699841994,0.0012834295630455017,0.026817244477570057,415,415
658,0,0.030157990508950225,0.08876296315975352,0.00787886362889976,0.0013801753520965576,0.02558318991214037,255,255
658,1,0.024883485256749042,0.06950362765073413,0.0048307542566118945,0.0018047541379928589,0.024469314143061638,255,255
658,2,0.028558279066255278,0.07236470097141759,0.005236649946682687,0.0021658390760421753,0.026434272527694702,255,255
659,0,0.027737324364412733,0.06884801817984158,0.004740049607291797,0.0017925947904586792,0.024992162361741066,211,211
659,1,0.017024339768170464,0.03166478147868627,0.001002658386092953,0.0010017827153205872,0.024493465200066566,211,211
659,2,0.027191190342573335,0.06964157284578328,0.004849948668434539,0.0012517571449279785,0.02535891253501177,211,211
660,0,0.03415452586669548,0.10759469512418779,0.011576618418866919,0.0003945454955101013,0.028724669944494963,102,102
660,1,0.022266156724928057,0.0566228257314069,0.0032061443938092757,0.001237533986568451,0.025973488576710224,102,102
660,2,0.0411695433305759,0.11958781379478736,0.014301245208216734,3.857538104057312e-05,0.028703587595373392,102,102
661,0,0.023036264228915585,0.07203289762601262,0.005188738340399615,0.001411139965057373,0.023590307217091322,338,338
661,1,0.02470552927632568,0.06481244720304515,0.004200653312447514,0.0020033903419971466,0.02601836621761322,338,338
661,2,0.020746536737517318,0.06291601300058655,0.003958424691889976,0.0011639222502708435,0.021632757503539324,338,338
662,0,0.04359580250978192,0.1054549135222436,0.011120738785983878,0.0032819220796227455,0.026474100071936846,268,268
662,1,0.026797638634400472,0.06273812477347078,0.0039360723000915875,0.0020991358906030655,0.02514458354562521,268,268
662,2,0.035888142755199505,0.1000842997947973,0.010016867065414862,0.0019452078267931938,0.026370623148977757,268,268
663,0,0.027439475207674233,0.06707488314576467,0.004499039949017985,0.0013075587339699268,0.02727911015972495,88,88
663,1,0.029277987047945233,0.08423375957248792,0.007095326251715702,0.0012141093611717224,0.027203339152038097,88,88
663,2,0.029059634104752066,0.08216634781974425,0.00675130871403519,0.0010627210140228271,0.026643590535968542,88,88
664,0,0.03184037697974418,0.10516141768429353,0.011058923769370444,0.0010231025516986847,0.025774482171982527,256,256
664,1,0.03137845707897213,0.07804477577428862,0.006090987025658987,0.002722732722759247,0.029001008719205856,256,256
664,2,0.025772662738745566,0.07170320997814301,0.005141350321169668,0.00037454068660736084,0.02643983857706189,256,256
665,0,0.014580831655726439,0.03684886537789707,0.0013578388796383815,0.0010520517826080322,0.020987020805478096,173,173
665,1,0.016872926911263797,0.03947190664083646,0.0015580314138629097,0.0010673850774765015,0.022884773090481758,173,173
665,2,0.03488895592597351,0.09242062213171634,0.008541571395213497,0.0009672045707702637,0.024067329242825508,173,173
666,0,0.02815071709111941,0.0779851669012425,0.006081686256614649,0.0013680197298526764,0.02524671470746398,294,294
666,1,0.0208059316184245,0.04431715035910102,0.001964009815951168,0.0014980696141719818,0.024476925376802683,294,294
666,2,0.02044594591027316,0.058687299831051316,0.003444199161459716,0.001429542899131775,0.02300047455355525,294,294
667,0,0.02334627255981485,0.057771927563773355,0.003337595614433876,0.0010812506079673767,0.025386306457221508,344,344
667,1,0.035504389065588546,0.09532856817808193,0.009087535910883215,0.0017765983939170837,0.026650793850421906,344,344
667,2,0.02444468215947191,0.07393732439427096,0.005466727938583656,0.0012200362980365753,0.024490699637681246,344,344
668,0,0.02653488969797788,0.07579341410012384,0.005744641620952851,0.0010099634528160095,0.024397123605012894,294,294
668,1,0.02608149554295351,0.06967335336226446,0.004854376168742968,0.001201549544930458,0.02381259575486183,294,294
668,2,0.032889880111669094,0.08804306323659782,0.007751580984083562,0.0012099742889404297,0.02463492564857006,294,294
669,0,0.020249250676068996,0.04416636668976671,0.001950667946574934,0.001261197030544281,0.026370698120445013,180,180
669,1,0.03517543433441056,0.1053449015388414,0.011097548280228192,0.0011577662080526352,0.025649222545325756,180,180
669,2,0.022538535721186134,0.05374372069244018,0.002888387513867023,0.0008412450551986694,0.026755337603390217,180,180
670,0,0.02169420500623359,0.06576908966690845,0.004325573155613843,0.0,0.0254714023321867,138,138
670,1,0.020914586875047804,0.058887649050828654,0.0034677552107335607,0.0009836852550506592,0.026974325068295002,138,138
670,2,0.034358598298622645,0.10304913009857476,0.010619123214072986,0.002768666483461857,0.025045177433639765,138,138
671,0,0.029212364250466832,0.07244778341908227,0.005248681322338252,0.0018640942871570587,0.027507728431373835,296,296
671,1,0.028521829712632542,0.0654551446539709,0.004284375961672255,0.002726661041378975,0.025575175881385803,296,296
671,2,0.02060826782867111,0.05820737863939896,0.0033880989280703584,0.0009238235652446747,0.02404550276696682,296,296
672,0,0.014696102025879532,0.015572117265590012,0.00024249083613328654,0.0008662045001983643,0.02456507459282875,119,119
672,1,0.04124866199030095,0.09762383968732383,0.009530414075296303,0.0019082501530647278,0.030044914223253727,119,119
672,2,0.04957671400096988,0.11564374057684927,0.013373474734605616,0.0,0.030532486736774445,119,119
673,0,0.027368548535741867,0.0766855418627514,0.005880672330783796,0.0011799708008766174,0.025274500250816345,260,260
673,1,0.02158737616398587,0.06124068469252051,0.003750421461608716,0.001539856195449829,0.022852876223623753,260,260
673,2,0.030888767117777695,0.09218892851560329,0.008498798540855012,0.0019634533673524857,0.022952284198254347,260,260
674,0,0.018907676158157888,0.05044011930493572,0.0025442056354961495,0.0016288049519062042,0.022750437259674072,272,272
674,1,0.029629180149640888,0.08390827036689233,0.007040597835963502,0.00117463618516922,0.025954315438866615,272,272
674,2,0.030987548549413022,0.08021291957078813,0.006434112466069725,0.001874718815088272,0.027817306574434042,272,272
675,0,0.026795334960054096,0.07358324352569603,0.005414493727761887,0.0016605667769908905,0.02563390927389264,366,366
675,1,0.024078496011696714,0.06050262936550296,0.003660568160139421,0.0020440462976694107,0.024751520715653896,366,366
675,2,0.02807083767915114,0.07865831255347111,0.00618713013375955,0.0018439795821905136,0.026793730445206165,366,366
676,0,0.026121654682942936,0.0839880827985731,0.00705399805217997,0.0010358840227127075,0.02308680582791567,186,186
676,1,0.020228133281512607,0.03281522610880694,0.0010768390645721243,0.0020925793796777725,0.026035780552774668,186,186
676,2,0.0244587092229756,0.06916070246773032,0.004783202765829918,0.0007746070623397827,0.022854486014693975,186,186
677,0,0.028259623352028626,0.07787049648698101,0.006063814223128922,0.0,0.027532936073839664,191,191
677,1,0.030686017272125988,0.07687671150056954,0.005910028771141801,0.0008587539196014404,0.02850403916090727,191,191
677,2,0.03980662191959576,0.09954883237562594,0.00990997002735047,0.0020613931119441986,0.027772538363933563,191,191
678,0,0.030226818977173456,0.0790326006178516,0.006246151960420837,0.002199353650212288,0.026675805915147066,194,194
678,1,0.029874712780847686,0.08073094815636808,0.006517485990226191,0.00122075155377388,0.02691999962553382,194,194
678,2,0.0160762710669606,0.025484477535102492,0.0006494585952371436,0.0004798620939254761,0.024906703736633062,194,194
679,0,0.022532563946341448,0.06325900998257306,0.004001702343975278,0.0014852434396743774,0.02521629026159644,368,368
679,1,0.018510645999492186,0.04979437080194118,0.002479479363561212,0.001123730093240738,0.025506522972136736,368,368
679,2,0.032541332490559995,0.09763101922931347,0.009531815915754575,0.0011380985379219055,0.027834739070385695,368,368
680,0,0.03041333014212315,0.06735937437179286,0.004537285315759344,0.002192113548517227,0.02569761499762535,223,223
680,1,0.027508321906243673,0.07476979183104837,0.005590521770458307,0.0016875006258487701,0.026912014931440353,223,223
680,2,0.029385208891445747,0.09694926773726308,0.009399160514791519,0.0012152791023254395,0.021674776449799538,223,223
681,0,0.016102179020478582,0.03090055722680047,0.0009548444369267706,0.0009836256504058838,0.0243062824010849,181,181
681,1,0.028481493037687974,0.08133179351334012,0.006614860636096595,0.0010488033294677734,0.023140646517276764,181,181
681,2,0.030711674826085895,0.08543794548555286,0.007299642528792304,0.001604720950126648,0.025610921904444695,181,181
682,0,0.020498475422971837,0.0557418267663536,0.0031071512512501746,0.0013930685818195343,0.024498747661709785,168,168
682,1,0.023545916696699958,0.05839763455636144,0.0034102837217783394,0.00125950388610363,0.023170808795839548,168,168
682,2,0.026901309960521758,0.06286279205039938,0.003951730624371755,0.002163797616958618,0.024195081554353237,168,168
683,0,0.020630234707352802,0.053761366259719646,0.002890284502111722,0.0013816729187965393,0.023590961936861277,398,398
683,1,0.017194660055221776,0.041587366217350846,0.0017295090288960546,0.0014544352889060974,0.025557813700288534,398,398
683,2,0.03201830531376877,0.08610100453282883,0.007413382981562211,0.001569719985127449,0.02503575198352337,398,398
684,0,0.029006249227677472,0.08006010875111878,0.0064096210132409655,0.0010646060109138489,0.024854046758264303,192,192
684,1,0.028355589015215326,0.08278799999018649,0.006853852942375119,0.0010987073183059692,0.025724373757839203,192,192
684,2,0.028537599651220564,0.08346436603669956,0.006966300397908166,0.0011397004127502441,0.026800699066370726,192,192
685,0,0.01761539504667254,0.05014159975577698,0.0025141800260685336,0.0008331239223480225,0.02298493729904294,380,380
685,1,0.014670753128532516,0.023531089652219606,0.0005537121802207966,0.0011687427759170532,0.02297194115817547,380,380
685,2,0.02436605694850809,0.0668035842205411,0.004462718864710927,0.0013728849589824677,0.02440605266019702,380,380
686,0,0.037106206316439155,0.10427792964922962,0.010873886611929682,0.0027758628129959106,0.028043823316693306,181,181
686,1,0.032116465121301827,0.09396872883096259,0.00883012199810698,0.0013642609119415283,0.026304706931114197,181,181
686,2,0.0306118770878124,0.07968048315515887,0.006348979395839557,0.0011439919471740723,0.027908513322472572,181,181
687,0,0.026601496040101213,0.07120321445676103,0.005069897748975503,0.0012480169534683228,0.026530824601650238,207,207
687,1,0.022909301045184263,0.04461192156649069,0.0019902235458547175,0.0016810223460197449,0.02563083078712225,207,207
687,2,0.02150842495676544,0.05244221966250044,0.0027501864031299478,0.0014993846416473389,0.026595420204102993,207,207
688,0,0.032435469197264116,0.09150661577311145,0.00837346073024785,0.0009441971778869629,0.023683732375502586,349,349
688,1,0.02180557323480959,0.06523546240664632,0.004255665555408965,0.001486063003540039,0.02418125607073307,349,349
688,2,0.03720854029571771,0.0959465484784358,0.00920574016492483,0.0036628060042858124,0.027135685086250305,349,349
689,0,0.043338318293293314,0.11925801191293312,0.014222473405425297,0.006018507294356823,0.02175054047256708,15,15
689,1,0.015121856766442458,0.010175727043989887,0.00010354542087378718,0.006619432009756565,0.02447018399834633,15,15
689,2,0.016660514349738757,0.012885233658277224,0.00016602924642840025,0.0047155339270830154,0.02451576106250286,15,15
690,0,0.024684354861373783,0.07696765207802617,0.005924019466404085,0.001589430496096611,0.024570150766521692,244,244
690,1,0.02577353966972012,0.0794383146952164,0.006310445841616234,0.001760084182024002,0.026595570147037506,244,244
690,2,0.028902130167106868,0.07283709112946896,0.005305241844202565,0.002376936376094818,0.026878366712480783,244,244
691,0,0.02608699491526374,0.06430164389132467,0.004134701407126732,0.0012475326657295227,0.025752391666173935,167,167
691,1,0.03737960929820638,0.0983379565964339,0.009670353707562118,0.002485979348421097,0.026459984481334686,167,167
691,2,0.03773730730604447,0.09785370510755131,0.009575347603275613,0.001029081642627716,0.02688221074640751,167,167
692,0,0.036488853798238276,0.08470990695815399,0.0071757683368591065,0.007129137869924307,0.027350230142474174,388,388
692,1,0.031696831331031454,0.08943849070558882,0.007999243619693699,0.002427920699119568,0.026319420896470547,388,388
692,2,0.024095712709672673,0.06894426874522414,0.0047533121928136895,0.001292504370212555,0.024514671880751848,388,388
693,0,0.024675208458247996,0.0736459329001091,0.0054237234327273705,0.001704379916191101,0.025437286123633385,317,317
693,1,0.044647572327064414,0.12065588205041154,0.014557841873362821,0.002564042806625366,0.02786673977971077,317,317
693,2,0.02603413731635369,0.09076453419714148,0.008238200668024064,0.0011539459228515625,0.02206334099173546,317,317
694,0,0.03096232338187595,0.06603333374690713,0.004360401165730425,0.0061579360626637936,0.026910639833658934,228,228
694,1,0.03185691070546837,0.08880953443785625,0.007887133407068776,0.0018003545701503754,0.025020123459398746,228,228
694,2,0.012906870061302917,0.02226731424254997,0.0004958332835764687,0.0011648014187812805,0.020751378033310175,228,228
695,0,0.030462585849380944,0.09235401179791763,0.00852926349516991,0.0013275891542434692,0.025318861939013004,158,158
695,1,0.03999245684310983,0.1027940368781361,0.010566614017703604,0.0013265050947666168,0.026884103193879128,158,158
695,2,0.019217567017325497,0.05184469530028026,0.0026878724307789026,0.0017061345279216766,0.022140171378850937,158,158
696,0,0.0335371709771384,0.0904450975136045,0.008180315664245427,0.0012768805027008057,0.02778774406760931,212,212
696,1,0.023742172528796318,0.0674599709728492,0.004550847683657657,0.0,0.02567801671102643,212,212
696,2,0.026528026728521822,0.06866133726186793,0.0047143792345879735,7.876753807067871e-05,0.025976702570915222,212,212
697,0,0.028086516678145847,0.07224849449842513,0.005219844957288966,0.0016195476055145264,0.026880365796387196,159,159
697,1,0.02173223228152818,0.061952952032844295,0.0038381682655839063,0.0013648122549057007,0.026123221963644028,159,159
697,2,0.0254095136334405,0.05650868502290087,0.0031932314830174216,0.0010782182216644287,0.024629168212413788,159,159
698,0,0.036414687631065853,0.09039967222231836,0.008172100737902598,0.0012249797582626343,0.02487410232424736,213,213
698,1,0.04288997963079614,0.132062855731957,0.017440597864079692,0.0009457170963287354,0.022335655987262726,213,213
698,2,0.01932358437440765,0.06443312298362125,0.004151627337422461,0.0015149563550949097,0.018674353137612343,213,213
699,0,0.017990004412050165,0.03328190314013897,0.0011076850766295922,0.0012960284948349,0.02536742202937603,172,172
699,1,0.025683027023427882,0.08602018881983396,0.007399472884599888,0.0,0.02575310505926609,172,172
699,2,0.041332870835525004,0.10827316354838706,0.011723077944775772,0.0011970512568950653,0.02632736088708043,172,172
700,0,0.024997353217149354,0.06166482368933991,0.0038025504806373767,0.00391719676554203,0.023833983577787876,166,166
700,1,0.041441992609705554,0.11218571337394509,0.012585634285220961,0.0022177062928676605,0.02529283007606864,166,166
700,2,0.02120524293922606,0.057567721234894544,0.003314042528178528,0.0014146976172924042,0.024355405010282993,166,166
701,0,0.029746129764152654,0.07523982573089366,0.005661031376015249,0.002714259549975395,0.02641577646136284,204,204
701,1,0.03012179633985986,0.07953244776331142,0.0063254102472238595,0.0012783706188201904,0.025760759133845568,204,204
701,2,0.022795025578827833,0.053408536848316666,0.002852471808277999,0.0006505921483039856,0.026505255606025457,204,204
702,0,0.013798639739693051,0.027600427035776916,0.0007617835725572454,0.0012034624814987183,0.020383051596581936,355,355
702,1,0.03217295002926823,0.08421679950845337,0.007092469319447033,0.0015994533896446228,0.024486475624144077,355,355
702,2,0.036310600087991064,0.10698201870479929,0.011445152326154024,0.0016632452607154846,0.025195647031068802,355,355
703,0,0.025709421114329046,0.0691196159953346,0.004777521315342515,0.0009396001696586609,0.023440837860107422,296,296
703,1,0.02162351257897712,0.04567836999781233,0.002086513485657042,0.0016490016132593155,0.02400559838861227,296,296
703,2,0.028733271809697553,0.06488431983600361,0.004209974960580812,0.0017762929201126099,0.027903614565730095,296,296
704,0,0.04458873367968546,0.10527420459026593,0.011082658152113168,0.0024629198014736176,0.02757714968174696,251,251
704,1,0.03043416588274072,0.0856871431540846,0.0073422865019085876,0.002620059996843338,0.02445810753852129,251,251
704,2,0.03342147932510333,0.09707704279138646,0.009423952237120677,0.001254260540008545,0.023621780797839165,251,251
705,0,0.024001293578530074,0.0563778735647215,0.0031784646276797235,0.0012806318700313568,0.025405506137758493,216,216
705,1,0.03271183696213282,0.08449461283818413,0.0071393395986746305,0.003596317023038864,0.026412964332848787,216,216
705,2,0.03360220565702076,0.09154425176183248,0.00838035003063377,0.0017098113894462585,0.026410973630845547,216,216
706,0,0.039315404213572804,0.11093572524126871,0.012306735134806264,0.0018372274935245514,0.026420429814606905,380,380
706,1,0.0236901844067401,0.057437108925842965,0.0032990214817591496,0.0012308470904827118,0.026719025801867247,380,380
706,2,0.024949468951672316,0.07942363619352198,0.006308113986200936,0.0006690062582492828,0.023570756427943707,380,380
707,0,0.0262185416819061,0.07095146139507737,0.005034109874097153,0.0013560280203819275,0.025448787957429886,427,427
707,1,0.024099520949616295,0.07832169915286825,0.006134288558192404,0.001584559679031372,0.025648697279393673,427,427
707,2,0.026069979966384743,0.06824216184755715,0.004656992653628183,0.001973439007997513,0.02668805420398712,427,427
708,0,0.026509972922340558,0.06496966045878404,0.004221056780129686,0.0024585071951150894,0.026608470361679792,228,228
708,1,0.023929064207007748,0.06578269442100622,0.004327362885287483,0.0014859102666378021,0.025330916047096252,228,228
708,2,0.03205172383438861,0.08557079867299681,0.0073223615855345535,0.0016940049827098846,0.024555529467761517,228,228
709,0,0.025092876404133768,0.0781859804720632,0.006113047542377847,0.0013006404042243958,0.02336889412254095,191,191
709,1,0.02012652419848826,0.040636595237150984,0.0016513328724680422,0.0016598999500274658,0.023780296556651592,191,191
709,2,0.025194268873575783,0.08731373755779166,0.007623688766310919,0.0008401274681091309,0.020498916506767273,191,191
710,0,0.034499963238318956,0.09179721155615563,0.00842672804948559,0.0012411177158355713,0.027695511933416128,202,202
710,1,0.027032045435418588,0.05884089487447556,0.003462250909629084,0.0007710978388786316,0.02606924856081605,202,202
710,2,0.019473425878008994,0.061748699401700094,0.0038129018778015173,0.0,0.023495677392929792,202,202
711,0,0.030395343941678334,0.07287987323056472,0.005311475922103184,0.0024337098002433777,0.023518681526184082,222,222
711,1,0.029087803171326716,0.07671091962731304,0.0058845651900680815,0.0020366720855236053,0.02624953119084239,222,222
711,2,0.03035006688924523,0.09001260198756457,0.008102268516571713,0.0012834183871746063,0.025178853422403336,222,222
712,0,0.03806900272902567,0.0963615601705364,0.009285550278499907,0.0004968196153640747,0.026598233729600906,160,160
712,1,0.020741208153776825,0.04064533304702325,0.0016520430985034404,0.0012088585644960403,0.024719676468521357,160,160
712,2,0.03653926407569088,0.09234327130668267,0.008527279755619604,0.001382671296596527,0.02703360002487898,160,160
713,0,0.027252232508053854,0.06782196762984384,0.0045998192931835866,0.001750349998474121,0.024445858784019947,252,252
713,1,0.02554856051158692,0.08284888945981184,0.006863938484724122,0.0016004964709281921,0.02595184277743101,252,252
713,2,0.02931977471794992,0.0638922745910199,0.004082222752414287,0.0028684642165899277,0.02558848448097706,252,252
714,0,0.02360522337805699,0.07280483626872257,0.005300544184115502,0.0002942085266113281,0.02488983189687133,170,170
714,1,0.02948312347973971,0.08725468970233863,0.007613380875051398,0.0009124726057052612,0.026027881540358067,170,170
714,2,0.01733923611943336,0.03915150229154036,0.00153284013168449,0.0007334351539611816,0.025266133248806,170,170
715,0,0.030954465045651264,0.07773807612016413,0.006043208478864433,0.002039968967437744,0.025847941637039185,469,469
715,1,0.03198234958927641,0.0753303420510357,0.005674660433526038,0.0029184818267822266,0.025461049750447273,469,469
715,2,0.025603495244341874,0.06470217339627335,0.004186371242201423,0.0015068799257278442,0.02653077431023121,469,469
716,0,0.03304207919657359,0.08435600368943981,0.007115935358452783,0.0018679462373256683,0.026332801207900047,231,231
716,1,0.02751634663849811,0.07721838327372221,0.005962678715407462,0.0012851208448410034,0.024885721504688263,231,231
716,2,0.032844692363819004,0.09354621184435925,0.008750893750429738,0.001478150486946106,0.02532358281314373,231,231
717,0,0.022248281126684814,0.05932875460473458,0.0035199011229488145,0.0015988722443580627,0.025017558131366968,166,166
717,1,0.025143167054482614,0.06482110061286558,0.004201775084663244,0.0012185871601104736,0.02550687314942479,166,166
717,2,0.027766693080494922,0.06896927478283317,0.004756760864069948,0.002068161964416504,0.026705513708293438,166,166
718,0,0.03259049719086422,0.08216664520029292,0.006751357583470819,0.002162247896194458,0.026025858707726002,247,247
718,1,0.026465612712508513,0.07180239099366244,0.005155583352406777,0.0009101927280426025,0.024157715030014515,247,247
718,2,0.023814743294226014,0.065014210870489,0.00422684761511241,0.0011462122201919556,0.025322304107248783,247,247
719,0,0.02605476557004775,0.058065335330363343,0.003371583167027541,0.0019083060324192047,0.025875303894281387,424,424
719,1,0.031631865237734084,0.09074353068211187,0.00823438836065538,0.0019647516310214996,0.024858123157173395,424,424
719,2,0.01958140310664433,0.04341238067770906,0.0018846347961063272,0.0013234000653028488,0.02496297424659133,424,424
720,0,0.029023747829442524,0.10441603743544113,0.010902708873719445,0.0,0.02646542713046074,181,181
720,1,0.020921699162469713,0.04510089262051541,0.002034090515167262,0.0009922832250595093,0.02675476297736168,181,181
720,2,0.022830130208221916,0.0722410844038985,0.005218774275851187,0.0,0.02464125119149685,181,181
721,0,0.032778847834789286,0.11567553982869337,0.013380830514659627,0.0004670247435569763,0.025290324818342924,204,204
721,1,0.029859187108848023,0.07698372790658504,0.005926494362395121,0.002190651372075081,0.027773605193942785,204,204
721,2,0.01820792445419904,0.052928793293060085,0.0028014571594594823,0.0009915679693222046,0.020682731177657843,204,204
722,0,0.025207976004042263,0.059114837487900515,0.0034945640112208883,0.002816375344991684,0.025980403646826744,224,224
722,1,0.03946971501656143,0.0986133189148574,0.009724586667403374,0.0021583084017038345,0.026994415558874607,224,224
722,2,0.024575045427939455,0.06560053141495183,0.004303429721924082,0.0012626200914382935,0.025378148071467876,224,224
723,0,0.03897939160898594,0.11260085352125684,0.01267895221371554,0.001374322921037674,0.026877618860453367,112,112
723,1,0.02672765010668497,0.07127027510652567,0.005079452113759853,0.001451488584280014,0.025212033186107874,112,112
723,2,0.016805294784717262,0.0506871489863506,0.002569187072364503,0.001562420278787613,0.021658139303326607,112,112
724,0,0.026792631001973693,0.07519284907316671,0.005653964551740028,0.001065574586391449,0.02509854780510068,330,330
724,1,0.025365442500421494,0.05666895851875904,0.0032113708596008326,0.002917232923209667,0.025516340043395758,330,330
724,2,0.028344544017630997,0.0723403000005065,0.00523311900416328,0.0016251150518655777,0.024781276937574148,330,330
725,0,0.030818710906755344,0.08238795659519278,0.00678777539193137,0.0017385128885507584,0.02630747528746724,494,494
725,1,0.031067967853180854,0.07817237587730043,0.006110920350301942,0.0015236809849739075,0.02668175706639886,494,494
725,2,0.026079464287153985,0.0613129980267835,0.0037592837270323575,0.0016100630164146423,0.026707119774073362,494,494
726,0,0.024968858337139382,0.07575787605486325,0.005739255784344024,0.0012106113135814667,0.022336473688483238,340,340
726,1,0.027184483399340775,0.07198974616494681,0.005182523552893475,0.001996878534555435,0.026130759622901678,340,340
726,2,0.02802244504530202,0.06850235605341726,0.004692572784869152,0.0017212629318237305,0.026444656308740377,340,340
727,0,0.02727368962440091,0.07938924017935468,0.006302651456255265,0.0015768688172101974,0.025234594009816647,319,319
727,1,0.029522973651410923,0.0710783565191531,0.005052132765463835,0.0015150085091590881,0.025913184508681297,319,319
727,2,0.021549253432564787,0.07188710457925579,0.005167755804788858,0.0011099576950073242,0.02213071845471859,319,319
728,0,0.02100524878064495,0.05222764391848538,0.0027277267892761034,0.0013002455234527588,0.02493172511458397,201,201
728,1,0.024681712459050008,0.054755546312864625,0.002998169852020263,0.0,0.027661118656396866,201,201
728,2,0.021622769377050707,0.057602015780303224,0.003317992221954302,0.0005347132682800293,0.025131087750196457,201,201
729,0,0.029503637497934204,0.0795978956583483,0.006335824993237302,0.0014930441975593567,0.026680973824113607,192,192
729,1,0.027478139168427635,0.07475481800968409,0.005588282815660989,0.001271754503250122,0.027311385609209538,192,192
729,2,0.02852543870297571,0.07471764142481305,0.005582725940086938,0.0013349726796150208,0.026046345476061106,192,192
730,0,0.035114915437954766,0.08600525771615852,0.007396904354822845,0.0019062049686908722,0.025185412727296352,179,179
730,1,0.031565583441094315,0.08199511236669767,0.006723198452027377,0.000999554991722107,0.027124052867293358,179,179
730,2,0.03332837784465132,0.0974332889235964,0.009493245790469012,0.002471707761287689,0.024443396367132664,179,179
731,0,0.024662701282012825,0.06925852955867705,0.004796743916630142,0.0010691583156585693,0.02551813516765833,263,263
731,1,0.02055514846776148,0.05076584943419742,0.0025771714687756026,0.0008808672428131104,0.023932861164212227,263,263
731,2,0.029426294648063726,0.07932267275436451,0.006292086412896003,0.0011934712529182434,0.02493448741734028,263,263
732,0,0.04631668797828866,0.12348495188416582,0.015248533341834746,0.0024521746672689915,0.028141260147094727,159,159
732,1,0.023539624048057217,0.05904473622833473,0.0034862808762736236,0.0007850825786590576,0.025485253892838955,159,159
732,2,0.03597716319392312,0.08834504257481071,0.007804846547545117,0.002088479697704315,0.028516162186861038,159,159
733,0,0.030346041192879546,0.08994422973817266,0.008089964463193183,0.0017789173871278763,0.025238168891519308,296,296
733,1,0.028315628724600618,0.08145904678822641,0.0066355763036464585,0.0010401196777820587,0.023692896589636803,296,296
733,2,0.019206018913914828,0.06100004028334193,0.003721004914569338,0.0013400018215179443,0.023576894775032997,296,296
734,0,0.03606198376352058,0.09882839214113397,0.009767051093201749,0.001428697258234024,0.02696381462737918,206,206
734,1,0.02769750648277622,0.08885200099378833,0.007894678080600162,0.0010895505547523499,0.023454491514712572,206,206
734,2,0.03854932472589019,0.10217620346680918,0.010439976554890788,0.0043569664703682065,0.026856860611587763,206,206
735,0,0.016138149091149665,0.023984191375657313,0.0005752414359441547,0.001322135329246521,0.024129826575517654,287,287
735,1,0.01934333246701011,0.05519096939396119,0.003046043102645161,0.0008961707353591919,0.021873018704354763,287,287
735,2,0.029391551653137397,0.08061478410869224,0.006498743416891059,0.001206710934638977,0.027004766277968884,287,287
736,0,0.018284755308497574,0.03302239934005015,0.0010904788581737445,0.001345813274383545,0.023969795554876328,153,153
736,1,0.029983480832253405,0.08196629036907827,0.006718472756868052,0.001939617097377777,0.02514992654323578,153,153
736,2,0.022604990750551224,0.08384525654125718,0.007030027044469231,0.0005406737327575684,0.025894738733768463,153,153
737,0,0.04921427364786004,0.13043640798907258,0.0170136565290918,0.0008037760853767395,0.02893085265532136,172,172
737,1,0.03159107571890101,0.07957135330640776,0.006331600267013168,0.0015766434371471405,0.02961689466610551,172,172
737,2,0.033025364131601745,0.08951378546162053,0.008012717787669026,0.0010453015565872192,0.0255506900139153,172,172
738,0,0.029685053049115003,0.06825220331789777,0.004658363257747657,0.0011098459362983704,0.027919490821659565,154,154
738,1,0.033830442508174616,0.09461893256377284,0.008952742399507793,0.0031101200729608536,0.027043699752539396,154,154
738,2,0.02034992589191957,0.04095744159001968,0.0016775120215998742,0.0009186491370201111,0.02651560353115201,154,154
739,0,0.02868216859440417,0.0776711515030062,0.006032807775802941,0.001198701560497284,0.0249697370454669,219,219
739,1,0.03226116593272242,0.09562781311891512,0.009144678641906155,0.0017742067575454712,0.026574832387268543,219,219
739,2,0.02714904578462175,0.07099741137107644,0.005040632421393855,0.0013119056820869446,0.025089443661272526,219,219
740,0,0.022489651270942497,0.06595204889184343,0.004349672753032106,0.002195782959461212,0.025637106504291296,280,280
740,1,0.030933035534274365,0.0735976937727627,0.005416620528669354,0.0022979415953159332,0.0261063389480114,280,280
740,2,0.027993158086402608,0.08726494962608314,0.0076151714332428275,0.002084260806441307,0.022607992868870497,280,280
741,0,0.024163574559821023,0.06690849853192105,0.0044767471757960805,0.0006947517395019531,0.02577194757759571,135,135
741,1,0.0343444730396624,0.10143261950856958,0.010288576300370248,0.001351330429315567,0.026038688607513905,135,135
741,2,0.02900744687627863,0.06980660197334676,0.00487296167906526,0.0016636326909065247,0.027862641029059887,135,135
742,0,0.031674964201241614,0.0830727458947255,0.006901081110489634,0.0014261603355407715,0.02448097988963127,257,257
742,1,0.02985406154041914,0.08630158892253825,0.007447964250554777,0.0011632591485977173,0.023541277274489403,257,257
742,2,0.02046897857366601,0.062265406498763255,0.0038769808464562293,0.0010150671005249023,0.022760922089219093,257,257
743,0,0.02057569750679144,0.032520708459528286,0.0010575964787096347,0.00041806697845458984,0.026957069523632526,207,207
743,1,0.0322212103691294,0.09679555277963788,0.00936937903791566,0.0,0.02606718521565199,207,207
743,2,0.024291756097227335,0.053513144739476215,0.0028636566599081308,0.0015619844198226929,0.026065457612276077,207,207
744,0,0.03247300798083266,0.08324546037715547,0.0069298066734045614,0.0024093836545944214,0.028364628553390503,189,189
744,1,0.0381202281122564,0.11474650648424393,0.013166760750338635,0.0005559623241424561,0.026544980704784393,189,189
744,2,0.02116379200446385,0.057489712345329035,0.003305067025548678,0.0016946941614151,0.02437327429652214,189,189
745,0,0.031693036354241526,0.08868162998292599,0.007864431496428598,0.0017425045371055603,0.026011533103883266,187,187
745,1,0.024180172718463736,0.05845078575923987,0.003416494355872559,0.0017253942787647247,0.026482042856514454,187,187
745,2,0.02341229121952771,0.07099627887315355,0.005040471613834589,0.0008106976747512817,0.023565183393657207,187,187
746,0,0.024220481525098002,0.07158632134498094,0.005124601403706873,0.0012643933296203613,0.02235071361064911,229,229
746,1,0.01968012050030078,0.04635979419901742,0.0021492305181752495,0.0020862743258476257,0.023366032168269157,229,229
746,2,0.031513767796832924,0.07287444107118755,0.005310684161437988,0.003318190574645996,0.02654261142015457,229,229
747,0,0.04696077984222706,0.10255470908105163,0.010517468354699133,0.007926191203296185,0.028883053921163082,47,47
747,1,0.030633440796048083,0.05697901296605143,0.0032466079185854567,0.001688927412033081,0.026851756498217583,47,47
747,2,0.05262917496184719,0.1259817838672503,0.015871409866374572,0.0002678334712982178,0.028426064178347588,47,47
748,0,0.027435133220731385,0.07232070428463719,0.00523028426822594,0.0007114112377166748,0.025273301173001528,216,216
748,1,0.021201688860956993,0.05599807005384382,0.0031357838497552003,0.0016649961471557617,0.02333656931295991,216,216
748,2,0.03145702595874253,0.07784417973190196,0.006059716318132656,0.0016401782631874084,0.025611285585910082,216,216
749,0,0.01757851295173168,0.027392561609560388,0.0007503524315335615,0.0025774873793125153,0.023914177902042866,150,150
749,1,0.027465098264316718,0.041233143924030366,0.0017001721578598025,0.005653344793245196,0.0276945810765028,150,150
749,2,0.03910105158264438,0.10911171668026873,0.011905366716915233,0.0013475455343723297,0.024936961941421032,150,150
750,0,0.026519276052713394,0.06927495142263232,0.004799018894608068,0.0016892105340957642,0.024073869921267033,175,175
750,1,0.0320032211286681,0.07855411263036985,0.006170748611144831,0.0017650201916694641,0.02350279688835144,175,175
750,2,0.03412793240909066,0.09774416732331534,0.009553922245728267,0.002325449138879776,0.024914943613111973,175,175
751,0,0.023523191165049813,0.06566340692108212,0.004311683008483616,0.0009250864386558533,0.023055631667375565,346,346
751,1,0.023573089592869398,0.0728247475415368,0.00530344385448857,0.0013218671083450317,0.025886225048452616,346,346
751,2,0.021540554273992003,0.045486657595293585,0.0020690360191914794,0.002057306468486786,0.026249051559716463,346,346
752,0,0.027587547158408495,0.08627394769487991,0.007443194050858873,0.0015548653900623322,0.026111279614269733,180,180
752,1,0.04486625698498554,0.12826545472707723,0.016452026876343902,0.0016517937183380127,0.02701830817386508,180,180
752,2,0.03412985290504164,0.10367963195706274,0.010749466082751985,0.0006513670086860657,0.0258705485612154,180,180
753,0,0.025725779902726297,0.07728438183750432,0.005972875676005167,0.0020871907472610474,0.02536592073738575,257,257
753,1,0.017946136738481687,0.04490301884964436,0.0020162811018115162,0.0011910796165466309,0.02400662936270237,257,257
753,2,0.028433972288372453,0.0803509183391296,0.006456270077941474,0.002070486545562744,0.02505326084792614,257,257
754,0,0.02195892566374528,0.06069320751479324,0.003683665438433755,0.0010734982788562775,0.024271764792501926,296,296
754,1,0.03210397908539587,0.08318833497812385,0.006920299076432543,0.0017782673239707947,0.028301370330154896,296,296
754,2,0.03903342325655693,0.12098006111034809,0.01463617518626356,0.001448303461074829,0.025402711238712072,296,296
755,0,0.02070091170636098,0.06472818935285772,0.004189738496899403,0.0012338310480117798,0.021625056862831116,353,353
755,1,0.028225856263285488,0.07677121374093392,0.00589381925925616,0.0013968795537948608,0.023347118869423866,353,353
755,2,0.03505188933502429,0.10332669193211134,0.010676405265633442,0.0019421279430389404,0.02728182263672352,353,353
756,0,0.021807336738627208,0.04290274126221881,0.0018406452078128927,0.0014137327671051025,0.026426969096064568,209,209
756,1,0.033591000251828484,0.09104441475392883,0.008289085457885412,0.0015643984079360962,0.027539798989892006,209,209
756,2,0.03119121255736317,0.08856897702844801,0.007844463691865753,0.001740783452987671,0.026783399283885956,209,209
757,0,0.014277733183865037,0.01768637764211029,0.0003128079540993388,0.001674620434641838,0.02336472738534212,140,140
757,1,0.03414150601519006,0.09242364124545659,0.008542129461068864,0.00127512589097023,0.024780160281807184,140,140
757,2,0.03131027320133788,0.09722779451260316,0.009453244025784985,0.0011050254106521606,0.024424888659268618,140,140
758,0,0.02987292041384688,0.08678047837378462,0.0075308514267829006,0.001980273053050041,0.025024989619851112,356,356
758,1,0.027342768924917733,0.07331832974903268,0.005375577477187892,0.0014348104596138,0.02620104094967246,356,356
758,2,0.023287994640596797,0.0668746033710219,0.004472212576031494,0.00121254101395607,0.024240165017545223,356,356
759,0,0.021373733247239745,0.04920652159331712,0.002421281767313584,0.001140102744102478,0.025161213241517544,279,279
759,1,0.028836444704576417,0.07468085843304016,0.005577230616295786,0.0033929049968719482,0.026748282834887505,279,279
759,2,0.03135836009590429,0.09827225539758276,0.009657436180927735,0.001472868025302887,0.02452213503420353,279,279
760,0,0.029572591676991035,0.09396481021390617,0.008829385558535406,0.0008578300476074219,0.024311796762049198,235,235
760,1,0.02967835341362243,0.10271636487274469,0.010550651612670818,0.0008851811289787292,0.024387202225625515,235,235
760,2,0.03176301160549864,0.1000484145273609,0.010009685249438637,0.0009211748838424683,0.027058145962655544,235,235
761,0,0.025109414763462085,0.07036484551256118,0.004951211484006602,0.0019235536456108093,0.024285191670060158,195,195
761,1,0.020190701605035707,0.06244548550405886,0.0038994386598376254,0.0009638071060180664,0.02347533032298088,195,195
761,2,0.028840475433912032,0.06405908329796206,0.004103566152975242,0.0020340122282505035,0.02735790889710188,195,195
762,0,0.02160534680976222,0.0718741004073812,0.005165886309370314,0.0014947839081287384,0.022874736227095127,240,240
762,1,0.0399890511102664,0.09956752032496705,0.009913691103662725,0.0015941150486469269,0.02625648071989417,240,240
762,2,0.027304654587836315,0.0775568212711423,0.006015060525683911,0.0015691444277763367,0.025943991728127003,240,240
763,0,0.025693905759025474,0.07383544203124003,0.005451672499948607,0.0020640045404434204,0.024973705876618624,342,342
763,1,0.02908278106744483,0.07791685462194235,0.0060710362341768985,0.002211032435297966,0.02636980451643467,342,342
763,2,0.036499779584289294,0.09035221422170153,0.008163522614764244,0.002886176109313965,0.026071694679558277,342,342
764,0,0.017566141158599276,0.049402343943745146,0.002440591587136093,0.0,0.02262547193095088,58,58
764,1,0.03702001604412136,0.09558670190593341,0.009136817581253773,0.0010019391775131226,0.026904094964265823,58,58
764,2,0.024296876380284285,0.054765867299843535,0.0029993002211040716,0.0,0.025895792990922928,58,58
765,0,0.035732790355531265,0.08529033830232023,0.007274441807724234,0.0015691816806793213,0.02796926163136959,213,213
765,1,0.029941325012524504,0.0757399921241219,0.005736546406962047,0.0017108768224716187,0.028048092499375343,213,213
765,2,0.02718436958032175,0.07253313679978793,0.005261055934016749,0.0013704299926757812,0.0281220693141222,213,213
766,0,0.017735938255030375,0.04519190493701035,0.00204230827183578,0.001363411545753479,0.022999277338385582,117,117
766,1,0.031068046959355857,0.08326054443502548,0.006932318259616851,0.0016470253467559814,0.02553553506731987,117,117
766,2,0.03961712681553048,0.10180959443944451,0.010365193519924171,0.0013002455234527588,0.02787700667977333,117,117
767,0,0.02491920040314873,0.07154543860132433,0.005118749784655869,0.0016305595636367798,0.023088689893484116,323,323
767,1,0.03372590569346774,0.0943139565427368,0.008895122398745245,0.001822642982006073,0.027719244360923767,323,323
767,2,0.03415315687633336,0.09639604965981545,0.009292198390017607,0.001664772629737854,0.028128626756370068,323,323
768,0,0.021064369330325954,0.04047189327856764,0.0016379741455517685,0.0018926486372947693,0.025800232775509357,234,234
768,1,0.024712666745783173,0.05928716647457112,0.0035149681085835096,0.0016075335443019867,0.025138290598988533,234,234
768,2,0.023230825769754812,0.06893222592681673,0.004751651771225706,0.0014231465756893158,0.023625656496733427,234,234
769,0,0.01795595950486577,0.04529229068566715,0.0020513915955549713,0.0013192296028137207,0.023407650180161,259,259
769,1,0.034484363844237045,0.0785587237075124,0.006171473070553272,0.004804916679859161,0.025750252418220043,259,259
769,2,0.03118380155184209,0.08074639647404959,0.006519980543544408,0.001722678542137146,0.026662972755730152,259,259
770,0,0.012923341244459152,0.019190962701224286,0.00036829304939978174,0.0010993070900440216,0.02432210650295019,48,48
770,1,0.02277211464631061,0.09041299178687677,0.008174509083853846,0.0,0.02159574069082737,48,48
770,2,0.041994111224388085,0.1286665130524183,0.016555071581068132,0.0004195868968963623,0.027412627823650837,48,48
771,0,0.027114651406670666,0.06518524071961745,0.004249115607674474,0.0017197616398334503,0.02587011829018593,176,176
771,1,0.03492575826716016,0.08408381348827677,0.007070087690731316,0.003237941302359104,0.027618310414254665,176,176
771,2,0.03892911842029372,0.12043452980501199,0.01450447596935432,0.0011120215058326721,0.023724384605884552,176,176
772,0,0.025276173173975913,0.07268044541467872,0.005282447145676092,0.0014441870152950287,0.024801422376185656,386,386
772,1,0.021902833248541687,0.047186908061322856,0.002226604292387736,0.0015615001320838928,0.02658419543877244,386,386
772,2,0.0300325153916085,0.08438780827431465,0.007121302185342488,0.0019048672111239284,0.025879541411995888,386,386
773,0,0.024754550482193344,0.07911763475160757,0.006259600128688783,0.0011497065424919128,0.023610671516507864,278,278
773,1,0.02143521694191765,0.050560701054308585,0.0025563844911031613,0.0013793781399726868,0.023520934861153364,278,278
773,2,0.03344988301999385,0.09508515159796681,0.00904118605440833,0.0014069415628910065,0.025604608934372663,278,278
774,0,0.030995836729804674,0.04554188868751207,0.00207406362522574,0.0021061506122350693,0.030619995668530464,60,60
774,1,0.024060617356250685,0.05931785682897124,0.00351860813878233,0.0006453618407249451,0.02865699864923954,60,60
774,2,0.011380046606063843,0.014249094039577768,0.0002030366809487307,0.0,0.02548110904172063,60,60
775,0,0.02714147618933596,0.07722017274208222,0.0059629550783170185,0.0014051087200641632,0.025041346438229084,488,488
775,1,0.037876006946746324,0.10808050946059067,0.011681396525260828,0.0017537251114845276,0.026104565244168043,488,488
775,2,0.029840819419315847,0.0827922795141343,0.006854561547146542,0.0027161147445440292,0.027451675850898027,488,488
776,0,0.03299768612804738,0.10020082136705999,0.010040204602633464,0.0033765416592359543,0.026065897196531296,275,275
776,1,0.023772333989089185,0.061766343919224226,0.003815081241147888,0.0016627535223960876,0.02432356681674719,275,275
776,2,0.014463861042802985,0.041211814076109576,0.0016984136194438232,0.0012998729944229126,0.01809500064700842,275,275
777,0,0.030106369955088363,0.0825286699721653,0.0068109813673745785,0.0007078945636749268,0.026110585778951645,173,173
777,1,0.030368559832302477,0.08056965848925414,0.006491469869075041,0.001796811819076538,0.027638299390673637,173,173
777,2,0.027740250303910648,0.08986056286711266,0.008074920758794306,0.001155078411102295,0.021129002794623375,173,173
778,0,0.03612881430767869,0.11332679574757246,0.012842962634412005,0.002261672168970108,0.02396240457892418,323,323
778,1,0.023937012740748217,0.07242782205620625,0.005245789407805478,0.001707620918750763,0.025037849321961403,323,323
778,2,0.03128783520737853,0.08557363733966057,0.007322847407539751,0.0019801566377282143,0.024908223189413548,323,323
779,0,0.03315494986078729,0.09383208680117201,0.008804460513462679,0.001787915825843811,0.023076691199094057,346,346
779,1,0.03122083710861861,0.08426673694203095,0.007100882954857444,0.002360258251428604,0.026778847444802523,346,346
779,2,0.027502037417897255,0.0655411356548773,0.0042956404629310285,0.0021320711821317673,0.026691936887800694,346,346
780,0,0.02183509416962889,0.054033240569465894,0.002919591086437775,0.0016622617840766907,0.024953297339379787,220,220
780,1,0.027213497019626876,0.0733391116621577,0.005378625299394435,0.0008894056081771851,0.026490455958992243,220,220
780,2,0.024754130696369843,0.054526368912797794,0.002973124906814522,0.001743324100971222,0.028260056860744953,220,220
781,0,0.028275135916105424,0.09233695778620449,0.00852611377321131,0.0013778433203697205,0.023466729559004307,403,403
781,1,0.02769143652591494,0.06961801917555843,0.004846668593928422,0.0022608209401369095,0.025817379355430603,403,403
781,2,0.03276886310539308,0.08051567317046569,0.00648277362609325,0.0021353252232074738,0.02656730357557535,403,403
782,0,0.021127361265727045,0.050157212404841604,0.0025157459562243963,0.0017504729330539703,0.026361390948295593,147,147
782,1,0.03904112742668917,0.10404948355773856,0.010826295028632107,0.00217331200838089,0.027897462248802185,147,147
782,2,0.02372496551042106,0.051631728503055224,0.002665835388213205,0.0012798979878425598,0.02548583410680294,147,147
783,0,0.029930398464399988,0.06794522314429134,0.004616553348127543,0.0017114169895648956,0.02617333782836795,378,378
783,1,0.02641537370992992,0.06501859305555165,0.004227417442923429,0.002020547166466713,0.0267698485404253,378,378
783,2,0.026883675551741683,0.06456365454463432,0.004168465488158879,0.0017713531851768494,0.026229736860841513,378,378
784,0,0.018788419900016045,0.026639301456683133,0.0007096523821000402,0.0016723349690437317,0.028237623162567616,71,71
784,1,0.031904892681140294,0.08251116443198382,0.006808092255921871,0.0,0.028478287160396576,71,71
784,2,0.026097538867886638,0.040545049755303215,0.0016439010596600134,0.000661894679069519,0.029779186472296715,71,71
785,0,0.016406751863953083,0.04471214638608342,0.001999176034450553,0.0,0.024892844259738922,177,177
785,1,0.029989872422427108,0.08862536658219186,0.007854455601827891,0.0,0.02514856681227684,177,177
785,2,0.021287946083114646,0.06089537145814862,0.003708246265025902,0.0,0.025568120181560516,177,177
786,0,0.020986332833258944,0.05860921084328097,0.0034350395956721635,0.0,0.02493039332330227,176,176
786,1,0.02513529260812158,0.06184953862186518,0.0038253654277375926,0.0005630254745483398,0.02652332279831171,176,176
786,2,0.03272837375036695,0.09498079948288625,0.009021352270408244,0.0,0.026113346219062805,176,176
787,0,0.019668871292522476,0.06888202336208579,0.004744733142454933,0.0013505220413208008,0.022209154441952705,162,162
787,1,0.023277521570339615,0.05647184328901948,0.0031890690844595744,0.003073960542678833,0.02378574525937438,162,162
787,2,0.03868866374394224,0.09572458220512009,0.009163195638344794,0.001785770058631897,0.02648566337302327,162,162
788,0,0.038850876891902135,0.1089340222723441,0.01186662120843156,0.002964979037642479,0.02474436117336154,268,268
788,1,0.03173976486944941,0.09729946693758287,0.009467186266337782,0.0012145936489105225,0.024987744633108377,268,268
788,2,0.02652756210395705,0.07754565353395328,0.00601332838200792,0.0011698827147483826,0.023511516861617565,268,268
789,0,0.023723622426050882,0.0672792840945518,0.004526502068275411,0.002604406327009201,0.02522347681224346,307,307
789,1,0.03263924180011262,0.07899921645077099,0.0062408761998357645,0.0022838078439235687,0.02409154176712036,307,307
789,2,0.02028136166777304,0.045491638162416616,0.00206948914270024,0.0014624595642089844,0.026114730164408684,307,307
790,0,0.027281806450337173,0.0702332217105773,0.004932705431847107,0.001513306051492691,0.02439388493075967,150,150
790,1,0.015270498332877953,0.03157177368367036,0.0009967768935329002,0.0011433660984039307,0.02048358041793108,150,150
790,2,0.030457882011930146,0.08196681909639356,0.006718559432780907,0.0018421951681375504,0.027241203002631664,150,150
791,0,0.03464824417868165,0.08889254043448021,0.007901883744895699,0.0022164881229400635,0.025201071053743362,373,373
791,1,0.025328565648589634,0.08592160473516085,0.007382522160265214,0.00102958083152771,0.023875446990132332,373,373
791,2,0.03305515701865063,0.08488747558182237,0.007205883510654489,0.0022352933883666992,0.02728523313999176,373,373
792,0,0.031601387104948336,0.0736795672984368,0.005428678637284879,0.004100634483620524,0.02694451157003641,371,371
792,1,0.03238743705664965,0.08114908997146215,0.006585174803196459,0.0014370232820510864,0.024885402992367744,371,371
792,2,0.029142603453881335,0.07186469632689131,0.005164534578156306,0.0024068020284175873,0.02578110806643963,371,371
793,0,0.018085518300685346,0.03441503499025568,0.0011843946333805226,0.00044718384742736816,0.026872326619923115,147,147
793,1,0.01907532656451269,0.05556391589455695,0.003087348749537398,0.000985652208328247,0.024401635862886906,147,147
793,2,0.016009907586639432,0.027390822925789548,0.0007502571805519582,0.001019790768623352,0.024973586201667786,147,147
794,0,0.031912992915345564,0.09425368266925743,0.008883756696717078,0.0012645423412322998,0.02470278926193714,252,252
794,1,0.023708177634352255,0.08700869430553479,0.007570512884754002,0.0012775138020515442,0.019884525798261166,252,252
794,2,0.04253569705086568,0.11080453259652319,0.01227764444393397,0.0014859288930892944,0.024997885338962078,252,252
795,0,0.019090739034632914,0.05291720061184045,0.0028002301205937675,0.0011490508913993835,0.02301725372672081,274,274
795,1,0.016259755364816338,0.04176470609068651,0.0017442906748414272,0.0011510252952575684,0.023835853673517704,274,274
795,2,0.022912019313088734,0.052595648470480344,0.002766302238030341,0.002240702509880066,0.02662528771907091,274,274
796,0,0.019644199815494093,0.04770305760505475,0.002275581704871172,0.0015132352709770203,0.02482573688030243,220,220
796,1,0.02138761795041236,0.047772390313854614,0.00228220127629927,0.0010086968541145325,0.025888963136821985,220,220
796,2,0.029278945969417693,0.07636171786570335,0.005831111955401279,0.002920204773545265,0.02670371951535344,220,220
797,0,0.029327442829400814,0.0730419059412461,0.005335120023529843,0.0015461072325706482,0.02652421686798334,232,232
797,1,0.037179604650410855,0.09652610988515735,0.00931728988956147,0.0037403954192996025,0.025942727457731962,232,232
797,2,0.016844500237594134,0.04309031963524433,0.0018567756462675234,0.00133475661277771,0.01966357696801424,232,232
798,0,0.037613267445531076,0.10659876251939822,0.011363296170667057,0.0031824959442019463,0.02309548482298851,202,202
798,1,0.03201081737931265,0.08770293906388923,0.007691805520444268,0.0018798857927322388,0.027508447412401438,202,202
798,2,0.0247248909851112,0.07924201047344738,0.006279296223873945,0.0018999744206666946,0.025479786098003387,202,202
799,0,0.031717321837896294,0.0817164905124843,0.006677584821676935,0.0018307380378246307,0.027370437514036894,382,382
799,1,0.025487263557740062,0.06937316812735551,0.004812636456026335,0.0016605937853455544,0.02664523897692561,382,382
799,2,0.025402383591141064,0.07311635771702615,0.005346001765804131,0.001381855458021164,0.022967679891735315,382,382
800,0,0.04199261084594374,0.10627551456572475,0.011294484996209572,0.0024000704288482666,0.02802739478647709,179,179
800,1,0.02574630515316928,0.06590206218683634,0.004343081800477644,0.0016136616468429565,0.02721092663705349,179,179
800,2,0.0321007127712309,0.0919804477366309,0.008460402765831088,0.0015844330191612244,0.025081383995711803,179,179
801,0,0.02597344273944264,0.07040487031481052,0.004956845764045287,0.0007099583745002747,0.028064547572284937,92,92
801,1,0.04695925439464981,0.11091876927560401,0.012302973377614676,0.0018331445753574371,0.02832328202202916,92,92
801,2,0.027648334644491904,0.06991446082980164,0.004888031833121868,0.0009376257658004761,0.027359281666576862,92,92
802,0,0.03228755597492878,0.08868805690181361,0.007865571437019329,0.001219421625137329,0.027750129345804453,226,226
802,1,0.033197676359090655,0.09061696254792054,0.008211433901411233,0.0013123676180839539,0.02716952096670866,226,226
802,2,0.025382803839557204,0.07109305825245223,0.005054222931686566,0.0022713225334882736,0.026828362606465816,226,226
803,0,0.020536459291931885,0.038900029329186965,0.001513212281811606,0.0010379701852798462,0.027221905067563057,174,174
803,1,0.03699144578656589,0.10897357376669431,0.011875239779485167,0.0026903441175818443,0.028684013057500124,174,174
803,2,0.028016985956065613,0.07428620565513681,0.005518440350637282,0.0022601354867219925,0.027375896461308002,174,174
804,0,0.023703336995512646,0.06178186058985393,0.0038169982979441466,0.0016317516565322876,0.02437629271298647,223,223
804,1,0.03540922222333238,0.0876636016297397,0.007684907050697702,0.0029299817979335785,0.027866167947649956,223,223
804,2,0.023609963137105176,0.061723707023175485,0.0038098160086828025,0.0015763603150844574,0.025545835494995117,223,223
805,0,0.025685562973660304,0.08329151658645,0.006937476735270874,0.001034330576658249,0.024574860464781523,328,328
805,1,0.025462109765901072,0.06650713397955861,0.00442319887017496,0.0019530877470970154,0.023867818526923656,328,328
805,2,0.02928277373700062,0.06670148787017009,0.004449088484094448,0.001431923359632492,0.02537807123735547,328,328
806,0,0.028173958694115896,0.07205873508909377,0.005192461302640194,0.0008221864700317383,0.02643841691315174,121,121
806,1,0.035926330649902014,0.0834140019586146,0.006957895722751762,0.0033442676067352295,0.02838851511478424,121,121
806,2,0.022449829049931824,0.057851727048897655,0.0033468223225401566,0.0009921491146087646,0.024327006191015244,121,121
807,0,0.027530433190714198,0.08380287355672678,0.007022921616364735,0.002388469874858856,0.025375407189130783,171,171
807,1,0.04923117299678556,0.12576457827370957,0.015816729148364024,0.0011179428547620773,0.027622684836387634,171,171
807,2,0.038440457803921566,0.09574950819031024,0.009167968318686286,0.0028140824288129807,0.025793726556003094,171,171
808,0,0.028271296642749577,0.08279589478530615,0.006855160193299486,0.001190967857837677,0.024968387559056282,258,258
808,1,0.030867977760905444,0.09285723882047857,0.008622466801363393,0.0012485124170780182,0.02330615371465683,258,258
808,2,0.019240365804050318,0.03991761078003298,0.0015934156503862055,0.0016729943454265594,0.024615978822112083,258,258
809,0,0.022999276929638452,0.051542912220511355,0.002656671800171339,0.0019704103469848633,0.0269291284494102,180,180
809,1,0.024384253886010912,0.08753878562173606,0.007663038988128265,0.0009094774723052979,0.02353241015225649,180,180
809,2,0.032281262277522024,0.08287018053493313,0.006867466821892409,0.0032568462193012238,0.02818381180986762,180,180
810,0,0.02207575537400638,0.059789750532359624,0.0035748142687217982,0.0012211613357067108,0.024797053076326847,246,246
810,1,0.0311329801059593,0.09281130626640237,0.008613938570875938,0.0030792560428380966,0.02333242353051901,246,246
810,2,0.02055759546611973,0.048838395012575406,0.0023851888274043502,0.0016201063990592957,0.023873285856097937,246,246
811,0,0.028033718250390856,0.0832054453683578,0.006923146138946776,0.0013458430767059326,0.02492923103272915,297,297
811,1,0.02926805157603238,0.07619712048158707,0.0058060011696854956,0.002173595130443573,0.026695530861616135,297,297
811,2,0.027902320309570343,0.07545282665241258,0.005693129049839023,0.0021850913763046265,0.026872266083955765,297,297
812,0,0.02055575144075349,0.038486648538833566,0.0014812221157517,0.0011778175830841064,0.025605112314224243,197,197
812,1,0.032706726148611094,0.08383820211115821,0.007028844133231412,0.0016323477029800415,0.026520337909460068,197,197
812,2,0.02609733103297008,0.07307071296330227,0.00533932909296531,0.0021100491285324097,0.026731951162219048,197,197
813,0,0.0232271829655939,0.06461142034520108,0.0041746356390242635,0.0010567009449005127,0.025007628835737705,311,311
813,1,0.02812262609828611,0.07605381866901326,0.0057841833341391495,0.0012333393096923828,0.02460451051592827,311,311
813,2,0.03575428644752196,0.10390230824932216,0.01079568965953716,0.0018097274005413055,0.025884625501930714,311,311
814,0,0.01963651442129947,0.05844197759696134,0.003415464745443731,0.0008421093225479126,0.02236852701753378,324,324
814,1,0.033802648077799397,0.08802436898152853,0.007748289534596282,0.0019150283187627792,0.026312772650271654,324,324
814,2,0.026569993417698567,0.06934741579153376,0.004809064076963867,0.0012263059616088867,0.02631999785080552,324,324
815,0,0.03364230167862528,0.09116117918553411,0.008310360590497059,0.0025715231895446777,0.026153724174946547,462,462
815,1,0.021026948708798978,0.05760887329200187,0.0033187822819739266,0.0011728182435035706,0.025777322240173817,462,462
815,2,0.0257794905284589,0.06631603377380385,0.004397816335488292,0.0014882609248161316,0.02669220743700862,462,462
816,0,0.026065897418274767,0.08297222243627031,0.006884389696013919,0.0013228952884674072,0.02430669590830803,189,189
816,1,0.02055008495571437,0.07275625961328784,0.00529347331291614,0.0006692111492156982,0.019725942984223366,189,189
816,2,0.03177692560804269,0.09418572029814758,0.00887094990808089,0.001317143440246582,0.02540374919772148,189,189
817,0,0.022357536684034666,0.05228018961977316,0.0027332182266794373,0.003072855994105339,0.025169582571834326,244,244
817,1,0.027212494098749318,0.06603254350403072,0.00436029680161171,0.0012203045189380646,0.026253645308315754,244,244
817,2,0.025651809726994424,0.06763698924948862,0.0045747623147354395,0.0016860738396644592,0.02403133176267147,244,244
818,0,0.021130071770723746,0.05675338728827564,0.0032209469686930075,0.00136459618806839,0.023974149022251368,276,276
818,1,0.027582765681723107,0.06896260281683485,0.004755840587272517,0.002309521660208702,0.027317479252815247,276,276
818,2,0.019960195045459313,0.039715082197030294,0.0015772877539168726,0.0012745261192321777,0.02671539317816496,276,276
819,0,0.034422735642179396,0.09942907964582882,0.009886141879216572,0.0015811845660209656,0.025571556761860847,427,427
819,1,0.02610649139701064,0.07310563019824586,0.005344433166682676,0.0015370137989521027,0.023756898939609528,427,427
819,2,0.022771770601320043,0.05923860803200388,0.003509212681569394,0.0016412734985351562,0.02646815963089466,427,427
820,0,0.03837497221926848,0.10469838335745613,0.010961751477664846,0.0015609636902809143,0.026326129212975502,159,159
820,1,0.02550838280281743,0.07920624536295245,0.006273629304496227,0.0013098418712615967,0.023862159810960293,159,159
820,2,0.025421653798072593,0.07046410678061045,0.004965190344389271,0.0009849518537521362,0.022653013467788696,159,159
821,0,0.033083001354142376,0.0947559401951878,0.008978688202274005,0.00203588604927063,0.02561308303847909,230,230
821,1,0.023251965516449317,0.052354375279766815,0.0027409806109346584,0.002465423196554184,0.02397514460608363,230,230
821,2,0.01977532797533533,0.050971048278423144,0.002598047762601343,0.0016288794577121735,0.024474174715578556,230,230
822,0,0.02938539944589138,0.07888094505268914,0.006222203492405364,0.001632392406463623,0.026724145747721195,215,215
822,1,0.023760166530345763,0.058273680738081785,0.003395821866763884,0.00088462233543396,0.024135710671544075,215,215
822,2,0.0428416695575728,0.1146677750870628,0.01314869864341722,0.002048097550868988,0.026910679414868355,215,215
823,0,0.03402548913175288,0.11323186562359093,0.012821455392598952,0.0008743871003389359,0.02400907687842846,156,156
823,1,0.027887821967641894,0.0646894938404877,0.004184730613338495,0.0009414590895175934,0.024735020007938147,156,156
823,2,0.03413850358591821,0.09988696383426965,0.009977405544028694,0.0019128210842609406,0.025516345631331205,156,156
824,0,0.033060920920985316,0.0820227003418757,0.006727723371373136,0.0007689893245697021,0.027098474092781544,259,259
824,1,0.03338792745354783,0.08937755838196303,0.007988347942321209,0.0020077452063560486,0.027931598015129566,259,259
824,2,0.03356596137105728,0.09970861453025465,0.009941807811542908,0.0015556886792182922,0.025218458846211433,259,259
825,0,0.02198343370191731,0.06306653952206569,0.003977388407288273,0.000983119010925293,0.023363273590803146,341,341
825,1,0.025862245245555367,0.06737237175972344,0.00453903647653038,0.0016824603080749512,0.02508111298084259,341,341
825,2,0.02987079069979729,0.07926607978849479,0.006283111405036022,0.0012709200382232666,0.02503925934433937,341,341
826,0,0.022698881184416157,0.056925927072265126,0.0032405611730368473,0.0008289515972137451,0.02611879352480173,140,140
826,1,0.03645466113063906,0.10620301417912355,0.011279080220731116,0.0011200401932001114,0.026529145892709494,140,140
826,2,0.03650899522139558,0.08654569049101739,0.007490156542566977,0.0012746378779411316,0.02789768949151039,140,140
827,0,0.03562073732378878,0.09486446797773555,0.008999267284698815,0.0010355263948440552,0.02445149142295122,252,252
827,1,0.02146645639616523,0.06274874788258253,0.003937405360831906,0.0015427134931087494,0.022335258778184652,252,252
827,2,0.030565531957628473,0.07897420108982191,0.006236924437775627,0.0022662170231342316,0.024333621375262737,252,252
828,0,0.029382477409789585,0.07672625310238432,0.0058869179151311395,0.002449238672852516,0.02471614023670554,396,396
828,1,0.0328261436144304,0.08101818197949578,0.006563945811262696,0.0027947574853897095,0.02669244259595871,396,396
828,2,0.030405053694854783,0.09136178694865393,0.008346976114451232,0.0008707419037818909,0.02491763373836875,396,396
829,0,0.028814261339313627,0.0744253947735435,0.005539139387197797,0.00253179669380188,0.024535181000828743,307,307
829,1,0.029798259315496546,0.09012857544403627,0.008123160111571336,0.0012384802103042603,0.02488559763878584,307,307
829,2,0.03226215677815171,0.08250090152627403,0.006806398752647965,0.0025779493153095245,0.026734394021332264,307,307
830,0,0.022567266314550274,0.06965379638347662,0.004851651350630821,0.001252204179763794,0.025745857506990433,233,233
830,1,0.028548296257181995,0.07306599610149184,0.0053386397863032205,0.001816578209400177,0.024950115010142326,233,233
830,2,0.024425540549097013,0.06086107257167838,0.0037040701545751026,0.0017136931419372559,0.024317659437656403,233,233
831,0,0.027244700446292604,0.09127243223816697,0.008330656886670782,0.0013957321643829346,0.025108186528086662,293,293
831,1,0.022047867140265454,0.05230261025528373,0.002735563039516111,0.0013153254985809326,0.02388286218047142,293,293
831,2,0.03061491139423827,0.08726253619470166,0.0076147502231316165,0.0016199946403503418,0.025189444422721863,293,293
832,0,0.032476472889216755,0.08076338487427061,0.0065227243363495625,0.0016293376684188843,0.025545306503772736,253,253
832,1,0.013669749254382881,0.01967822989008435,0.00038723273160700913,0.0010871291160583496,0.02384546957910061,253,253
832,2,0.02940899749164996,0.07642807186817348,0.0058412501694866895,0.002481803297996521,0.025235885754227638,253,253
833,0,0.027403560119427843,0.060484711784328495,0.0036584003596332863,0.00532246008515358,0.02573380060493946,217,217
833,1,0.03726644200929505,0.08567658819566668,0.007340477764849851,0.0037523694336414337,0.025033459067344666,217,217
833,2,0.02053770607912458,0.061959232274344786,0.0038389464640262087,0.001498788595199585,0.022532321512699127,217,217
834,0,0.028776350967708683,0.07308328517793553,0.005341166572399451,0.002036251127719879,0.027275001164525747,486,486
834,1,0.03267365854823724,0.08834817894400977,0.007805400722722771,0.0016727335751056671,0.02787837153300643,486,486
834,2,0.025203937455751155,0.060043748348099495,0.0036052517156899004,0.0024715662002563477,0.026763711590319872,486,486
835,0,0.03240546006821545,0.0764593283991618,0.00584602889925087,0.001517176628112793,0.02753416309133172,166,166
835,1,0.03437099325840911,0.08715045350481485,0.007595201546094894,0.0009346231818199158,0.02691976958885789,166,166
835,2,0.038384286911193145,0.10671249556561208,0.011387556709840777,0.0029038218781352043,0.027325755450874567,166,166
836,0,0.01814326008025091,0.018948090367287708,0.0003590301285669012,0.003520621918141842,0.026887428481131792,32,32
836,1,0.014023502852069214,0.012652556452837234,0.0001600871847922331,0.00048328936100006104,0.025328999385237694,32,32
836,2,0.04229057161137462,0.10556051300634967,0.011143021906163718,0.015562901273369789,0.029655479360371828,32,32
837,0,0.02444844782078193,0.06299677502305157,0.003968593663304974,0.00116024911403656,0.02497037686407566,163,163
837,1,0.028874112321692375,0.07383053772873636,0.005450948301314364,0.0015992149710655212,0.026587320491671562,163,163
837,2,0.021940268747554236,0.06851700026910275,0.004694579325876226,0.0009355172514915466,0.025327738374471664,163,163
838,0,0.02791210943590642,0.08567483385303565,0.007340177155745264,0.0011566057801246643,0.022855501621961594,269,269
838,1,0.020132836176006325,0.04847152156458258,0.002349488402785794,0.0010471940040588379,0.022079549729824066,269,269
838,2,0.02782939130710403,0.0807546920872964,0.006521320294114051,0.0017244219779968262,0.023603100329637527,269,269
839,0,0.026689529138977177,0.08017642929682714,0.006428259814789122,0.001959286630153656,0.025294424034655094,163,163
839,1,0.04653647732263877,0.1253098090399215,0.015702548241621594,0.00033926963806152344,0.026611614041030407,163,163
839,2,0.03166279954938618,0.09063613470890787,0.008214908914971293,0.002109311521053314,0.02741795778274536,163,163
840,0,0.019989033742551354,0.060460725430565514,0.003655499319590231,0.0010563135147094727,0.020751181058585644,207,207
840,1,0.03544528866501678,0.09711727549530794,0.00943176519963154,0.0013037994503974915,0.024773137643933296,207,207
840,2,0.017849166166703193,0.028333389170181442,0.000802780941868955,0.00120602548122406,0.02402916643768549,207,207
841,0,0.03537653308614331,0.10192325399895563,0.010388349705735624,0.001223742961883545,0.025933303870260715,295,295
841,1,0.021574782359145457,0.06151990631878738,0.003784698873472375,0.0012213289737701416,0.024770154617726803,295,295
841,2,0.03522683684161659,0.08971270443079968,0.008048369336288025,0.0019061937928199768,0.027909860014915466,295,295
842,0,0.02852045206494535,0.07705429568531641,0.005937364483560172,0.0,0.027180157136172056,158,158
842,1,0.018224819026934572,0.04936600640277534,0.0024370025881588556,0.0,0.023246409371495247,158,158
842,2,0.026605537385220014,0.06131603810711088,0.003759656529152673,0.0006262511014938354,0.026526377070695162,158,158
843,0,0.02463043040914249,0.06599507586579227,0.004355350038531677,0.0017044618725776672,0.02503073774278164,395,395
843,1,0.02794390914938118,0.07427730949477394,0.005517118705782435,0.0012067817151546478,0.02342368196696043,395,395
843,2,0.024773721962789947,0.06226895816376464,0.0038774231508006706,0.002009168267250061,0.025817410089075565,395,395
844,0,0.021627054078147766,0.05240158334457483,0.002745925937018422,0.0014550387859344482,0.024866941384971142,235,235
844,1,0.037133181097104825,0.09634924203591201,0.009283176440894754,0.0023262184113264084,0.025956393219530582,235,235
844,2,0.0343005734357111,0.0944163230418211,0.008914442056737517,0.0019637420773506165,0.027063786052167416,235,235
845,0,0.027757633726578204,0.08743863983158649,0.007645515735597903,0.0017012394964694977,0.02548566786572337,200,200
845,1,0.03363999563036486,0.08869209503865925,0.007866287722346566,0.002138000912964344,0.027954935561865568,200,200
845,2,0.024423975120298563,0.07592794118531232,0.005765052252640246,0.000710558146238327,0.026032355148345232,200,200
846,0,0.027366120878556003,0.08408263827438206,0.0070698900591805785,0.0010452121496200562,0.024869574699550867,146,146
846,1,0.021625029835339687,0.0413582086643353,0.0017105014239226996,0.0009749308228492737,0.027119082864373922,146,146
846,2,0.01438748971750475,0.031406799023285366,0.0009863870248890386,0.0018131472170352936,0.021133489441126585,146,146
847,0,0.027417560749643938,0.08012302496409024,0.006419699129396228,0.00212676078081131,0.02395504806190729,172,172
847,1,0.02996688278738496,0.08888984770281766,0.007901405024630118,0.0014587901532649994,0.025717058684676886,172,172
847,2,0.030529332325555558,0.08843211942757068,0.007820239746452124,0.0015195384621620178,0.025036218110471964,172,172
848,0,0.029190965611267196,0.0911808021100091,0.00831393867342464,0.0013994425535202026,0.023380326107144356,169,169
848,1,0.021553744980789852,0.07135700964842723,0.005091822825965736,0.0010757148265838623,0.02026265300810337,169,169
848,2,0.0267294264404026,0.0705707219655132,0.004980226798733767,0.001402437686920166,0.02418164350092411,169,169
849,0,0.029836262666941744,0.07913084496094205,0.006261690624232648,0.0015702508389949799,0.023312313482165337,226,226
849,1,0.029529983214869174,0.07062650990955853,0.004988103902004969,0.0015152879059314728,0.026925356592983007,226,226
849,2,0.023964656096578173,0.06707058843079969,0.004498463832453721,0.0017178021371364594,0.02545654447749257,226,226
850,0,0.04200666205657796,0.12064485897496158,0.014555181997088367,0.001703016459941864,0.024892482440918684,174,174
850,1,0.018366409583424014,0.040519940961684306,0.0016418656155383817,0.0011219903826713562,0.023691680748015642,174,174
850,2,0.04019808896881496,0.11274300647654985,0.012710985509371362,0.0015187114477157593,0.025219980161637068,174,174
851,0,0.03688814651291326,0.10163836376255105,0.010330356988328649,0.0015795528888702393,0.02331407740712166,265,265
851,1,0.02227852638670296,0.06198590943972024,0.003842252969069198,0.001587003469467163,0.025891758501529694,265,265
851,2,0.0248738220383255,0.07498479098951909,0.005622718879741862,0.001781068742275238,0.02469039149582386,265,265
852,0,0.024642178110712974,0.07689401280436899,0.005912689205158462,0.0016742479056119919,0.02560270857065916,342,342
852,1,0.02557627851285084,0.0728124757904971,0.005301656630741727,0.0024223309010267258,0.024918817915022373,342,342
852,2,0.0314317912241847,0.07334986339346171,0.005380202459839494,0.0021904371678829193,0.02546801045536995,342,342
853,0,0.02787643673617651,0.07168969034789222,0.005139411702176671,0.0015693455934524536,0.02757270075380802,505,505
853,1,0.0246265526049503,0.06802359617315233,0.004627209636328105,0.0015528947114944458,0.026006601750850677,505,505
853,2,0.02762012036867661,0.06515830592589589,0.0042456048311326385,0.0020157545804977417,0.026883339509367943,505,505
854,0,0.02322613605231579,0.06482953139370898,0.004202868140727898,0.0011027976870536804,0.0235946923494339,280,280
854,1,0.026277630310505628,0.05462591798422234,0.0029839909156189857,0.004342569038271904,0.02471453743055463,280,280
854,2,0.02324981611953782,0.06378394783112527,0.00406839200092371,0.0009583160281181335,0.022932133171707392,280,280
855,0,0.02379671105391245,0.05888511245478618,0.0034674564688128144,0.0016907118260860443,0.025720960460603237,332,332
855,1,0.02571875136135236,0.07393714077379068,0.005466700785803341,0.0011912602349184453,0.025632609147578478,332,332
855,2,0.03154575022734163,0.08461426656524233,0.007159574106373886,0.003165272995829582,0.02673774352297187,332,332
856,0,0.027863056069480724,0.0762443927870614,0.005813207431467699,0.0005454719066619873,0.025909453630447388,147,147
856,1,0.03349452468940393,0.07598093257357176,0.005773102114749658,0.0020969584584236145,0.02952069416642189,147,147
856,2,0.017945398294626654,0.03467421659341569,0.0012023012963671043,0.000961989164352417,0.02463395893573761,147,147
857,0,0.029774991985763947,0.07893768779590432,0.006231158554563662,0.001199483871459961,0.026644501835107803,137,137
857,1,0.02523072182207647,0.06749788756340588,0.004555964825522182,0.0010279715061187744,0.026578757911920547,137,137
857,2,0.04336702943283276,0.14432706323432773,0.020830301181845638,0.001054123044013977,0.02602422423660755,137,137
858,0,0.026055292548373975,0.05627469517475017,0.0031668413170110503,0.0024335794150829315,0.023634712677448988,188,188
858,1,0.02961718332161136,0.08174092080723114,0.006681578134414033,0.002204757183790207,0.025566857308149338,188,188
858,2,0.02691107235868719,0.08299729877180226,0.006888551603415808,0.0006926059722900391,0.02554615307599306,188,188
859,0,0.022800059017694753,0.06823688893119928,0.0046562730110088265,0.0009947381913661957,0.023043759632855654,244,244
859,1,0.032900640319223656,0.0962245409289738,0.009259162276991754,0.0012745372951030731,0.024964969139546156,244,244
859,2,0.018109874589918334,0.05189903742209538,0.0026935100853400567,0.0012313500046730042,0.023222316522151232,244,244
860,0,0.026944294913563056,0.0684968409467138,0.0046918172196794075,0.001092907041311264,0.025751644279807806,308,308
860,1,0.02566318884310494,0.08071895573846737,0.0065155498155086535,0.000932350754737854,0.024423065595328808,308,308
860,2,0.030471077101159986,0.08073543386196794,0.006518210280880198,0.0025378428399562836,0.025666984729468822,308,308
861,0,0.027384361353742472,0.08742281843093143,0.007642749182407603,0.0011989697813987732,0.024507442489266396,376,376
861,1,0.029159614707323464,0.09025199351637916,0.008145422333680546,0.0016250573098659515,0.02374650537967682,376,376
861,2,0.026026031885424905,0.06689776197715223,0.0044753105575517154,0.001811949536204338,0.025656332727521658,376,376
862,0,0.03345400302909141,0.09140033980358193,0.008354022116210244,0.0006347298622131348,0.025343923829495907,215,215
862,1,0.02384690880169009,0.05497281994007273,0.0030220109321636578,0.0006805956363677979,0.026457996107637882,215,215
862,2,0.025816180414065373,0.08949540163603259,0.008009426913994784,0.000829555094242096,0.02431295160204172,215,215
863,0,0.017334198720553622,0.05599875320657514,0.003135860360690909,0.0008052811026573181,0.017006867099553347,224,224
863,1,0.014377448745238195,0.03701986197499535,0.0013704701806477066,0.0009593330323696136,0.020105254370719194,224,224
863,2,0.02975726728826495,0.09500545953816457,0.009026037342057825,0.002174980007112026,0.022563669364899397,224,224
864,0,0.01982347790976899,0.059966800915506185,0.0035960172120399533,0.0010593831539154053,0.018220989033579826,149,149
864,1,0.019303524976083695,0.06191038154349614,0.0038328953428612674,0.0024654194712638855,0.02187601663172245,149,149
864,2,0.023568241856992245,0.05197919678301337,0.0027018368982072273,0.0014181435108184814,0.026548074558377266,149,149
865,0,0.022322099443759125,0.062472990867401525,0.003902874587918434,0.001004498451948166,0.02468239516019821,382,382
865,1,0.028075173243646223,0.0775495808215585,0.0060139374855994335,0.0011050701141357422,0.025971634779125452,382,382
865,2,0.026073137481077646,0.06852919723169408,0.004696250873220427,0.0016141943633556366,0.02679831488057971,382,382
866,0,0.020689210683809526,0.03839748909810777,0.0014743671690393052,0.00243314728140831,0.02723598200827837,191,191
866,1,0.03508286541864198,0.08360502710308194,0.006989800556907067,0.004204176366329193,0.0284566767513752,191,191
866,2,0.021114807649081604,0.06688300236216782,0.004473336004977747,0.001579388976097107,0.026112554594874382,191,191
867,0,0.02808477226258714,0.08778116937381512,0.007705533696634418,0.0008400976657867432,0.025530368089675903,193,193
867,1,0.034108873932028834,0.10462661945469535,0.010946729498517636,0.0009844601154327393,0.02554997242987156,193,193
867,2,0.03020626709946079,0.08778065875570018,0.007705444051584683,0.001302182674407959,0.026251304894685745,193,193
868,0,0.03252827678892995,0.10805141863114576,0.011675109068203111,0.0010091736912727356,0.02511100471019745,271,271
868,1,0.029658524182064945,0.0960459345031714,0.009224821534587492,0.0014203265309333801,0.025919819250702858,271,271
868,2,0.024536565193610877,0.06887414007727942,0.004743647171384708,0.0023814700543880463,0.025047818198800087,271,271
869,0,0.0248913961536759,0.07195083726271621,0.005176922982805871,0.0016057081520557404,0.026572946924716234,352,352
869,1,0.034228681345914745,0.09070887290790135,0.008228099624221798,0.001467730849981308,0.024867980740964413,352,352
869,2,0.023813667286462573,0.08291964377388744,0.006875667323588391,0.0010578632354736328,0.02274230681359768,352,352
870,0,0.035038143578276504,0.09872976730816554,0.009747566952724513,0.0012766383588314056,0.02566123940050602,128,128
870,1,0.020102851340197958,0.032433233055692776,0.0010519146064448825,0.0012708529829978943,0.02444861549884081,128,128
870,2,0.03371183617491624,0.0897136828969497,0.008048544898934445,0.002143595367670059,0.027240686118602753,128,128
871,0,0.03381504674038406,0.10083206023342454,0.010167104370916955,0.0013545453548431396,0.024781689047813416,233,233
871,1,0.02654123515022575,0.08441953160003808,0.007126657315569828,0.0018610358238220215,0.0234001986682415,233,233
871,2,0.026272214613375235,0.06557891610331505,0.004300594237285634,0.0007932931184768677,0.025711789727211,233,233
872,0,0.0213796184087793,0.0673094422669599,0.004530561018289208,0.001353096216917038,0.024784795008599758,180,180
872,1,0.028520958917215466,0.08170604962023727,0.0066758785445446755,0.0010213889181613922,0.02467641094699502,180,180
872,2,0.041904893879675206,0.1213218384570646,0.014718988486602077,0.0019733477383852005,0.02657931437715888,180,180
873,0,0.035743556483290514,0.09686868398439895,0.009383541936869348,0.00182294100522995,0.024105597287416458,260,260
873,1,0.03187810077618521,0.0864167952276713,0.007467862497421274,0.0017821062356233597,0.02386737195774913,260,260
873,2,0.022214206870502004,0.05642583109419921,0.0031838744146710984,0.0016292333602905273,0.024091503117233515,260,260
874,0,0.027174442693309025,0.07347470329773279,0.005398532024689864,0.0021947771310806274,0.02553517557680607,449,449
874,1,0.026073214086706032,0.07755771242443847,0.0060151987565118985,0.00126570463180542,0.02373444475233555,449,449
874,2,0.030323646323784422,0.0833982986960158,0.00695527622538987,0.0018624812364578247,0.025593027472496033,449,449
875,0,0.032470821914682674,0.10620561204951101,0.011279632030811238,0.0009025409817695618,0.024960794486105442,182,182
875,1,0.012255056449058619,0.018558600640045886,0.0003444216577167116,0.0012271180748939514,0.019980207085609436,182,182
875,2,0.023706793718572174,0.055782093188847165,0.0031116419205292293,0.0033638160675764084,0.02485140273347497,182,182
876,0,0.029253394989084105,0.09424720239605706,0.008882535159483344,0.0009744167327880859,0.022928278893232346,289,289
876,1,0.02639971643196464,0.058976391881006424,0.0034782147993020407,0.0017996728420257568,0.027048693969845772,289,289
876,2,0.02268618671062393,0.06423069339139294,0.0041255819735391275,0.0011433213949203491,0.023341218009591103,289,289
877,0,0.04163627512092497,0.1103149939115226,0.012169397881699266,0.0010800659656524658,0.027984028682112694,141,141
877,1,0.03377104048610579,0.09067627774255796,0.008222187345245512,0.0006704032421112061,0.02778555080294609,141,141
877,2,0.01855869443941835,0.057959730296855555,0.0033593303360842357,0.0005190372467041016,0.0223209410905838,141,141
878,0,0.02831204350765987,0.07100082599247175,0.005041117291613251,0.0029814690351486206,0.025896921753883362,329,329
878,1,0.03185037847347897,0.08685928825205314,0.007544535955653255,0.0013862550258636475,0.027194183319807053,329,329
878,2,0.03349533685876515,0.08805077855437504,0.007752939604031591,0.0014396607875823975,0.024974333122372627,329,329
879,0,0.033150814898329335,0.09071605931585018,0.008229403417796847,0.0015796162188053131,0.024634625297039747,216,216
879,1,0.022907000711981068,0.06162859329899473,0.0037980835120128976,0.0010346118360757828,0.024527702014893293,216,216
879,2,0.02838343868670226,0.0841128830288535,0.0070749770914255924,0.00150240957736969,0.025591869838535786,216,216
880,0,0.02405870847721049,0.07481539013665998,0.005597342601300639,0.0009599104523658752,0.023563955910503864,235,235
880,1,0.0269894353668899,0.08166218315575707,0.006668712157764414,0.0012731626629829407,0.023543373681604862,235,235
880,2,0.022720066180571596,0.056149398973298285,0.0031527550050626306,0.0018468201160430908,0.02445630170404911,235,235
881,0,0.022979209072887898,0.07208297868849745,0.0051959558166063775,0.0015300288796424866,0.02309452835470438,375,375
881,1,0.024083286186059316,0.06717123852507259,0.004511975284992195,0.0014499649405479431,0.024192131124436855,375,375
881,2,0.022660701749225458,0.05661152517409424,0.003204864782537106,0.00116623193025589,0.024043578654527664,375,375
882,0,0.028085624703260904,0.07082776598024035,0.005016572433751691,0.0006073415279388428,0.02749834954738617,170,170
882,1,0.0303984919015099,0.08009232798092258,0.006414781001403674,0.0008399039506912231,0.026212445460259914,170,170
882,2,0.027821727842092515,0.08011936217998014,0.006419112196126832,0.0014637373387813568,0.025611091870814562,170,170
883,0,0.030510782574613888,0.0858302509688385,0.007366831981373803,0.0027460879646241665,0.024427260737866163,150,150
883,1,0.021383485452582437,0.05072066663198154,0.0025725860235926057,0.0007089972496032715,0.026027736719697714,150,150
883,2,0.021098393543312947,0.028613187128919037,0.0008187144776745381,0.0015612579882144928,0.02757252799347043,150,150
884,0,0.03568999722654767,0.10025620619757963,0.010051306881131605,0.0014896020293235779,0.024632463697344065,136,136
884,1,0.03286163696526166,0.0891463586418407,0.007947073259099685,0.0010936260223388672,0.026991654187440872,136,136
884,2,0.03030153250266962,0.08582294317464978,0.007365577575159166,0.000655248761177063,0.02813508966937661,136,136
885,0,0.0232836750819426,0.0567556320208196,0.0032212017660826838,0.001357540488243103,0.02333125378936529,262,262
885,1,0.032676744477411035,0.09297130916308251,0.008643664327497469,0.001735832542181015,0.025080950930714607,262,262
885,2,0.02876771645592028,0.07321586473182992,0.005360562848429617,0.0019432678818702698,0.02289828471839428,262,262
886,0,0.015181164050267803,0.026024842969444354,0.0006772924515842371,0.0,0.025326542556285858,45,45
886,1,0.01980805043131113,0.03737791674587172,0.0013971086602613176,0.002403322607278824,0.026212211698293686,45,45
886,2,0.021827457348505656,0.04950604806710766,0.0024508487952227737,0.0,0.027375420555472374,45,45
887,0,0.03135333920241648,0.07508160567832227,0.005637247511235075,0.0018384531140327454,0.027547212783247232,574,574
887,1,0.030675532780620123,0.08016505300262766,0.006426435722914101,0.0013591237366199493,0.027069689705967903,574,574
887,2,0.022218799470024968,0.05828778640827143,0.003397466044376272,0.0017603803426027298,0.02547984989359975,574,574
888,0,0.037270439511093385,0.08748411423996606,0.007653470244351433,0.004348688526079059,0.026268163230270147,312,312
888,1,0.03368008798227096,0.1050178050955547,0.011028739387087915,0.0015529096126556396,0.02679384918883443,312,312
888,2,0.02681283654871946,0.06853207530356208,0.004696645345413103,0.00203811377286911,0.024583949241787195,312,312
889,0,0.029687583695427615,0.07168308625310849,0.005138464854770592,0.002105921506881714,0.027430720627307892,217,217
889,1,0.018144234890453,0.03778574652775382,0.0014277626406596603,0.0011098086833953857,0.02526906505227089,217,217
889,2,0.03741531417391816,0.10030096004628548,0.010060282586206556,0.0022138655185699463,0.029209526255726814,217,217
890,0,0.029279996453252917,0.06996117948212727,0.004894566634530426,0.001817546784877777,0.02703412715345621,382,382
890,1,0.022544285243484362,0.07069481175425042,0.004997756408968905,0.0015246924012899399,0.02424038527533412,382,382
890,2,0.028268826725595286,0.07378075994972215,0.005443600538758525,0.0024491436779499054,0.02486091200262308,382,382
891,0,0.03249196111872132,0.09573015106883531,0.009164261823662031,0.0028899163007736206,0.025611642748117447,361,361
891,1,0.024458142494075928,0.06886172660203006,0.004741937390612734,0.001514822244644165,0.023880280554294586,361,361
891,2,0.026688075000084834,0.07363178892745867,0.005421640340657826,0.00131949782371521,0.025673434138298035,361,361
892,0,0.026710188830470515,0.07799880555336525,0.006083813667751681,0.001017451286315918,0.023851564154028893,159,159
892,1,0.03656941020872983,0.10087517055861309,0.01017580003522928,0.0009261593222618103,0.027675410732626915,159,159
892,2,0.019071890949125186,0.050035358822999636,0.0025035371325463278,0.0011264309287071228,0.023050304502248764,159,159
893,0,0.03088630438122871,0.08306459806078251,0.006899727450999354,0.0018065143376588821,0.02661694074049592,274,274
893,1,0.04290622903754676,0.11399839350081502,0.012995633720766665,0.0010808780789375305,0.028073588386178017,274,274
893,2,0.016246077251097148,0.05199442936828926,0.0027034206853340207,0.0012861564755439758,0.01969136670231819,274,274
894,0,0.02823967826194488,0.08160957857871581,0.0066601233157955915,0.0016158223152160645,0.02623584447428584,130,130
894,1,0.0226587023657675,0.06636800714883592,0.004404712372907936,0.0010610371828079224,0.025105450302362442,130,130
894,2,0.03178843160589727,0.08232451793156068,0.006777326252663856,0.0028802193701267242,0.02628735965117812,130,130
895,0,0.04096280618519713,0.10671904641463668,0.01138895486764938,0.0019002221524715424,0.025721400044858456,292,292
895,1,0.026040931835081684,0.07296458534988756,0.005323830715281027,0.001283399760723114,0.024739679414778948,292,292
895,2,0.019530340482174637,0.04824161858476411,0.0023272537636778584,0.002027764916419983,0.02202790230512619,292,292
896,0,0.03550643397704045,0.09740093324393223,0.009486941796788943,0.001795455813407898,0.02425260655581951,321,321
896,1,0.023901426690308567,0.07970624503670223,0.00635308549785082,0.0013598799705505371,0.023614415898919106,321,321
896,2,0.023355386559372752,0.06865571042707794,0.004713606574246779,0.0012034475803375244,0.022284314036369324,321,321
897,0,0.02335235582288812,0.050253543571271514,0.0025254186414696844,0.0022335946559906006,0.02652947325259447,228,228
897,1,0.034860013747228344,0.09035218216270956,0.008163516821563452,0.004277514293789864,0.023906960617750883,228,228
897,2,0.027509109735930043,0.06879298786627079,0.00473247517956888,0.0015227776020765305,0.02514331042766571,228,228
898,0,0.01923631669648882,0.06201231833659701,0.003845527625479446,0.0010439306497573853,0.022790929302573204,318,318
898,1,0.02383437066239381,0.06103723694591412,0.0037255442939916634,0.0016256682574748993,0.02449753787368536,318,318
898,2,0.030437268445608002,0.09738957660585809,0.0094847296314683,0.0014876723289489746,0.024976301472634077,318,318
899,0,0.03156868953275796,0.10296634312917581,0.010602067817395172,0.0014630258083343506,0.025274199433624744,207,207
899,1,0.02073481388318078,0.057208077881353486,0.0032727641748790063,0.0018976107239723206,0.024653050117194653,207,207
899,2,0.02869738371601859,0.08808464349007492,0.007758904418773597,0.0010235682129859924,0.023205602541565895,207,207
900,0,0.03205485284949342,0.08785909167354435,0.00771921998970027,0.0013105347752571106,0.02514444710686803,330,330
900,1,0.031123983312511084,0.07990325355119969,0.006384529928067305,0.0013170167803764343,0.02499333769083023,330,330
900,2,0.03689317773237373,0.10114080069137606,0.010229461564492654,0.0013097338378429413,0.02666389523074031,330,330
901,0,0.01816570527253175,0.055934713073333066,0.0031286921265960966,0.0011420249938964844,0.02167571149766445,221,221
901,1,0.020481003600075775,0.058429316719808964,0.0034139850523437474,0.0010959506034851074,0.02236083522439003,221,221
901,2,0.020396892116215433,0.05393510501358937,0.002908995552826913,0.0011270642280578613,0.023334499448537827,221,221
902,0,0.032010813945654165,0.08225719992781112,0.00676624693996389,0.0018548890948295593,0.02827242575585842,134,134
902,1,0.035412528677217996,0.09197076682512298,0.008458621950401141,0.0020749643445014954,0.026555032934993505,134,134
902,2,0.025941532417965023,0.08827584848147542,0.007792625425124407,0.0005800426006317139,0.02535501215606928,134,134
903,0,0.01900267815505043,0.05972039804480484,0.00356652594262993,0.0009867995977401733,0.01983984373509884,259,259
903,1,0.028211192756488517,0.07951530621202986,0.006322683921992875,0.0015085823833942413,0.023434589616954327,259,259
903,2,0.033088419507311576,0.09127454171137778,0.008331041964622043,0.0018234923481941223,0.02607005275785923,259,259
904,0,0.02911226151821514,0.07001231283454781,0.004901723948442588,0.0006822496652603149,0.02815082762390375,60,60
904,1,0.0174254327857246,0.048407678488348274,0.0023433033366312963,0.0,0.02603825554251671,60,60
904,2,0.04919982704644402,0.1182548180640569,0.013984201995363198,0.0031146779656410217,0.028904792852699757,60,60
905,0,0.033425148166438094,0.08636002549737504,0.007458054003907267,0.0012172423303127289,0.026685617864131927,134,134
905,1,0.02804108362978519,0.09803331237425926,0.009610530335069093,0.0011259019374847412,0.024182111490517855,134,134
905,2,0.022376579142161714,0.05096467971584887,0.0025973985785390573,0.001200694590806961,0.0258886544033885,134,134
906,0,0.026180167521896034,0.0702237600330308,0.0049313764731766935,0.0007882341742515564,0.022681718692183495,348,348
906,1,0.02542642794212262,0.09470169807542426,0.008968411618368817,0.0019953344017267227,0.023594808764755726,348,348
906,2,0.030309874315521325,0.088269841646119,0.007791564944230923,0.0014207251369953156,0.026670492719858885,348,348
907,0,0.026864621481678872,0.05794147223469939,0.0033572142047244404,0.001978933811187744,0.026757651939988136,161,161
907,1,0.021089610134638986,0.044998460646570496,0.0020248614605609537,0.0014780163764953613,0.02517135813832283,161,161
907,2,0.026028165668943285,0.0697777964927789,0.004868940883387667,0.0017906874418258667,0.026457229629158974,161,161
908,0,0.032828328653481925,0.07935508995603191,0.006297230301929917,0.0024175606667995453,0.025305465795099735,314,314
908,1,0.027681403873476444,0.06735560946360512,0.004536778126213692,0.001371387392282486,0.024497865699231625,314,314
908,2,0.022657588517269605,0.06751118956446531,0.004557760716409169,0.0015637222677469254,0.024763451423496008,314,314
909,0,0.032105440699911496,0.10170133792394487,0.010343162135520428,0.0013526007533073425,0.026232095900923014,188,188
909,1,0.025712117285249716,0.06896632252747457,0.004756353642963646,0.0011429563164710999,0.02729207230731845,188,188
909,2,0.03683950220472477,0.08075367417816291,0.0065211558932728965,0.001543622463941574,0.028749676886945963,188,188
910,0,0.020124852487627985,0.04826683880056619,0.002329687727799842,0.0013520494103431702,0.022779266349971294,295,295
910,1,0.030439473638090037,0.08090129750029343,0.006545019937230983,0.0012555122375488281,0.026646059937775135,295,295
910,2,0.020096121999924464,0.04710925533564657,0.0022192819382791445,0.0016247108578681946,0.02512770425528288,295,295
911,0,0.030321085695741753,0.07234726143238406,0.005234126236765725,0.002413243055343628,0.02701900340616703,165,165
911,1,0.03512675558978861,0.09397174384557032,0.008830688641377482,0.0021663010120391846,0.026462728157639503,165,165
911,2,0.027261886203830892,0.06684671473052176,0.004468483270263755,0.0010415911674499512,0.02422475442290306,165,165
912,0,0.031071904924158986,0.09254333826095719,0.008564269456481944,0.002222727984189987,0.028433047700673342,190,190
912,1,0.03224555499557602,0.08214590460309402,0.006747949643060624,0.002341104671359062,0.029217772651463747,190,190
912,2,0.028617030313532604,0.062116892281770045,0.0038585083067450227,0.0016055256128311157,0.027517588809132576,190,190
913,0,0.033774323703872546,0.09554741351201616,0.009129308228836208,0.0012467652559280396,0.02490348182618618,283,283
913,1,0.024570074774877763,0.0685694786037142,0.00470177339598522,0.0027374885976314545,0.02587953396141529,283,283
913,2,0.02092114388251631,0.052656961604758946,0.002772755605445058,0.001758761703968048,0.02362036518752575,283,283
914,0,0.026799680358434778,0.07788285971005217,0.006065739836615668,0.001259639859199524,0.022094493731856346,249,249
914,1,0.038994071642348326,0.1101030045523879,0.01212267161146315,0.0013030767440795898,0.025833243504166603,249,249
914,2,0.022691944038054072,0.05540880208515535,0.003070135348511916,0.0015198290348052979,0.024835165590047836,249,249
915,0,0.03031152018247554,0.0831289796269344,0.006910427253815275,0.0015361569821834564,0.027017478831112385,322,322
915,1,0.02594463672396374,0.06995429239583278,0.0048936030246016695,0.0014860592782497406,0.024753127712756395,322,322
915,2,0.02887533962009301,0.07994706312167908,0.006391532901781739,0.001576114445924759,0.02481431746855378,322,322
916,0,0.02614089435646458,0.0705098142905018,0.004971633911281051,0.0012060701847076416,0.023934947326779366,189,189
916,1,0.03310470687590106,0.0790365504708983,0.006246776310338855,0.0018832087516784668,0.025657569989562035,189,189
916,2,0.02998948429844209,0.07523219176791553,0.005659882678204417,0.0022232308983802795,0.02869206666946411,189,189
917,0,0.018064777027346365,0.04086982302085317,0.00167034243375586,0.0010421238839626312,0.021696151699870825,262,262
917,1,0.022710367354727885,0.06756966033403145,0.004565658997656382,0.001887710765004158,0.02271931478753686,262,262
917,2,0.03317429413059229,0.08496576685289585,0.007219181536900656,0.001990959048271179,0.02541992999613285,262,262
918,0,0.02632999598648246,0.08332164250498608,0.006942496109728704,0.0013831257820129395,0.02434164099395275,365,365
918,1,0.027970520563882915,0.08054749372641598,0.006487898745607021,0.0015915632247924805,0.025191277265548706,365,365
918,2,0.024266186715039897,0.07344445688478288,0.0053940882471007305,0.0011836141347885132,0.024833211675286293,365,365
919,0,0.024127506552711613,0.0634484833959732,0.0040257100452490875,0.0013979673385620117,0.023329986725002527,308,308
919,1,0.020056748191233386,0.05192947776580676,0.0026966706610294187,0.001263609156012535,0.024975438602268696,308,308
919,2,0.032175315075324146,0.09162613702463308,0.008395348986056837,0.001773696392774582,0.02615658799186349,308,308
920,0,0.030439687074888366,0.08830258866900005,0.007797347165646617,0.0013525411486625671,0.02649318054318428,427,427
920,1,0.027799376834018168,0.0717087106067161,0.005142139176877758,0.0015335530042648315,0.026642542332410812,427,427
920,2,0.04271361650789998,0.11998621256514069,0.014396691205727128,0.0019987598061561584,0.02725815586745739,427,427
921,0,0.01923082369863044,0.07207385596596835,0.0051946407138031515,0.0,0.020137249026447535,158,158
921,1,0.018631631697091876,0.08284980092471095,0.006864089513264236,0.0,0.025312661658972502,158,158
921,2,0.019710596886616718,0.069002666082653,0.00476136792651411,0.0,0.02203610586002469,158,158
922,0,0.03599353760261746,0.0953151247306597,0.009084973002421217,0.0007938891649246216,0.028787784278392792,85,85
922,1,0.039362827677498845,0.09653655272478254,0.009319306011984718,0.0012097358703613281,0.029145117849111557,85,85
922,2,0.019368030229473816,0.023437743213424237,0.0005493278069384139,0.000751495361328125,0.027667095884680748,85,85
923,0,0.024452853036626917,0.08313561299108685,0.006911530147403768,0.0005807280540466309,0.024704746436327696,232,232
923,1,0.02499604190635527,0.07913302381076096,0.006262035457434459,0.0006563141942024231,0.02531259087845683,232,232
923,2,0.026895924122072756,0.08646956287538533,0.007476985303860217,0.0009148642420768738,0.025971642695367336,232,232
924,0,0.027462895826569626,0.07385477602168027,0.005454527941212557,0.0,0.027433774434030056,91,91
924,1,0.032870549555090105,0.09014049699472518,0.00812530919845606,0.0007242858409881592,0.02817924227565527,91,91
924,2,0.04561249715286297,0.12961839533489397,0.016800928409192863,0.0015449076890945435,0.027187377214431763,91,91
925,0,0.024878676722545436,0.08307256201210647,0.0069010505592552755,0.0008730888366699219,0.024538809433579445,303,303
925,1,0.03713021774103146,0.10635031152554403,0.011310388761580262,0.0010618120431900024,0.023296991363167763,303,303
925,2,0.021841941173910702,0.04918703451747321,0.0024193643646231006,0.0022661052644252777,0.02543686516582966,303,303
926,0,0.028386112891631312,0.08426692411844562,0.007100914500383871,0.0012251436710357666,0.02192954160273075,332,332
926,1,0.024147937133212585,0.07088791709907746,0.005025096790645679,0.0011414475739002228,0.022974354680627584,332,332
926,2,0.02048171036147389,0.051153291709311016,0.002616659252697867,0.0017845705151557922,0.02325086249038577,332,332
927,0,0.03297208733359025,0.07778893272778073,0.006051118054927197,0.0019791647791862488,0.02618345618247986,262,262
927,1,0.03965638991701239,0.11628606185840641,0.013522448182537122,0.001612633466720581,0.023483120370656252,262,262
927,2,0.02730477651410544,0.09611491279524972,0.009238076461638458,0.0009278580546379089,0.02238010475412011,262,262
928,0,0.02668638914544585,0.0718920444668411,0.005168466057622258,0.0004922002553939819,0.02595095057040453,207,207
928,1,0.029657954548076154,0.09350139493913218,0.008742510855563573,0.00099906325340271,0.02522288542240858,207,207
928,2,0.040860933283172945,0.11426546977949592,0.013056597583928894,0.0009572803974151611,0.024988317862153053,207,207
929,0,0.038394184540661555,0.10326923465200229,0.01066453482561031,0.00098332017660141,0.024507034569978714,315,315
929,1,0.01607722866807192,0.02711777892297066,0.0007353739337151117,0.00139540433883667,0.024473490193486214,315,315
929,2,0.02785481189688047,0.0831007828539927,0.006905740110946445,0.0017867237329483032,0.023043743334710598,315,315
930,0,0.025785069027496083,0.06887321808888718,0.0047435201699194155,0.0012099742889404297,0.025272595696151257,222,222
930,1,0.03224841000193411,0.09871288337481844,0.009744233344170508,0.0013156123459339142,0.024917721282690763,222,222
930,2,0.019872675247087673,0.05354784921489438,0.002867372155541065,0.0013522766530513763,0.023361245170235634,222,222
931,0,0.03365735182752674,0.07380188692921973,0.005446718514313333,0.0032542645931243896,0.027453621849417686,409,409
931,1,0.031439956534918045,0.08850671622518085,0.00783343881696469,0.002144850790500641,0.027638299390673637,409,409
931,2,0.02280438664394333,0.06425811536022712,0.004129105389648256,0.001782059669494629,0.023805588483810425,409,409
932,0,0.03249534109900157,0.08832725621102261,0.007801704189767633,0.0015499591827392578,0.02603774331510067,229,229
932,1,0.02011814984741039,0.05844500909485499,0.003415819088097683,0.0012797117233276367,0.024335427209734917,229,229
932,2,0.021743581313070512,0.052201890771328446,0.0027250374001017057,0.0010716915130615234,0.025652548298239708,229,229
933,0,0.022259753294678098,0.0559983478542603,0.003135814962406739,0.0012258589267730713,0.023009417578577995,249,249
933,1,0.03221229627638696,0.09064032599479302,0.00821566869644235,0.0011714398860931396,0.026052488014101982,249,249
933,2,0.024668412419582106,0.05863111618156781,0.003437607784696503,0.00130404531955719,0.024423496797680855,249,249
934,0,0.023331900636958496,0.058747234328360945,0.0034512375412313503,0.0011413544416427612,0.02444457821547985,391,391
934,1,0.03196971720117894,0.09297383558285233,0.008644134102987257,0.0017646588385105133,0.026356548070907593,391,391
934,2,0.031784954485590655,0.08833724786983396,0.007803469361216486,0.001714944839477539,0.026227805763483047,391,391
935,0,0.038477380561535476,0.09793019534646127,0.009590323160596066,0.0015698708593845367,0.024781329557299614,122,122
935,1,0.023953191768072667,0.06944208322963259,0.004822202923271221,0.0010016411542892456,0.025270183105021715,122,122
935,2,0.014210875260597859,0.03753161935191669,0.0014086224511771675,0.0009367391467094421,0.01723778247833252,122,122
936,0,0.027721383268394136,0.0742830891470003,0.005517977333221193,0.001486562192440033,0.025851374492049217,279,279
936,1,0.029160275537934568,0.0753734402878357,0.005681155500823934,0.001795656979084015,0.022956835106015205,279,279
936,2,0.025671393321793672,0.07362829498522844,0.005421125822431816,0.001335345208644867,0.02203857433050871,279,279
937,0,0.026987186459889963,0.06114387098475454,0.003738572959000308,0.003871956840157509,0.02742233220487833,199,199
937,1,0.025091130585975983,0.07089829170313709,0.005026567766423118,0.00150192528963089,0.023740503005683422,199,199
937,2,0.020902950410267816,0.04792104113504513,0.002296426183466688,0.000839918851852417,0.02657944615930319,199,199
938,0,0.02266140605558406,0.04323819033633514,0.0018695411035611455,0.0011439323425292969,0.027956224977970123,182,182
938,1,0.026385127858432767,0.07217618482293756,0.005209401655594841,0.0021981429308652878,0.024547234177589417,182,182
938,2,0.02424254262778949,0.06053684249960426,0.003664709299821893,0.0012343339622020721,0.02428871626034379,182,182
939,0,0.021906682321479402,0.05489334805891384,0.00301327966111706,0.0012084431946277618,0.02312989952042699,208,208
939,1,0.015411486188755728,0.0366933298466611,0.00134640045523587,0.000914253294467926,0.021268596407026052,208,208
939,2,0.03279421645073363,0.08332926633913554,0.006943766628618587,0.0012861639261245728,0.027328415773808956,208,208
940,0,0.022624030108095477,0.0748416580371686,0.005601273777752484,0.0009145438671112061,0.02567743882536888,189,189
940,1,0.029585717374054844,0.0947072998427585,0.008969472643506164,0.001516103744506836,0.02607038803398609,189,189
940,2,0.02956169495290076,0.08288684427850464,0.006870228954449077,0.0011897683143615723,0.0252081286162138,189,189
941,0,0.03802809842479069,0.10475186474845366,0.01097295316827833,0.0029477477073669434,0.025689387694001198,299,299
941,1,0.026972137361976713,0.07411576697013657,0.005493146913571586,0.0015804953873157501,0.024858100339770317,299,299
941,2,0.025717082704389375,0.0667181873457532,0.004451316522703023,0.0016453079879283905,0.024031760171055794,299,299
942,0,0.028016399922250194,0.06887129951071591,0.004743255896294738,0.0016171932220458984,0.02539738081395626,237,237
942,1,0.016970773985931643,0.049070349399422473,0.0024078991901814012,0.0010659098625183105,0.02330978587269783,237,237
942,2,0.023171657476306968,0.06657167390663027,0.004431787766730717,0.000762641429901123,0.02301538735628128,237,237
943,0,0.024935522484593093,0.06640225275181323,0.004409259170515687,0.0,0.027132535818964243,200,200
943,1,0.030498762726783753,0.09057337293673048,0.008203535885136061,0.0,0.025844155345112085,200,200
943,2,0.03540238226763904,0.10046953351052702,0.010094127163822913,0.0,0.027621350716799498,200,200
944,0,0.03479624354213545,0.09301955959051413,0.008652638466413207,0.0018645189702510834,0.02582638245075941,431,431
944,1,0.026738844192835336,0.0724883197663936,0.00525455650255493,0.001337096095085144,0.026343530043959618,431,431
944,2,0.022386446454737276,0.04920679720985048,0.002421308891651349,0.0015941374003887177,0.02523365244269371,431,431
945,0,0.03218607111605552,0.0959199506456552,0.00920063693186493,9.420514106750488e-05,0.025834590196609497,159,159
945,1,0.04368394743885447,0.11686877495530408,0.01365831055955351,0.0021007806062698364,0.02700214274227619,159,159
945,2,0.023836257703508595,0.06003172584192098,0.003603808107559563,0.0012802481651306152,0.02867533639073372,159,159
946,0,0.02967289195167927,0.08155017101074143,0.006650430391881172,0.0008152350783348083,0.026679692324250937,196,196
946,1,0.03219104817194142,0.09810507527320171,0.009624605794360573,0.0006751567125320435,0.0262873494066298,196,196
946,2,0.0218749287329158,0.05123318464990954,0.0026248392093717265,0.0005058720707893372,0.02615934330970049,196,196
947,0,0.0247294100306806,0.06308441719357115,0.003979643692652536,0.0018924511969089508,0.02559996396303177,305,305
947,1,0.031876980104163045,0.08861887944014282,0.00785330579322657,0.0015621930360794067,0.023712394759058952,305,305
947,2,0.042781836247896075,0.11242148739291476,0.01263859082763529,0.0019762367010116577,0.02884850464761257,305,305
948,0,0.025639020586656833,0.07908858895627757,0.00625500490309503,0.00119076669216156,0.024612780660390854,241,241
948,1,0.03020895828968262,0.07827553079184771,0.006127058720745498,0.0009956061840057373,0.025392526760697365,241,241
948,2,0.02706722768325034,0.07182205375819062,0.005158407406044422,0.0005165338516235352,0.02673790045082569,241,241
949,0,0.041020600837585866,0.10032839804322667,0.01006578745392013,0.0022520478814840317,0.02429429069161415,268,268
949,1,0.02857597822101036,0.07059959415823303,0.004984302695307211,0.0019170977175235748,0.025203980039805174,268,268
949,2,0.04039235568758267,0.10908703346494436,0.011899980870181891,0.0014781728386878967,0.026529294904321432,268,268
950,0,0.019839098321443253,0.04843126290673085,0.0023455872267408836,0.001256212592124939,0.025086499750614166,275,275
950,1,0.02506368732249195,0.06200071711866677,0.0038440889232289385,0.0011502057313919067,0.027295177802443504,275,275
950,2,0.03232756662436507,0.09864814561993196,0.009731456634251302,0.00150405615568161,0.026255615055561066,275,275
951,0,0.01638670067670716,0.03724141669563161,0.0013869231174976687,0.0007342696189880371,0.02389499731361866,119,119
951,1,0.023045656662590865,0.05369496742525658,0.0028831495267993656,0.002104051411151886,0.02661015000194311,119,119
951,2,0.030529290969882692,0.08628721750751027,0.007445483905188387,0.0008067190647125244,0.025631355121731758,119,119
952,0,0.028094255060079645,0.07859269172816716,0.0061768111930787135,0.0013333559036254883,0.026886786799877882,244,244
952,1,0.02633571375512564,0.07729965824952596,0.005975237165493508,0.0013687536120414734,0.02403509756550193,244,244
952,2,0.030057859194816135,0.07498148045674125,0.00562222241148467,0.003505808301270008,0.026847408153116703,244,244
953,0,0.02241790853746113,0.05231026499008578,0.002736363823332994,0.0020356252789497375,0.0244602020829916,305,305
953,1,0.016914445555723103,0.04557751038816003,0.0020773094531828353,0.0012453794479370117,0.020229341462254524,305,305
953,2,0.030678321108160937,0.07727553955096152,0.0059715090128922175,0.0029700584709644318,0.024689311161637306,305,305
954,0,0.027496254937089393,0.06984866227301663,0.004878835621329936,0.0007663965225219727,0.025033563375473022,191,191
954,1,0.02564376776462606,0.06513588709249495,0.00424268378732625,0.002229556441307068,0.024793051183223724,191,191
954,2,0.032011394549882846,0.08914030038948255,0.007945993153527182,0.0018632449209690094,0.02394655905663967,191,191
955,0,0.028218223278952848,0.07236717688704015,0.005237008290600159,0.0010693781077861786,0.025854443199932575,134,134
955,1,0.02894873143549063,0.08501143277346568,0.007226943702197474,0.001218639314174652,0.027495359536260366,134,134
955,2,0.03866071597353291,0.09889466321345931,0.009780154412103543,0.0005211122334003448,0.029274217784404755,134,134
956,0,0.02948259768626568,0.07331937636361698,0.005375730950349716,0.00029696524143218994,0.028084343299269676,88,88
956,1,0.019771877157671206,0.038207892187580264,0.001459843025417757,0.0,0.027487601153552532,88,88
956,2,0.03175997791219164,0.09802168919370123,0.009608251552386564,0.0013428404927253723,0.02648123586550355,88,88
957,0,0.04345069282591857,0.12161994470174135,0.014791410949254626,0.0015403442084789276,0.025128047913312912,290,290
957,1,0.02318965661628493,0.07775864403371026,0.006046406721961263,0.0013961903750896454,0.022320294752717018,290,290
957,2,0.02460945615031082,0.06328268303427537,0.004004697972016563,0.0015148147940635681,0.024134266190230846,290,290
958,0,0.015438233655387242,0.034014274794916054,0.0011569708898240617,0.0016691982746124268,0.023774387314915657,152,152
958,1,0.03099810667826157,0.08663683967234569,0.007505941988411732,0.0014734119176864624,0.028256396297365427,152,152
958,2,0.04028983414173126,0.09400093927439929,0.008836176584469302,0.0018432103097438812,0.02927007293328643,152,152
959,0,0.029325318183432255,0.09223775473827689,0.00850780339915852,0.0006800293922424316,0.024826468899846077,129,129
959,1,0.03371596771703903,0.09107706122144361,0.008295031080734589,0.001645311713218689,0.02857487089931965,129,129
959,2,0.030162824613814667,0.09305495349105519,0.008659224369222444,0.0011930465698242188,0.023036381229758263,129,129
960,0,0.018328972193412483,0.05116527440839681,0.002617885305286546,0.0018653646111488342,0.024888296611607075,200,200
960,1,0.02786118251271546,0.08276798207531956,0.00685053885682042,0.001272786408662796,0.026203876361250877,200,200
960,2,0.025327873933129012,0.08592307907003144,0.007382775516874874,0.0008415505290031433,0.023900063708424568,200,200
961,0,0.026867373822743346,0.0717650588703202,0.005150223674660524,0.0010290145874023438,0.024561572819948196,157,157
961,1,0.03242193457854402,0.10050850196504171,0.010101958967256793,0.0015362352132797241,0.024131255224347115,157,157
961,2,0.02444884472283398,0.08279453526440028,0.006854935069648022,0.0014701783657073975,0.021517068147659302,157,157
962,0,0.02855071562710994,0.07099337698200137,0.005040059575308562,0.0016956813633441925,0.02559166494756937,192,192
962,1,0.030904270519386046,0.10203036840444522,0.010410196076746814,0.0012707747519016266,0.023998224176466465,192,192
962,2,0.02140062119966994,0.0551212492799872,0.003038352122186489,0.0016668811440467834,0.025820311158895493,192,192
963,0,0.017520444342893276,0.04068365983646555,0.0016551601776892398,0.0016910731792449951,0.022218449041247368,209,209
963,1,0.03727453426150471,0.10596083328080945,0.011227698189563495,0.003442510962486267,0.02738381363451481,209,209
963,2,0.04073911602205026,0.11051158409328096,0.01221281021880631,0.0018875151872634888,0.027088940143585205,209,209
964,0,0.029040674957168566,0.0764193979836949,0.005839924388190353,0.0011168643832206726,0.02510574646294117,308,308
964,1,0.03327422651353401,0.09180133659470241,0.008427485400573849,0.002460697665810585,0.024839607998728752,308,308
964,2,0.027109329513116898,0.08011391628226996,0.00641823958208256,0.001583285629749298,0.026082033291459084,308,308
965,0,0.03371011485338552,0.09026441669542506,0.008147664921365332,0.0029383357614278793,0.025367009919136763,262,262
965,1,0.025198248616696995,0.07554835698858749,0.005707554243675055,0.0013978667557239532,0.023306249175220728,262,262
965,2,0.020736071497969726,0.04642028871571059,0.002154843204449928,0.0011836588382720947,0.023142804857343435,262,262
966,0,0.05076096143529436,0.1389985439562111,0.019320595221946756,0.0019374936819076538,0.025850767269730568,169,169
966,1,0.023364304504274618,0.06267310068208963,0.003927917549107344,0.001065075397491455,0.02485037036240101,169,169
966,2,0.04379979973196013,0.10253475674600183,0.010513376340961769,0.0037354938685894012,0.02856593020260334,169,169
967,0,0.037820690358057615,0.09135802569932774,0.008346288859679028,0.00308888778090477,0.027316970750689507,180,180
967,1,0.027444117123054133,0.07144602508252451,0.0051045345000927216,0.0018740259110927582,0.027034778613597155,180,180
967,2,0.03797100403139161,0.12026989533445978,0.01446484772376191,0.00212160125374794,0.027611670549958944,180,180
968,0,0.02475546734141452,0.06521209453533254,0.0042526172736851485,0.001171983778476715,0.023283980786800385,280,280
968,1,0.023128632170015147,0.05836183130103273,0.003406103352810204,0.0020097047090530396,0.025753599125891924,280,280
968,2,0.02011213711063777,0.05229425519596102,0.002734689126500296,0.0014554541558027267,0.023391809314489365,280,280
969,0,0.026953229306465282,0.08436525989829073,0.007117497077706143,0.0015264004468917847,0.024122027680277824,224,224
969,1,0.031177553801431453,0.08215387895558274,0.00674925982744854,0.0019716359674930573,0.024716165848076344,224,224
969,2,0.02611716406369981,0.06910161835539778,0.004775033659335047,0.0013685040175914764,0.0252008275128901,224,224
970,0,0.02999602890310065,0.09512387734539461,0.009048552041221678,0.0013378113508224487,0.023651551455259323,343,343
970,1,0.022130067902820797,0.045967580935925414,0.002113018497100854,0.0027108490467071533,0.02668153867125511,343,343
970,2,0.026365290835782148,0.06486403609287418,0.004207343178257685,0.0023344941437244415,0.027389471419155598,343,343
971,0,0.03152531072624145,0.07695793859464316,0.005922524312736868,0.0016241297125816345,0.026292040944099426,191,191
971,1,0.025226038622216406,0.056781886664380124,0.0032241826531665095,0.0017902553081512451,0.026803167536854744,191,191
971,2,0.04031872997518765,0.10647699268665003,0.011337349971592926,0.0008464045822620392,0.027678984217345715,191,191
972,0,0.03020383617828019,0.09088734050792732,0.008260508664603927,0.0016143545508384705,0.025050612166523933,367,367
972,1,0.023728741916551253,0.06311411624610506,0.003983391669526864,0.0015954747796058655,0.02648480422794819,367,367
972,2,0.027323466169899103,0.06427335119949101,0.004131063674413113,0.0009144842624664307,0.02435086853802204,367,367
973,0,0.02765811248123646,0.05415428926576391,0.0029326870458800326,0.0016737431287765503,0.02743234671652317,125,125
973,1,0.03804158578440547,0.09594298803996479,0.009205056954036827,0.0024350732564926147,0.027421636506915092,125,125
973,2,0.03177935844659805,0.08288411063286037,0.006869775795400237,0.001497894525527954,0.02732105180621147,125,125
974,0,0.03684128125284597,0.12499303514120412,0.01562325883381029,0.0012403465807437897,0.02384158642962575,194,194
974,1,0.017398079458777745,0.040020745267876315,0.0016016600517962444,0.0011239200830459595,0.024639691691845655,194,194
974,2,0.025893591109125577,0.07014640553801012,0.0049205182099029765,0.0013943351805210114,0.024036845192313194,194,194
975,0,0.043278343949673906,0.11778606708395688,0.013873557599106391,0.0020078644156455994,0.029902941547334194,144,144
975,1,0.02492559847370204,0.04514790640645794,0.0020383334528862856,0.0009463652968406677,0.02765848347917199,144,144
975,2,0.032788764704794936,0.07490897752673219,0.005611354914100469,0.0036667659878730774,0.026916353031992912,144,144
976,0,0.022718166967830324,0.054019581828364666,0.0029181152209113857,0.0012005865573883057,0.02481500618159771,237,237
976,1,0.03293267934571339,0.08776685188593861,0.007703020289968285,0.0024326294660568237,0.02490847371518612,237,237
976,2,0.036605175384143485,0.0973692252507882,0.00948076602593873,0.0014932453632354736,0.027027646079659462,237,237
977,0,0.025023717855304828,0.07572815663170399,0.0057347537068358915,0.0011808201670646667,0.02398918941617012,171,171
977,1,0.03076409748401384,0.09315797415567917,0.008678408148790189,0.00138748437166214,0.02158059272915125,171,171
977,2,0.03176318139534945,0.08980915212903143,0.008065683806135511,0.0008679181337356567,0.024635464884340763,171,171
978,0,0.024910110272079084,0.07870089271658379,0.006193830514387232,0.000324934720993042,0.025196160655468702,192,192
978,1,0.037534521982403625,0.1085653790329066,0.011786441524558674,0.001152772456407547,0.02652150858193636,192,192
978,2,0.030141387110537227,0.07008780528669725,0.004912300449905988,0.0013651810586452484,0.026860183104872704,192,192
979,0,0.019853491490812,0.05988812099069933,0.0035865870357966417,0.0011826902627944946,0.023609355092048645,301,301
979,1,0.028406361182935016,0.07587756554817571,0.005757404953517701,0.002070814371109009,0.025468233972787857,301,301
979,2,0.02106697552302153,0.05003446289760782,0.002503447477452094,0.0010012388229370117,0.02562319114804268,301,301
980,0,0.024575894615716406,0.06231513127425104,0.00388317558572714,0.002000384032726288,0.02412815997377038,270,270
980,1,0.02092444932916098,0.06580291437843448,0.00433002354069558,0.0011759400367736816,0.021716180723160505,270,270
980,2,0.023170149714375535,0.06092738899023981,0.003712146729167996,0.00043855607509613037,0.022695285733789206,270,270
981,0,0.02357428613322554,0.04769794491738522,0.0022750939493419147,0.0024544689804315567,0.02519223652780056,128,128
981,1,0.03648144537874032,0.0932321868702002,0.00869224066859993,0.0018923543393611908,0.025745044462382793,128,128
981,2,0.031089421310753096,0.08694508975678276,0.007559448632815012,0.0016334466636180878,0.026007296051830053,128,128
982,0,0.032791067030878585,0.08421241393954207,0.00709173066152478,0.002574935555458069,0.024668319150805473,349,349
982,1,0.02843537123574953,0.07706906983719083,0.0059396415255697985,0.002590969204902649,0.02650369703769684,349,349
982,2,0.031504255618078146,0.07427168419429987,0.0055162830730578144,0.0020005181431770325,0.025674741715192795,349,349
983,0,0.030321777022897903,0.07994841072216483,0.006391748376999959,0.0017542317509651184,0.02706871647387743,203,203
983,1,0.03705423439995115,0.10401717195304423,0.010819572061109173,0.0009902194142341614,0.026287867687642574,203,203
983,2,0.02846017480355325,0.07090819289735076,0.005027971819967904,0.0009883642196655273,0.027534849010407925,203,203
984,0,0.0380302649796193,0.10377229667221291,0.010768689556625771,0.0014517754316329956,0.02603235188871622,243,243
984,1,0.022272993910122555,0.04809888910987824,0.0023135031336043634,0.0011814981698989868,0.026071082800626755,243,243
984,2,0.024726763620604702,0.07842587257276559,0.006150617488799667,0.001731961965560913,0.023133641108870506,243,243
985,0,0.026089272104035326,0.06410439273014597,0.004109373167300792,0.004417083226144314,0.026905793696641922,177,177
985,1,0.019942805049993562,0.04275045961356996,0.0018276017971714767,0.0009719431400299072,0.024816693738102913,177,177
985,2,0.025631058503384308,0.0653828984415563,0.004274923408618865,0.0021490901708602905,0.025594238191843033,177,177
986,0,0.04399634188470932,0.11398243049904846,0.012991994462470412,0.0,0.026141576003283262,26,26
986,1,0.043495905227386035,0.18740419836503122,0.03512033356483997,0.0,0.004338359460234642,26,26
986,2,0.008904047238712128,0.013058304643759733,0.000170519320169237,0.0,0.02485432755202055,26,26
987,0,0.03236767900243555,0.08600605013079309,0.0073970406591004935,0.0020300578325986862,0.02523092133924365,194,194
987,1,0.027217932151073647,0.08729231155958296,0.007619947657415302,0.0010211542248725891,0.020261341240257025,194,194
987,2,0.026018745599545,0.07702018190716137,0.005932108421012227,0.002032797783613205,0.023234549444168806,194,194
988,0,0.019461826480108243,0.07263341574200344,0.005275613082350712,0.0011716783046722412,0.020330043509602547,301,301
988,1,0.021233805285092208,0.050923294254697035,0.00259318189775046,0.0015203803777694702,0.023523613810539246,301,301
988,2,0.02358308992661115,0.06972365439741882,0.004861387982530701,0.001619085669517517,0.025481991469860077,301,301
989,0,0.027598121217330813,0.08953104607673999,0.00801580821159534,0.0013101845979690552,0.02475910261273384,269,269
989,1,0.03850028815776193,0.09402006690868313,0.008839772981513252,0.004515983164310455,0.025618476793169975,269,269
989,2,0.03402304513636132,0.09154715518964625,0.008380881623317174,0.0017018616199493408,0.025396013632416725,269,269
990,0,0.03787885155179538,0.09538464030541655,0.009098229606193695,0.0027072131633758545,0.027390032075345516,160,160
990,1,0.03187323053280124,0.08437691746532258,0.00711946420094986,0.0019230712205171585,0.0278106271289289,160,160
990,2,0.024520635619410314,0.04753309209016274,0.0022593948436518915,0.002754727378487587,0.027048961259424686,160,160
991,0,0.03343411589869195,0.0851234147382069,0.007245995736692781,0.0018371641635894775,0.026065767277032137,270,270
991,1,0.04124963621574419,0.13424166066972168,0.0180208234593647,0.0012075528502464294,0.025719750206917524,270,270
991,2,0.026886500362996703,0.08472460182642517,0.007178258154646289,0.001263730227947235,0.02263217931613326,270,270
992,0,0.024298218683764826,0.06915453923454422,0.004782350296742116,0.0005714744329452515,0.02520604059100151,184,184
992,1,0.024601807969662805,0.07596588557551791,0.005770815771272681,0.001086253672838211,0.024375237058848143,184,184
992,2,0.03678652744881971,0.10114663117061673,0.010230640997164777,0.0007104799151420593,0.023990493267774582,184,184
993,0,0.031223437705532063,0.09774099856921845,0.009553302801307962,0.0005937367677688599,0.025614040903747082,43,43
993,1,0.02566292704364588,0.03960515377716705,0.0015685682057130495,0.003852556459605694,0.027969964779913425,43,43
993,2,0.03879348775588496,0.1124453925193687,0.0126439662988349,0.0,0.024780037812888622,43,43
994,0,0.04750605557452549,0.12595599755270628,0.015864913319497354,0.00278356671333313,0.027030400931835175,165,165
994,1,0.03228023286457315,0.09441547341137099,0.008914281619493302,0.0019250363111495972,0.024539433419704437,165,165
994,2,0.026719809803321507,0.07229441670341685,0.005226482686487278,0.0013135969638824463,0.026166310533881187,165,165
995,0,0.036122036871829015,0.09692477935211102,0.009394412852455406,0.001614980399608612,0.026320877950638533,136,136
995,1,0.04831513317356653,0.13106857349406237,0.01717897095776843,0.0021265074610710144,0.026152387727051973,136,136
995,2,0.02803610305657939,0.08267141774170263,0.006834563311423104,0.0013088136911392212,0.0244151814840734,136,136
996,0,0.020938998324951778,0.03683377924593237,0.0013567272935380782,0.00189247727394104,0.027204151265323162,240,240
996,1,0.02241510245560979,0.05866664584033297,0.003441775334155058,0.0016287602484226227,0.026395294815301895,240,240
996,2,0.03694616904249415,0.10788276009413361,0.011638689925528389,0.0014825798571109772,0.02622007019817829,240,240
997,0,0.038041326899601276,0.10491549857094276,0.011007261840389491,0.002100342884659767,0.025790564250200987,258,258
997,1,0.021034665026723645,0.06532045683904208,0.004266762081661159,0.0010945796966552734,0.023199401795864105,258,258
997,2,0.026774910155885904,0.07308121882974605,0.005340864545641228,0.00146590918302536,0.023359653539955616,258,258
998,0,0.020679465563934758,0.05107823152314452,0.002608985735531955,0.0013355240225791931,0.024821690283715725,507,507
998,1,0.021355525772335262,0.054345153064927605,0.00295339566165041,0.0009831637144088745,0.025449832901358604,507,507
998,2,0.029912098749913643,0.09200252995795044,0.00846446551866357,0.0013428926467895508,0.024755151942372322,507,507
999,0,0.025741717124087665,0.07003652006855093,0.0049051141433125375,0.0020874962210655212,0.024002736434340477,262,262
999,1,0.018488288252749514,0.04195917364979788,0.0017605722533738924,0.0012305602431297302,0.023858181666582823,262,262
999,2,0.028605230870649558,0.08364416060478312,0.006996345603278753,0.0022433530539274216,0.025359924882650375,262,262
